Siedlungs-Code,Flächen-Code,Typ,Bauart,Energiebedarf,Versorgungsart,Dichte,Erschließung (Segm.),Erschließung (Sied.),GWP,GWP ohne Strom,GWP für Bauwerk (KG 300),310 Erdaushub Keller,322 Bodenplatte,325 Bodenbelag,331 Außenwand,334 Außentüren,339 Kellerwände,334 Fenster,341 Innenwände tragend (inkl. Aufzugschacht),342 Innenwände,344 Innentüren,351 Decken,351 Treppe,361 Dach,GWP für Haustechnik (KG 400),"410 Abwasser, Trinkwasser",420 Wärmeversorgung,430 Lüftung,440 Strom,460 Aufzug,GWP für gesamte Geb.- Erschliessung (KG 500),500 Quartiersstrom,500 Quartierswasserleitung,510 Erdaushub Leitungen,510 Erdaushub Garagen,521 Gehweg Radweg,522 Straße,524 Stellplätze,524 Hochgaragen,524 Tiefgaragen,Summe Betrieb & Nutzstrom,GWP für Wärmeversorgung (B6),GWP für Nutzstrom,Nr.,Gebäudetyp,Straßenform/ Erschließungstyp,Gesamtfläche,Straßenflächen (öffentlich),Rad- und Gehwegflächen (öffentlich),Oberirdische Stellplatzflächen (öffentlich),Grundflächen Wohngebäude (brutto),Flächen Tiefgaragen (brutto) (2),Flächen Tiefgaragen (netto) (3),Quartiers-GRZ,Quartiers-GFZ,Obergeschosse,BGF (m²) inkl. oberirdische Garagen,BGF (m²) Wohnen (inkl. Keller),Nettowohnfläche NUF (m2),Nettoraumfläche NRF (m2),A/V-Verhältnis Wohngebäude,Anzahl Gebäude/ Kachel,Nettowohnfläche pro Person (8) (statistisch),Bewohner Kachel insg. (rechnerisch),WE Kachel insg. (rechnerisch),GWP / m² NRF,Tiefgarage,Verkehrsfläche gesamt m²,Person_GWP,Person_GWP (GWP ohne Strom),Person_GWP (KG 300),Person_GWP (310 Erdaushub Keller),Person_GWP (322 Bodenplatte),Person_GWP (325 Bodenbelag),Person_GWP (331 Außenwand),Person_GWP (334 Außentüren),Person_GWP (339 Kellerwände),Person_GWP (334 Fenster),Person_GWP (341 Innenwände tragend (inkl. Aufzugschacht)),Person_GWP (342 Innenwände),Person_GWP (344 Innentüren),Person_GWP (351 Decken),Person_GWP (351 Treppe),Person_GWP (361 Dach),Person_GWP (KG 400),"Person_GWP (410 Abwasser, Trinkwasser)",Person_GWP (420 Wärmeversorgung),Person_GWP (430 Lüftung),Person_GWP (440 Strom),Person_GWP (460 Aufzug),Person_GWP (KG 500),Person_GWP (500 Quartiersstrom),Person_GWP (500 Quartierswasserleitung),Person_GWP (510 Erdaushub Leitungen),Person_GWP (510 Erdaushub Garagen),Person_GWP (521 Gehweg Radweg),Person_GWP (522 Straße),Person_GWP (524 Stellplätze),Person_GWP (524 Hochgaragen),Person_GWP (524 Tiefgaragen),Person_GWP (Summe Betrieb & Nutzstrom),Person_GWP (B6),Person_GWP (GWP für Nutzstrom)
EH15NGGI,EH15NGGI,EFH,Holz,15 kWh,Nahwärme kalt,gering,Kreuzung,Gitter,169119,169119.1549190092,58881.9750857143,1132.5384000000001,12955.02,5462.376000000001,7694.738399999999,1008.0,4590.3,4463.494285714287,1886.4,2154.48,100.8,4859.7480000000005,35.4,12538.68,66210.1,855.0,62105.472293602565,1772.6688000000001,1476.9455520000001,0.0,25140,559.6500000000001,1368.0,54.6,34.776,6647.34,8310.96,5140.800000000001,3024.0,0.0,18887,18886.96718769231,0.0,100.0,EFH,Gitter,60000.0,6984.0,5586.0,4080.0,5862.0,,,0.1127,0.16155,1.5,9693.0,11724.0,7034.400000000001,9379.2,0.7694862277788631,60.0,51.0,137.9294117647059,60.0,18.03129850296498,False,16650.0,1226.13,1226.13,426.9,8.21,93.92,39.6,55.79,7.31,33.28,32.36,13.68,15.62,0.73,35.23,0.26,90.91,480.03,6.2,450.27,12.85,10.71,0.0,182.27,4.06,9.92,0.4,0.25,48.19,60.26,37.27,21.92,0.0,136.93,136.93,0.0
EH15LGGI,EH15LGGI,EFH,Holz,15 kWh,LW Wärmepumpe,gering,Kreuzung,Gitter,117035,117034.63872988134,58881.9750857143,1132.5384000000001,12955.02,5462.376000000001,7694.738399999999,1008.0,4590.3,4463.494285714287,1886.4,2154.48,100.8,4859.7480000000005,35.4,12538.68,8862.0,855.0,4757.37508495392,1772.6688000000001,1476.9455520000001,0.0,25140,559.6500000000001,1368.0,54.6,34.776,6647.34,8310.96,5140.800000000001,3024.0,0.0,24151,24150.548207213116,0.0,100.0,EFH,Gitter,60000.0,6984.0,5586.0,4080.0,5862.0,,,0.1127,0.16155,1.5,9693.0,11724.0,7034.400000000001,9379.2,0.7694862277788631,60.0,51.0,137.9294117647059,60.0,12.478104606990076,False,16650.0,848.51,848.51,426.9,8.21,93.92,39.6,55.79,7.31,33.28,32.36,13.68,15.62,0.73,35.23,0.26,90.91,64.25,6.2,34.49,12.85,10.71,0.0,182.27,4.06,9.92,0.4,0.25,48.19,60.26,37.27,21.92,0.0,175.1,175.09,0.0
EH15EGGI,EH15EGGI,EFH,Holz,15 kWh,Erdgas,gering,Kreuzung,Gitter,139370,139370.3763910567,58881.9750857143,1132.5384000000001,12955.02,5462.376000000001,7694.738399999999,1008.0,4590.3,4463.494285714287,1886.4,2154.48,100.8,4859.7480000000005,35.4,12538.68,12057.4,855.0,7952.7440573424,1772.6688000000001,1476.9455520000001,0.0,25140,559.6500000000001,1368.0,54.6,34.776,6647.34,8310.96,5140.800000000001,3024.0,0.0,43291,43290.916895999995,0.0,100.0,EFH,Gitter,60000.0,6984.0,5586.0,4080.0,5862.0,,,0.1127,0.16155,1.5,9693.0,11724.0,7034.400000000001,9379.2,0.7694862277788631,60.0,51.0,137.9294117647059,60.0,14.859516418357288,False,16650.0,1010.44,1010.45,426.9,8.21,93.92,39.6,55.79,7.31,33.28,32.36,13.68,15.62,0.73,35.23,0.26,90.91,87.42,6.2,57.66,12.85,10.71,0.0,182.27,4.06,9.92,0.4,0.25,48.19,60.26,37.27,21.92,0.0,313.86,313.86,0.0
EH30NGGI,EH30NGGI,EFH,Holz,30 kWh,Nahwärme kalt,gering,Kreuzung,Gitter,177906,177906.08961230682,56927.23028571429,1132.5384000000001,11958.48,5462.376000000001,6980.793599999999,1008.0,4590.3,4463.494285714287,1886.4,2154.48,100.8,4859.7480000000005,35.4,12294.42,66670.7,855.0,62566.10563305408,1772.6688000000001,1476.9455520000001,0.0,25140,559.6500000000001,1368.0,54.6,34.776,6647.34,8310.96,5140.800000000001,3024.0,0.0,29168,29168.01334153846,0.0,100.0,EFH,Gitter,60000.0,6984.0,5586.0,4080.0,5862.0,,,0.1127,0.16155,1.5,9693.0,11724.0,7034.400000000001,9379.2,0.7694862277788631,60.0,51.0,137.9294117647059,60.0,18.96815182662773,False,16650.0,1289.83,1289.83,412.73,8.21,86.7,39.6,50.61,7.31,33.28,32.36,13.68,15.62,0.73,35.23,0.26,89.14,483.37,6.2,453.61,12.85,10.71,0.0,182.27,4.06,9.92,0.4,0.25,48.19,60.26,37.27,21.92,0.0,211.47,211.47,0.0
EH30LGGI,EH30LGGI,EFH,Holz,30 kWh,LW Wärmepumpe,gering,Kreuzung,Gitter,128443,128443.35208850945,56927.23028571429,1132.5384000000001,11958.48,5462.376000000001,6980.793599999999,1008.0,4590.3,4463.494285714287,1886.4,2154.48,100.8,4859.7480000000005,35.4,12294.42,9079.2,855.0,4974.5775058771205,1772.6688000000001,1476.9455520000001,0.0,25140,559.6500000000001,1368.0,54.6,34.776,6647.34,8310.96,5140.800000000001,3024.0,0.0,37297,37296.80394491803,0.0,100.0,EFH,Gitter,60000.0,6984.0,5586.0,4080.0,5862.0,,,0.1127,0.16155,1.5,9693.0,11724.0,7034.400000000001,9379.2,0.7694862277788631,60.0,51.0,137.9294117647059,60.0,13.694489091661275,False,16650.0,931.22,931.23,412.73,8.21,86.7,39.6,50.61,7.31,33.28,32.36,13.68,15.62,0.73,35.23,0.26,89.14,65.82,6.2,36.07,12.85,10.71,0.0,182.27,4.06,9.92,0.4,0.25,48.19,60.26,37.27,21.92,0.0,270.41,270.41,0.0
EH30EGGI,EH30EGGI,EFH,Holz,30 kWh,Erdgas,gering,Kreuzung,Gitter,160981,160980.8715910567,56927.23028571429,1132.5384000000001,11958.48,5462.376000000001,6980.793599999999,1008.0,4590.3,4463.494285714287,1886.4,2154.48,100.8,4859.7480000000005,35.4,12294.42,12057.4,855.0,7952.7440573424,1772.6688000000001,1476.9455520000001,0.0,25140,559.6500000000001,1368.0,54.6,34.776,6647.34,8310.96,5140.800000000001,3024.0,0.0,66856,66856.156896,0.0,100.0,EFH,Gitter,60000.0,6984.0,5586.0,4080.0,5862.0,,,0.1127,0.16155,1.5,9693.0,11724.0,7034.400000000001,9379.2,0.7694862277788631,60.0,51.0,137.9294117647059,60.0,17.16360367526619,False,16650.0,1167.13,1167.13,412.73,8.21,86.7,39.6,50.61,7.31,33.28,32.36,13.68,15.62,0.73,35.23,0.26,89.14,87.42,6.2,57.66,12.85,10.71,0.0,182.27,4.06,9.92,0.4,0.25,48.19,60.26,37.27,21.92,0.0,484.71,484.71,0.0
EH70NGGI,EH70NGGI,EFH,Holz,70 kWh,Nahwärme kalt,gering,Kreuzung,Gitter,204829,204829.17718842192,54728.2254857143,1132.5384000000001,10961.94,5462.376000000001,6266.8488,1008.0,4590.3,4463.494285714287,1886.4,2154.48,100.8,4859.7480000000005,35.4,11805.9,68376.7,855.0,64272.07493224609,1772.6688000000001,1476.9455520000001,0.0,25140,559.6500000000001,1368.0,54.6,34.776,6647.34,8310.96,5140.800000000001,3024.0,0.0,56584,56584.136418461545,0.0,100.0,EFH,Gitter,60000.0,6984.0,5586.0,4080.0,5862.0,,,0.1127,0.16155,1.5,9693.0,11724.0,7034.400000000001,9379.2,0.7694862277788631,60.0,51.0,137.9294117647059,60.0,21.838661846257878,False,16650.0,1485.03,1485.03,396.78,8.21,79.47,39.6,45.44,7.31,33.28,32.36,13.68,15.62,0.73,35.23,0.26,85.59,495.74,6.2,465.98,12.85,10.71,0.0,182.27,4.06,9.92,0.4,0.25,48.19,60.26,37.27,21.92,0.0,410.24,410.24,0.0
EH70LGGI,EH70LGGI,EFH,Holz,70 kWh,LW Wärmepumpe,gering,Kreuzung,Gitter,162356,162355.8703263437,54728.2254857143,1132.5384000000001,10961.94,5462.376000000001,6266.8488,1008.0,4590.3,4463.494285714287,1886.4,2154.48,100.8,4859.7480000000005,35.4,11805.9,10134.0,855.0,6029.41857649824,1772.6688000000001,1476.9455520000001,0.0,25140,559.6500000000001,1368.0,54.6,34.776,6647.34,8310.96,5140.800000000001,3024.0,0.0,72353,72353.48591213115,0.0,100.0,EFH,Gitter,60000.0,6984.0,5586.0,4080.0,5862.0,,,0.1127,0.16155,1.5,9693.0,11724.0,7034.400000000001,9379.2,0.7694862277788631,60.0,51.0,137.9294117647059,60.0,17.310204529847287,False,16650.0,1177.09,1177.09,396.78,8.21,79.47,39.6,45.44,7.31,33.28,32.36,13.68,15.62,0.73,35.23,0.26,85.59,73.47,6.2,43.71,12.85,10.71,0.0,182.27,4.06,9.92,0.4,0.25,48.19,60.26,37.27,21.92,0.0,524.57,524.57,0.0
EH70EGGI,EH70EGGI,EFH,Holz,70 kWh,Erdgas,gering,Kreuzung,Gitter,221623,221622.50679105672,54728.2254857143,1132.5384000000001,10961.94,5462.376000000001,6266.8488,1008.0,4590.3,4463.494285714287,1886.4,2154.48,100.8,4859.7480000000005,35.4,11805.9,12057.4,855.0,7952.7440573424,1772.6688000000001,1476.9455520000001,0.0,25140,559.6500000000001,1368.0,54.6,34.776,6647.34,8310.96,5140.800000000001,3024.0,0.0,129697,129696.79689600001,0.0,100.0,EFH,Gitter,60000.0,6984.0,5586.0,4080.0,5862.0,,,0.1127,0.16155,1.5,9693.0,11724.0,7034.400000000001,9379.2,0.7694862277788631,60.0,51.0,137.9294117647059,60.0,23.629148199319417,False,16650.0,1606.79,1606.78,396.78,8.21,79.47,39.6,45.44,7.31,33.28,32.36,13.68,15.62,0.73,35.23,0.26,85.59,87.42,6.2,57.66,12.85,10.71,0.0,182.27,4.06,9.92,0.4,0.25,48.19,60.26,37.27,21.92,0.0,940.31,940.31,0.0
EM15NGGI,EM15NGGI,EFH,Massiv,15 kWh,Nahwärme kalt,gering,Kreuzung,Gitter,179932,179932.10051900917,69694.9206857143,1132.5384000000001,12955.02,5462.376000000001,16262.075999999997,1008.0,4590.3,4463.494285714287,2966.4,2842.08,100.8,5337.756000000001,35.4,12538.68,66210.1,855.0,62105.472293602565,1772.6688000000001,1476.9455520000001,0.0,25140,559.6500000000001,1368.0,54.6,34.776,6647.34,8310.96,5140.800000000001,3024.0,0.0,18887,18886.96718769231,0.0,100.0,EFH,Gitter,60000.0,6984.0,5586.0,4080.0,5862.0,,,0.1127,0.16155,1.5,9693.0,11724.0,7034.400000000001,9379.2,0.7694862277788631,60.0,51.0,137.9294117647059,60.0,19.1841628837224,False,16650.0,1304.52,1304.52,505.29,8.21,93.92,39.6,117.9,7.31,33.28,32.36,21.51,20.61,0.73,38.7,0.26,90.91,480.03,6.2,450.27,12.85,10.71,0.0,182.27,4.06,9.92,0.4,0.25,48.19,60.26,37.27,21.92,0.0,136.93,136.93,0.0
EM15LGGI,EM15LGGI,EFH,Massiv,15 kWh,LW Wärmepumpe,gering,Kreuzung,Gitter,127848,127847.58432988134,69694.9206857143,1132.5384000000001,12955.02,5462.376000000001,16262.075999999997,1008.0,4590.3,4463.494285714287,2966.4,2842.08,100.8,5337.756000000001,35.4,12538.68,8862.0,855.0,4757.37508495392,1772.6688000000001,1476.9455520000001,0.0,25140,559.6500000000001,1368.0,54.6,34.776,6647.34,8310.96,5140.800000000001,3024.0,0.0,24151,24150.548207213116,0.0,100.0,EFH,Gitter,60000.0,6984.0,5586.0,4080.0,5862.0,,,0.1127,0.16155,1.5,9693.0,11724.0,7034.400000000001,9379.2,0.7694862277788631,60.0,51.0,137.9294117647059,60.0,13.630968987747497,False,16650.0,926.91,926.91,505.29,8.21,93.92,39.6,117.9,7.31,33.28,32.36,21.51,20.61,0.73,38.7,0.26,90.91,64.25,6.2,34.49,12.85,10.71,0.0,182.27,4.06,9.92,0.4,0.25,48.19,60.26,37.27,21.92,0.0,175.1,175.09,0.0
EM15EGGI,EM15EGGI,EFH,Massiv,15 kWh,Erdgas,gering,Kreuzung,Gitter,150183,150183.3219910567,69694.9206857143,1132.5384000000001,12955.02,5462.376000000001,16262.075999999997,1008.0,4590.3,4463.494285714287,2966.4,2842.08,100.8,5337.756000000001,35.4,12538.68,12057.4,855.0,7952.7440573424,1772.6688000000001,1476.9455520000001,0.0,25140,559.6500000000001,1368.0,54.6,34.776,6647.34,8310.96,5140.800000000001,3024.0,0.0,43291,43290.916895999995,0.0,100.0,EFH,Gitter,60000.0,6984.0,5586.0,4080.0,5862.0,,,0.1127,0.16155,1.5,9693.0,11724.0,7034.400000000001,9379.2,0.7694862277788631,60.0,51.0,137.9294117647059,60.0,16.01238079911471,False,16650.0,1088.84,1088.84,505.29,8.21,93.92,39.6,117.9,7.31,33.28,32.36,21.51,20.61,0.73,38.7,0.26,90.91,87.42,6.2,57.66,12.85,10.71,0.0,182.27,4.06,9.92,0.4,0.25,48.19,60.26,37.27,21.92,0.0,313.86,313.86,0.0
EM30NGGI,EM30NGGI,EFH,Massiv,30 kWh,Nahwärme kalt,gering,Kreuzung,Gitter,188560,188560.38081230686,67581.5214857143,1132.5384000000001,11958.48,5462.376000000001,15389.476799999999,1008.0,4590.3,4463.494285714287,2966.4,2842.08,100.8,5337.756000000001,35.4,12294.42,66670.7,855.0,62566.10563305408,1772.6688000000001,1476.9455520000001,0.0,25140,559.6500000000001,1368.0,54.6,34.776,6647.34,8310.96,5140.800000000001,3024.0,0.0,29168,29168.01334153846,0.0,100.0,EFH,Gitter,60000.0,6984.0,5586.0,4080.0,5862.0,,,0.1127,0.16155,1.5,9693.0,11724.0,7034.400000000001,9379.2,0.7694862277788631,60.0,51.0,137.9294117647059,60.0,20.104100649555058,False,16650.0,1367.08,1367.08,489.97,8.21,86.7,39.6,111.58,7.31,33.28,32.36,21.51,20.61,0.73,38.7,0.26,89.14,483.37,6.2,453.61,12.85,10.71,0.0,182.27,4.06,9.92,0.4,0.25,48.19,60.26,37.27,21.92,0.0,211.47,211.47,0.0
EM30LGGI,EM30LGGI,EFH,Massiv,30 kWh,LW Wärmepumpe,gering,Kreuzung,Gitter,139098,139097.64328850945,67581.5214857143,1132.5384000000001,11958.48,5462.376000000001,15389.476799999999,1008.0,4590.3,4463.494285714287,2966.4,2842.08,100.8,5337.756000000001,35.4,12294.42,9079.2,855.0,4974.5775058771205,1772.6688000000001,1476.9455520000001,0.0,25140,559.6500000000001,1368.0,54.6,34.776,6647.34,8310.96,5140.800000000001,3024.0,0.0,37297,37296.80394491803,0.0,100.0,EFH,Gitter,60000.0,6984.0,5586.0,4080.0,5862.0,,,0.1127,0.16155,1.5,9693.0,11724.0,7034.400000000001,9379.2,0.7694862277788631,60.0,51.0,137.9294117647059,60.0,14.830437914588604,False,16650.0,1008.47,1008.47,489.97,8.21,86.7,39.6,111.58,7.31,33.28,32.36,21.51,20.61,0.73,38.7,0.26,89.14,65.82,6.2,36.07,12.85,10.71,0.0,182.27,4.06,9.92,0.4,0.25,48.19,60.26,37.27,21.92,0.0,270.41,270.41,0.0
EM30EGGI,EM30EGGI,EFH,Massiv,30 kWh,Erdgas,gering,Kreuzung,Gitter,171635,171635.1627910567,67581.5214857143,1132.5384000000001,11958.48,5462.376000000001,15389.476799999999,1008.0,4590.3,4463.494285714287,2966.4,2842.08,100.8,5337.756000000001,35.4,12294.42,12057.4,855.0,7952.7440573424,1772.6688000000001,1476.9455520000001,0.0,25140,559.6500000000001,1368.0,54.6,34.776,6647.34,8310.96,5140.800000000001,3024.0,0.0,66856,66856.156896,0.0,100.0,EFH,Gitter,60000.0,6984.0,5586.0,4080.0,5862.0,,,0.1127,0.16155,1.5,9693.0,11724.0,7034.400000000001,9379.2,0.7694862277788631,60.0,51.0,137.9294117647059,60.0,18.29955249819352,False,16650.0,1244.37,1244.37,489.97,8.21,86.7,39.6,111.58,7.31,33.28,32.36,21.51,20.61,0.73,38.7,0.26,89.14,87.42,6.2,57.66,12.85,10.71,0.0,182.27,4.06,9.92,0.4,0.25,48.19,60.26,37.27,21.92,0.0,484.71,484.71,0.0
EM70NGGI,EM70NGGI,EFH,Massiv,70 kWh,Nahwärme kalt,gering,Kreuzung,Gitter,214373,214372.88758842196,64271.9358857143,1132.5384000000001,10961.94,5462.376000000001,13564.951199999998,1008.0,4590.3,4463.494285714287,2966.4,2842.08,100.8,5337.756000000001,35.4,11805.9,68376.7,855.0,64272.07493224609,1772.6688000000001,1476.9455520000001,0.0,25140,559.6500000000001,1368.0,54.6,34.776,6647.34,8310.96,5140.800000000001,3024.0,0.0,56584,56584.136418461545,0.0,100.0,EFH,Gitter,60000.0,6984.0,5586.0,4080.0,5862.0,,,0.1127,0.16155,1.5,9693.0,11724.0,7034.400000000001,9379.2,0.7694862277788631,60.0,51.0,137.9294117647059,60.0,22.85620176437456,False,16650.0,1554.22,1554.22,465.98,8.21,79.47,39.6,98.35,7.31,33.28,32.36,21.51,20.61,0.73,38.7,0.26,85.59,495.74,6.2,465.98,12.85,10.71,0.0,182.27,4.06,9.92,0.4,0.25,48.19,60.26,37.27,21.92,0.0,410.24,410.24,0.0
EM70LGGI,EM70LGGI,EFH,Massiv,70 kWh,LW Wärmepumpe,gering,Kreuzung,Gitter,171900,171899.58072634367,64271.9358857143,1132.5384000000001,10961.94,5462.376000000001,13564.951199999998,1008.0,4590.3,4463.494285714287,2966.4,2842.08,100.8,5337.756000000001,35.4,11805.9,10134.0,855.0,6029.41857649824,1772.6688000000001,1476.9455520000001,0.0,25140,559.6500000000001,1368.0,54.6,34.776,6647.34,8310.96,5140.800000000001,3024.0,0.0,72353,72353.48591213115,0.0,100.0,EFH,Gitter,60000.0,6984.0,5586.0,4080.0,5862.0,,,0.1127,0.16155,1.5,9693.0,11724.0,7034.400000000001,9379.2,0.7694862277788631,60.0,51.0,137.9294117647059,60.0,18.32774444796397,False,16650.0,1246.29,1246.29,465.98,8.21,79.47,39.6,98.35,7.31,33.28,32.36,21.51,20.61,0.73,38.7,0.26,85.59,73.47,6.2,43.71,12.85,10.71,0.0,182.27,4.06,9.92,0.4,0.25,48.19,60.26,37.27,21.92,0.0,524.57,524.57,0.0
EM70EGGI,EM70EGGI,EFH,Massiv,70 kWh,Erdgas,gering,Kreuzung,Gitter,231166,231166.2171910567,64271.9358857143,1132.5384000000001,10961.94,5462.376000000001,13564.951199999998,1008.0,4590.3,4463.494285714287,2966.4,2842.08,100.8,5337.756000000001,35.4,11805.9,12057.4,855.0,7952.7440573424,1772.6688000000001,1476.9455520000001,0.0,25140,559.6500000000001,1368.0,54.6,34.776,6647.34,8310.96,5140.800000000001,3024.0,0.0,129697,129696.79689600001,0.0,100.0,EFH,Gitter,60000.0,6984.0,5586.0,4080.0,5862.0,,,0.1127,0.16155,1.5,9693.0,11724.0,7034.400000000001,9379.2,0.7694862277788631,60.0,51.0,137.9294117647059,60.0,24.6466881174361,False,16650.0,1675.97,1675.97,465.98,8.21,79.47,39.6,98.35,7.31,33.28,32.36,21.51,20.61,0.73,38.7,0.26,85.59,87.42,6.2,57.66,12.85,10.71,0.0,182.27,4.06,9.92,0.4,0.25,48.19,60.26,37.27,21.92,0.0,940.31,940.31,0.0
DH15NGGI,DH15NGGI,DH,Holz,15 kWh,Nahwärme kalt,gering,Kreuzung,Gitter,183600,183599.51496197403,63985.94022857144,1321.4880000000003,15116.4,6427.4400000000005,6220.6488,907.2,3963.96,5208.17142857143,2260.8,3011.7599999999998,90.72,5753.5199999999995,21.24,13682.592000000002,71776.4,1026.0,66956.2339087872,2068.4159999999997,1725.77664,0.0,25799,602.7,1368.0,58.800000000000004,41.73120000000001,6647.34,8310.96,5140.800000000001,3628.7999999999997,0.0,22038,22038.016984615384,0.0,200.0,DH,Gitter,60000.0,6984.0,5586.0,4080.0,6840.0,,,0.132,0.189,1.5,11340.0,13680.0,8208.0,10944.0,0.6285176470588236,36.0,47.0,174.63829787234042,72.0,16.77627146947862,False,16650.0,1051.32,1051.31,366.39,7.57,86.56,36.8,35.62,5.19,22.7,29.82,12.95,17.25,0.52,32.95,0.12,78.35,411.0,5.88,383.4,11.84,9.88,0.0,147.73,3.45,7.83,0.34,0.24,38.06,47.59,29.44,20.78,0.0,126.19,126.19,0.0
DH15LGGI,DH15LGGI,DH,Holz,15 kWh,LW Wärmepumpe,gering,Kreuzung,Gitter,127232,127232.12509486306,63985.94022857144,1321.4880000000003,15116.4,6427.4400000000005,6220.6488,907.2,3963.96,5208.17142857143,2260.8,3011.7599999999998,90.72,5753.5199999999995,21.24,13682.592000000002,9267.3,1026.0,4447.1016033408,2068.4159999999997,1725.77664,0.0,25799,602.7,1368.0,58.800000000000004,41.73120000000001,6647.34,8310.96,5140.800000000001,3628.7999999999997,0.0,28180,28179.759422950825,0.0,200.0,DH,Gitter,60000.0,6984.0,5586.0,4080.0,6840.0,,,0.132,0.189,1.5,11340.0,13680.0,8208.0,10944.0,0.6285176470588236,36.0,47.0,174.63829787234042,72.0,11.625742424603715,False,16650.0,728.55,728.55,366.39,7.57,86.56,36.8,35.62,5.19,22.7,29.82,12.95,17.25,0.52,32.95,0.12,78.35,53.07,5.88,25.46,11.84,9.88,0.0,147.73,3.45,7.83,0.34,0.24,38.06,47.59,29.44,20.78,0.0,161.36,161.36,0.0
DH15EGGI,DH15EGGI,DH,Holz,15 kWh,Erdgas,gering,Kreuzung,Gitter,151491,151490.59023262904,63985.94022857144,1321.4880000000003,15116.4,6427.4400000000005,6220.6488,907.2,3963.96,5208.17142857143,2260.8,3011.7599999999998,90.72,5753.5199999999995,21.24,13682.592000000002,11192.1,1026.0,6371.8714440576,2068.4159999999997,1725.77664,0.0,25799,602.7,1368.0,58.800000000000004,41.73120000000001,6647.34,8310.96,5140.800000000001,3628.7999999999997,0.0,50513,50513.45472,0.0,200.0,DH,Gitter,60000.0,6984.0,5586.0,4080.0,6840.0,,,0.132,0.189,1.5,11340.0,13680.0,8208.0,10944.0,0.6285176470588236,36.0,47.0,174.63829787234042,72.0,13.84234194377093,False,16650.0,867.46,867.45,366.39,7.57,86.56,36.8,35.62,5.19,22.7,29.82,12.95,17.25,0.52,32.95,0.12,78.35,64.09,5.88,36.49,11.84,9.88,0.0,147.73,3.45,7.83,0.34,0.24,38.06,47.59,29.44,20.78,0.0,289.24,289.25,0.0
DH30NGGI,DH30NGGI,DH,Holz,30 kWh,Nahwärme kalt,gering,Kreuzung,Gitter,194413,194412.7989811681,61979.42262857143,1321.4880000000003,13953.6,6427.4400000000005,5643.4752,907.2,3963.96,5208.17142857143,2260.8,3011.7599999999998,90.72,5753.5199999999995,21.24,13416.048000000003,72599.9,1026.0,67779.7278356736,2068.4159999999997,1725.77664,0.0,25799,602.7,1368.0,58.800000000000004,41.73120000000001,6647.34,8310.96,5140.800000000001,3628.7999999999997,0.0,34034,34034.32467692307,0.0,200.0,DH,Gitter,60000.0,6984.0,5586.0,4080.0,6840.0,,,0.132,0.189,1.5,11340.0,13680.0,8208.0,10944.0,0.6285176470588236,36.0,47.0,174.63829787234042,72.0,17.764327392285097,False,16650.0,1113.23,1113.23,354.9,7.57,79.9,36.8,32.32,5.19,22.7,29.82,12.95,17.25,0.52,32.95,0.12,76.82,415.72,5.88,388.11,11.84,9.88,0.0,147.73,3.45,7.83,0.34,0.24,38.06,47.59,29.44,20.78,0.0,194.88,194.88,0.0
DH30LGGI,DH30LGGI,DH,Holz,30 kWh,LW Wärmepumpe,gering,Kreuzung,Gitter,141104,141103.68657278642,61979.42262857143,1321.4880000000003,13953.6,6427.4400000000005,5643.4752,907.2,3963.96,5208.17142857143,2260.8,3011.7599999999998,90.72,5753.5199999999995,21.24,13416.048000000003,9805.8,1026.0,4985.6396976576,2068.4159999999997,1725.77664,0.0,25799,602.7,1368.0,58.800000000000004,41.73120000000001,6647.34,8310.96,5140.800000000001,3628.7999999999997,0.0,43519,43519.30040655738,0.0,200.0,DH,Gitter,60000.0,6984.0,5586.0,4080.0,6840.0,,,0.132,0.189,1.5,11340.0,13680.0,8208.0,10944.0,0.6285176470588236,36.0,47.0,174.63829787234042,72.0,12.89324621461864,False,16650.0,807.98,807.98,354.9,7.57,79.9,36.8,32.32,5.19,22.7,29.82,12.95,17.25,0.52,32.95,0.12,76.82,56.15,5.88,28.55,11.84,9.88,0.0,147.73,3.45,7.83,0.34,0.24,38.06,47.59,29.44,20.78,0.0,249.2,249.2,0.0
DH30EGGI,DH30EGGI,DH,Holz,30 kWh,Erdgas,gering,Kreuzung,Gitter,177307,177307.43409598904,61979.42262857143,1321.4880000000003,13953.6,6427.4400000000005,5643.4752,907.2,3963.96,5208.17142857143,2260.8,3011.7599999999998,90.72,5753.5199999999995,21.24,13416.048000000003,11518.6,1026.0,6698.4329074176,2068.4159999999997,1725.77664,0.0,25799,602.7,1368.0,58.800000000000004,41.73120000000001,6647.34,8310.96,5140.800000000001,3628.7999999999997,0.0,78010,78010.25472,0.0,200.0,DH,Gitter,60000.0,6984.0,5586.0,4080.0,6840.0,,,0.132,0.189,1.5,11340.0,13680.0,8208.0,10944.0,0.6285176470588236,36.0,47.0,174.63829787234042,72.0,16.201337179823557,False,16650.0,1015.28,1015.28,354.9,7.57,79.9,36.8,32.32,5.19,22.7,29.82,12.95,17.25,0.52,32.95,0.12,76.82,65.96,5.88,38.36,11.84,9.88,0.0,147.73,3.45,7.83,0.34,0.24,38.06,47.59,29.44,20.78,0.0,446.69,446.7,0.0
DH70NGGI,DH70NGGI,DH,Holz,70 kWh,Nahwärme kalt,gering,Kreuzung,Gitter,226323,226322.91373114276,59706.36102857143,1321.4880000000003,12790.800000000001,6427.4400000000005,5066.3016,907.2,3963.96,5208.17142857143,2260.8,3011.7599999999998,90.72,5753.5199999999995,21.24,12882.960000000001,74792.9,1026.0,69972.7503394944,2068.4159999999997,1725.77664,0.0,25799,602.7,1368.0,58.800000000000004,41.73120000000001,6647.34,8310.96,5140.800000000001,3628.7999999999997,0.0,66024,66024.47852307693,0.0,200.0,DH,Gitter,60000.0,6984.0,5586.0,4080.0,6840.0,,,0.132,0.189,1.5,11340.0,13680.0,8208.0,10944.0,0.6285176470588236,36.0,47.0,174.63829787234042,72.0,20.68009080145676,False,16650.0,1295.95,1295.95,341.89,7.57,73.24,36.8,29.01,5.19,22.7,29.82,12.95,17.25,0.52,32.95,0.12,73.77,428.27,5.88,400.67,11.84,9.88,0.0,147.73,3.45,7.83,0.34,0.24,38.06,47.59,29.44,20.78,0.0,378.06,378.06,0.0
DH70LGGI,DH70LGGI,DH,Holz,70 kWh,LW Wärmepumpe,gering,Kreuzung,Gitter,181169,181169.20788046686,59706.36102857143,1321.4880000000003,12790.800000000001,6427.4400000000005,5066.3016,907.2,3963.96,5208.17142857143,2260.8,3011.7599999999998,90.72,5753.5199999999995,21.24,12882.960000000001,11239.0,1026.0,6418.779982387199,2068.4159999999997,1725.77664,0.0,25799,602.7,1368.0,58.800000000000004,41.73120000000001,6647.34,8310.96,5140.800000000001,3628.7999999999997,0.0,84425,84424.74302950822,0.0,200.0,DH,Gitter,60000.0,6984.0,5586.0,4080.0,6840.0,,,0.132,0.189,1.5,11340.0,13680.0,8208.0,10944.0,0.6285176470588236,36.0,47.0,174.63829787234042,72.0,16.554203936446168,False,16650.0,1037.4,1037.4,341.89,7.57,73.24,36.8,29.01,5.19,22.7,29.82,12.95,17.25,0.52,32.95,0.12,73.77,64.36,5.88,36.75,11.84,9.88,0.0,147.73,3.45,7.83,0.34,0.24,38.06,47.59,29.44,20.78,0.0,483.43,483.43,0.0
DH70EGGI,DH70EGGI,DH,Holz,70 kWh,Erdgas,gering,Kreuzung,Gitter,249233,249232.67864348984,59706.36102857143,1321.4880000000003,12790.800000000001,6427.4400000000005,5066.3016,907.2,3963.96,5208.17142857143,2260.8,3011.7599999999998,90.72,5753.5199999999995,21.24,12882.960000000001,12392.1,1026.0,7571.9390549184,2068.4159999999997,1725.77664,0.0,25799,602.7,1368.0,58.800000000000004,41.73120000000001,6647.34,8310.96,5140.800000000001,3628.7999999999997,0.0,151335,151335.05472000001,0.0,200.0,DH,Gitter,60000.0,6984.0,5586.0,4080.0,6840.0,,,0.132,0.189,1.5,11340.0,13680.0,8208.0,10944.0,0.6285176470588236,36.0,47.0,174.63829787234042,72.0,22.7734538234183,False,16650.0,1427.14,1427.14,341.89,7.57,73.24,36.8,29.01,5.19,22.7,29.82,12.95,17.25,0.52,32.95,0.12,73.77,70.96,5.88,43.36,11.84,9.88,0.0,147.73,3.45,7.83,0.34,0.24,38.06,47.59,29.44,20.78,0.0,866.56,866.56,0.0
DM15NGGI,DM15NGGI,DH,Massiv,15 kWh,Nahwärme kalt,gering,Kreuzung,Gitter,193406,193406.318161974,73792.74342857143,1321.4880000000003,15116.4,6427.4400000000005,13146.731999999998,907.2,3963.96,5208.17142857143,3614.4000000000005,3972.96,90.72,6319.4400000000005,21.24,13682.592000000002,71776.4,1026.0,66956.2339087872,2068.4159999999997,1725.77664,0.0,25799,602.7,1368.0,58.800000000000004,41.73120000000001,6647.34,8310.96,5140.800000000001,3628.7999999999997,0.0,22038,22038.016984615384,0.0,200.0,DH,Gitter,60000.0,6984.0,5586.0,4080.0,6840.0,,,0.132,0.189,1.5,11340.0,13680.0,8208.0,10944.0,0.6285176470588236,36.0,47.0,174.63829787234042,72.0,17.67236094316283,False,16650.0,1107.47,1107.47,422.55,7.57,86.56,36.8,75.28,5.19,22.7,29.82,20.7,22.75,0.52,36.19,0.12,78.35,411.0,5.88,383.4,11.84,9.88,0.0,147.73,3.45,7.83,0.34,0.24,38.06,47.59,29.44,20.78,0.0,126.19,126.19,0.0
DM15LGGI,DM15LGGI,DH,Massiv,15 kWh,LW Wärmepumpe,gering,Kreuzung,Gitter,137039,137038.92829486306,73792.74342857143,1321.4880000000003,15116.4,6427.4400000000005,13146.731999999998,907.2,3963.96,5208.17142857143,3614.4000000000005,3972.96,90.72,6319.4400000000005,21.24,13682.592000000002,9267.3,1026.0,4447.1016033408,2068.4159999999997,1725.77664,0.0,25799,602.7,1368.0,58.800000000000004,41.73120000000001,6647.34,8310.96,5140.800000000001,3628.7999999999997,0.0,28180,28179.759422950825,0.0,200.0,DH,Gitter,60000.0,6984.0,5586.0,4080.0,6840.0,,,0.132,0.189,1.5,11340.0,13680.0,8208.0,10944.0,0.6285176470588236,36.0,47.0,174.63829787234042,72.0,12.521831898287925,False,16650.0,784.7,784.7,422.55,7.57,86.56,36.8,75.28,5.19,22.7,29.82,20.7,22.75,0.52,36.19,0.12,78.35,53.07,5.88,25.46,11.84,9.88,0.0,147.73,3.45,7.83,0.34,0.24,38.06,47.59,29.44,20.78,0.0,161.36,161.36,0.0
DM15EGGI,DM15EGGI,DH,Massiv,15 kWh,Erdgas,gering,Kreuzung,Gitter,161297,161297.39343262903,73792.74342857143,1321.4880000000003,15116.4,6427.4400000000005,13146.731999999998,907.2,3963.96,5208.17142857143,3614.4000000000005,3972.96,90.72,6319.4400000000005,21.24,13682.592000000002,11192.1,1026.0,6371.8714440576,2068.4159999999997,1725.77664,0.0,25799,602.7,1368.0,58.800000000000004,41.73120000000001,6647.34,8310.96,5140.800000000001,3628.7999999999997,0.0,50513,50513.45472,0.0,200.0,DH,Gitter,60000.0,6984.0,5586.0,4080.0,6840.0,,,0.132,0.189,1.5,11340.0,13680.0,8208.0,10944.0,0.6285176470588236,36.0,47.0,174.63829787234042,72.0,14.73843141745514,False,16650.0,923.61,923.61,422.55,7.57,86.56,36.8,75.28,5.19,22.7,29.82,20.7,22.75,0.52,36.19,0.12,78.35,64.09,5.88,36.49,11.84,9.88,0.0,147.73,3.45,7.83,0.34,0.24,38.06,47.59,29.44,20.78,0.0,289.24,289.25,0.0
DM30NGGI,DM30NGGI,DH,Massiv,30 kWh,Nahwärme kalt,gering,Kreuzung,Gitter,204091,204091.3413811681,71657.96502857143,1321.4880000000003,13953.6,6427.4400000000005,12441.2976,907.2,3963.96,5208.17142857143,3614.4000000000005,3972.96,90.72,6319.4400000000005,21.24,13416.048000000003,72599.9,1026.0,67779.7278356736,2068.4159999999997,1725.77664,0.0,25799,602.7,1368.0,58.800000000000004,41.73120000000001,6647.34,8310.96,5140.800000000001,3628.7999999999997,0.0,34034,34034.32467692307,0.0,200.0,DH,Gitter,60000.0,6984.0,5586.0,4080.0,6840.0,,,0.132,0.189,1.5,11340.0,13680.0,8208.0,10944.0,0.6285176470588236,36.0,47.0,174.63829787234042,72.0,18.648697129127203,False,16650.0,1168.65,1168.65,410.32,7.57,79.9,36.8,71.24,5.19,22.7,29.82,20.7,22.75,0.52,36.19,0.12,76.82,415.72,5.88,388.11,11.84,9.88,0.0,147.73,3.45,7.83,0.34,0.24,38.06,47.59,29.44,20.78,0.0,194.88,194.88,0.0
DM30LGGI,DM30LGGI,DH,Massiv,30 kWh,LW Wärmepumpe,gering,Kreuzung,Gitter,150782,150782.2289727864,71657.96502857143,1321.4880000000003,13953.6,6427.4400000000005,12441.2976,907.2,3963.96,5208.17142857143,3614.4000000000005,3972.96,90.72,6319.4400000000005,21.24,13416.048000000003,9805.8,1026.0,4985.6396976576,2068.4159999999997,1725.77664,0.0,25799,602.7,1368.0,58.800000000000004,41.73120000000001,6647.34,8310.96,5140.800000000001,3628.7999999999997,0.0,43519,43519.30040655738,0.0,200.0,DH,Gitter,60000.0,6984.0,5586.0,4080.0,6840.0,,,0.132,0.189,1.5,11340.0,13680.0,8208.0,10944.0,0.6285176470588236,36.0,47.0,174.63829787234042,72.0,13.777615951460746,False,16650.0,863.4,863.4,410.32,7.57,79.9,36.8,71.24,5.19,22.7,29.82,20.7,22.75,0.52,36.19,0.12,76.82,56.15,5.88,28.55,11.84,9.88,0.0,147.73,3.45,7.83,0.34,0.24,38.06,47.59,29.44,20.78,0.0,249.2,249.2,0.0
DM30EGGI,DM30EGGI,DH,Massiv,30 kWh,Erdgas,gering,Kreuzung,Gitter,186986,186985.97649598902,71657.96502857143,1321.4880000000003,13953.6,6427.4400000000005,12441.2976,907.2,3963.96,5208.17142857143,3614.4000000000005,3972.96,90.72,6319.4400000000005,21.24,13416.048000000003,11518.6,1026.0,6698.4329074176,2068.4159999999997,1725.77664,0.0,25799,602.7,1368.0,58.800000000000004,41.73120000000001,6647.34,8310.96,5140.800000000001,3628.7999999999997,0.0,78010,78010.25472,0.0,200.0,DH,Gitter,60000.0,6984.0,5586.0,4080.0,6840.0,,,0.132,0.189,1.5,11340.0,13680.0,8208.0,10944.0,0.6285176470588236,36.0,47.0,174.63829787234042,72.0,17.085706916665664,False,16650.0,1070.7,1070.7,410.32,7.57,79.9,36.8,71.24,5.19,22.7,29.82,20.7,22.75,0.52,36.19,0.12,76.82,65.96,5.88,38.36,11.84,9.88,0.0,147.73,3.45,7.83,0.34,0.24,38.06,47.59,29.44,20.78,0.0,446.69,446.7,0.0
DM70NGGI,DM70NGGI,DH,Massiv,70 kWh,Nahwärme kalt,gering,Kreuzung,Gitter,235104,235103.63053114276,68487.07782857143,1321.4880000000003,12790.800000000001,6427.4400000000005,10966.2984,907.2,3963.96,5208.17142857143,3614.4000000000005,3972.96,90.72,6319.4400000000005,21.24,12882.960000000001,74792.9,1026.0,69972.7503394944,2068.4159999999997,1725.77664,0.0,25799,602.7,1368.0,58.800000000000004,41.73120000000001,6647.34,8310.96,5140.800000000001,3628.7999999999997,0.0,66024,66024.47852307693,0.0,200.0,DH,Gitter,60000.0,6984.0,5586.0,4080.0,6840.0,,,0.132,0.189,1.5,11340.0,13680.0,8208.0,10944.0,0.6285176470588236,36.0,47.0,174.63829787234042,72.0,21.482422380404127,False,16650.0,1346.23,1346.23,392.17,7.57,73.24,36.8,62.79,5.19,22.7,29.82,20.7,22.75,0.52,36.19,0.12,73.77,428.27,5.88,400.67,11.84,9.88,0.0,147.73,3.45,7.83,0.34,0.24,38.06,47.59,29.44,20.78,0.0,378.06,378.06,0.0
DM70LGGI,DM70LGGI,DH,Massiv,70 kWh,LW Wärmepumpe,gering,Kreuzung,Gitter,189950,189949.92468046685,68487.07782857143,1321.4880000000003,12790.800000000001,6427.4400000000005,10966.2984,907.2,3963.96,5208.17142857143,3614.4000000000005,3972.96,90.72,6319.4400000000005,21.24,12882.960000000001,11239.0,1026.0,6418.779982387199,2068.4159999999997,1725.77664,0.0,25799,602.7,1368.0,58.800000000000004,41.73120000000001,6647.34,8310.96,5140.800000000001,3628.7999999999997,0.0,84425,84424.74302950822,0.0,200.0,DH,Gitter,60000.0,6984.0,5586.0,4080.0,6840.0,,,0.132,0.189,1.5,11340.0,13680.0,8208.0,10944.0,0.6285176470588236,36.0,47.0,174.63829787234042,72.0,17.356535515393535,False,16650.0,1087.68,1087.68,392.17,7.57,73.24,36.8,62.79,5.19,22.7,29.82,20.7,22.75,0.52,36.19,0.12,73.77,64.36,5.88,36.75,11.84,9.88,0.0,147.73,3.45,7.83,0.34,0.24,38.06,47.59,29.44,20.78,0.0,483.43,483.43,0.0
DM70EGGI,DM70EGGI,DH,Massiv,70 kWh,Erdgas,gering,Kreuzung,Gitter,258013,258013.39544348983,68487.07782857143,1321.4880000000003,12790.800000000001,6427.4400000000005,10966.2984,907.2,3963.96,5208.17142857143,3614.4000000000005,3972.96,90.72,6319.4400000000005,21.24,12882.960000000001,12392.1,1026.0,7571.9390549184,2068.4159999999997,1725.77664,0.0,25799,602.7,1368.0,58.800000000000004,41.73120000000001,6647.34,8310.96,5140.800000000001,3628.7999999999997,0.0,151335,151335.05472000001,0.0,200.0,DH,Gitter,60000.0,6984.0,5586.0,4080.0,6840.0,,,0.132,0.189,1.5,11340.0,13680.0,8208.0,10944.0,0.6285176470588236,36.0,47.0,174.63829787234042,72.0,23.575785402365668,False,16650.0,1477.41,1477.42,392.17,7.57,73.24,36.8,62.79,5.19,22.7,29.82,20.7,22.75,0.52,36.19,0.12,73.77,70.96,5.88,43.36,11.84,9.88,0.0,147.73,3.45,7.83,0.34,0.24,38.06,47.59,29.44,20.78,0.0,866.56,866.56,0.0
RH15NGGI,RH15NGGI,RH,Holz,15 kWh,Nahwärme kalt,gering,Kreuzung,Gitter,302278,302277.51984038064,107410.0101857143,2422.7280000000005,27713.399999999998,11831.04,7484.228999999999,1134.0,5268.12,9548.314285714288,2146.32,3989.0169,145.53,10621.32,21.24,25084.752000000004,127135.8,1580.04,118513.5060762048,3918.4991999999997,3123.7628400000003,0.0,27329,742.1820000000001,1368.0,72.408,57.3804,6647.34,8310.96,5140.800000000001,4989.599999999999,0.0,40403,40403.03113846154,0.0,300.0,RH,Gitter,60000.0,6984.0,5586.0,4080.0,12540.0,,,0.23375,0.33825,1.5,20295.0,25080.0,15048.0,20064.0,0.568715026438729,36.0,47.0,320.17021276595744,99.0,15.065665861262987,False,16650.0,944.12,944.12,335.48,7.57,86.56,36.95,23.38,3.54,16.45,29.82,6.7,12.46,0.45,33.17,0.07,78.35,397.09,4.93,370.16,12.24,9.76,0.0,85.36,2.32,4.27,0.23,0.18,20.76,25.96,16.06,15.58,0.0,126.19,126.19,0.0
RH15LGGI,RH15LGGI,RH,Holz,15 kWh,LW Wärmepumpe,gering,Kreuzung,Gitter,202674,202673.67445361376,107410.0101857143,2422.7280000000005,27713.399999999998,11831.04,7484.228999999999,1134.0,5268.12,9548.314285714288,2146.32,3989.0169,145.53,10621.32,21.24,25084.752000000004,16272.1,1580.04,7649.7995524896,3918.4991999999997,3123.7628400000003,0.0,27329,742.1820000000001,1368.0,72.408,57.3804,6647.34,8310.96,5140.800000000001,4989.599999999999,0.0,51663,51662.892275409846,0.0,300.0,RH,Gitter,60000.0,6984.0,5586.0,4080.0,12540.0,,,0.23375,0.33825,1.5,20295.0,25080.0,15048.0,20064.0,0.568715026438729,36.0,47.0,320.17021276595744,99.0,10.101359372688083,False,16650.0,633.02,633.02,335.48,7.57,86.56,36.95,23.38,3.54,16.45,29.82,6.7,12.46,0.45,33.17,0.07,78.35,50.82,4.93,23.89,12.24,9.76,0.0,85.36,2.32,4.27,0.23,0.18,20.76,25.96,16.06,15.58,0.0,161.36,161.36,0.0
RH15EGGI,RH15EGGI,RH,Holz,15 kWh,Erdgas,gering,Kreuzung,Gitter,245416,245416.23001510632,107410.0101857143,2422.7280000000005,27713.399999999998,11831.04,7484.228999999999,1134.0,5268.12,9548.314285714288,2146.32,3989.0169,145.53,10621.32,21.24,25084.752000000004,18069.5,1580.04,9447.247069392,3918.4991999999997,3123.7628400000003,0.0,27329,742.1820000000001,1368.0,72.408,57.3804,6647.34,8310.96,5140.800000000001,4989.599999999999,0.0,92608,92608.00032,0.0,300.0,RH,Gitter,60000.0,6984.0,5586.0,4080.0,12540.0,,,0.23375,0.33825,1.5,20295.0,25080.0,15048.0,20064.0,0.568715026438729,36.0,47.0,320.17021276595744,99.0,12.231670156255298,False,16650.0,766.52,766.52,335.48,7.57,86.56,36.95,23.38,3.54,16.45,29.82,6.7,12.46,0.45,33.17,0.07,78.35,56.44,4.93,29.51,12.24,9.76,0.0,85.36,2.32,4.27,0.23,0.18,20.76,25.96,16.06,15.58,0.0,289.25,289.25,0.0
RH30NGGI,RH30NGGI,RH,Holz,30 kWh,Nahwärme kalt,gering,Kreuzung,Gitter,322456,322455.6513697074,104095.13318571431,2422.7280000000005,25581.600000000002,11831.04,6789.816,1134.0,5268.12,9548.314285714288,2146.32,3989.0169,145.53,10621.32,21.24,24596.088000000003,128635.6,1580.04,120013.2838363008,3918.4991999999997,3123.7628400000003,0.0,27329,742.1820000000001,1368.0,72.408,57.3804,6647.34,8310.96,5140.800000000001,4989.599999999999,0.0,62396,62396.26190769232,0.0,300.0,RH,Gitter,60000.0,6984.0,5586.0,4080.0,12540.0,,,0.23375,0.33825,1.5,20295.0,25080.0,15048.0,20064.0,0.568715026438729,36.0,47.0,320.17021276595744,99.0,16.071354234933583,False,16650.0,1007.14,1007.14,325.12,7.57,79.9,36.95,21.21,3.54,16.45,29.82,6.7,12.46,0.45,33.17,0.07,76.82,401.77,4.93,374.84,12.24,9.76,0.0,85.36,2.32,4.27,0.23,0.18,20.76,25.96,16.06,15.58,0.0,194.88,194.88,0.0
RH30LGGI,RH30LGGI,RH,Holz,30 kWh,LW Wärmepumpe,gering,Kreuzung,Gitter,228458,228458.33535135642,104095.13318571431,2422.7280000000005,25581.600000000002,11831.04,6789.816,1134.0,5268.12,9548.314285714288,2146.32,3989.0169,145.53,10621.32,21.24,24596.088000000003,17249.1,1580.04,8626.845646953601,3918.4991999999997,3123.7628400000003,0.0,27329,742.1820000000001,1368.0,72.408,57.3804,6647.34,8310.96,5140.800000000001,4989.599999999999,0.0,79785,79785.38407868853,0.0,300.0,RH,Gitter,60000.0,6984.0,5586.0,4080.0,12540.0,,,0.23375,0.33825,1.5,20295.0,25080.0,15048.0,20064.0,0.568715026438729,36.0,47.0,320.17021276595744,99.0,11.386480031467126,False,16650.0,713.55,713.55,325.12,7.57,79.9,36.95,21.21,3.54,16.45,29.82,6.7,12.46,0.45,33.17,0.07,76.82,53.87,4.93,26.94,12.24,9.76,0.0,85.36,2.32,4.27,0.23,0.18,20.76,25.96,16.06,15.58,0.0,249.2,249.2,0.0
RH30EGGI,RH30EGGI,RH,Holz,30 kWh,Erdgas,gering,Kreuzung,Gitter,293061,293060.860947644,104095.13318571431,2422.7280000000005,25581.600000000002,11831.04,6789.816,1134.0,5268.12,9548.314285714288,2146.32,3989.0169,145.53,10621.32,21.24,24596.088000000003,18618.3,1580.04,9995.9550019296,3918.4991999999997,3123.7628400000003,0.0,27329,742.1820000000001,1368.0,72.408,57.3804,6647.34,8310.96,5140.800000000001,4989.599999999999,0.0,143019,143018.80032000004,0.0,300.0,RH,Gitter,60000.0,6984.0,5586.0,4080.0,12540.0,,,0.23375,0.33825,1.5,20295.0,25080.0,15048.0,20064.0,0.568715026438729,36.0,47.0,320.17021276595744,99.0,14.606302878172045,False,16650.0,915.33,915.33,325.12,7.57,79.9,36.95,21.21,3.54,16.45,29.82,6.7,12.46,0.45,33.17,0.07,76.82,58.15,4.93,31.22,12.24,9.76,0.0,85.36,2.32,4.27,0.23,0.18,20.76,25.96,16.06,15.58,0.0,446.7,446.7,0.0
RH70NGGI,RH70NGGI,RH,Holz,70 kWh,Nahwärme kalt,gering,Kreuzung,Gitter,380634,380634.0092876828,100291.59218571428,2422.7280000000005,23449.800000000003,11831.04,6095.403,1134.0,5268.12,9548.314285714288,2146.32,3989.0169,145.53,10621.32,21.24,23618.760000000002,131968.9,1580.04,123346.56736966081,3918.4991999999997,3123.7628400000003,0.0,27329,742.1820000000001,1368.0,72.408,57.3804,6647.34,8310.96,5140.800000000001,4989.599999999999,0.0,121045,121044.8772923077,0.0,300.0,RH,Gitter,60000.0,6984.0,5586.0,4080.0,12540.0,,,0.23375,0.33825,1.5,20295.0,25080.0,15048.0,20064.0,0.568715026438729,36.0,47.0,320.17021276595744,99.0,18.97099328586936,False,16650.0,1188.85,1188.85,313.24,7.57,73.24,36.95,19.04,3.54,16.45,29.82,6.7,12.46,0.45,33.17,0.07,73.77,412.18,4.93,385.25,12.24,9.76,0.0,85.36,2.32,4.27,0.23,0.18,20.76,25.96,16.06,15.58,0.0,378.06,378.06,0.0
RH70LGGI,RH70LGGI,RH,Holz,70 kWh,LW Wärmepumpe,gering,Kreuzung,Gitter,301588,301588.15227268625,100291.59218571428,2422.7280000000005,23449.800000000003,11831.04,6095.403,1134.0,5268.12,9548.314285714288,2146.32,3989.0169,145.53,10621.32,21.24,23618.760000000002,19189.2,1580.04,10566.892092873599,3918.4991999999997,3123.7628400000003,0.0,27329,742.1820000000001,1368.0,72.408,57.3804,6647.34,8310.96,5140.800000000001,4989.599999999999,0.0,154779,154778.69555409838,0.0,300.0,RH,Gitter,60000.0,6984.0,5586.0,4080.0,12540.0,,,0.23375,0.33825,1.5,20295.0,25080.0,15048.0,20064.0,0.568715026438729,36.0,47.0,320.17021276595744,99.0,15.031307429858767,False,16650.0,941.96,941.96,313.24,7.57,73.24,36.95,19.04,3.54,16.45,29.82,6.7,12.46,0.45,33.17,0.07,73.77,59.93,4.93,33.0,12.24,9.76,0.0,85.36,2.32,4.27,0.23,0.18,20.76,25.96,16.06,15.58,0.0,483.43,483.43,0.0
RH70EGGI,RH70EGGI,RH,Holz,70 kWh,Erdgas,gering,Kreuzung,Gitter,424619,424619.3326928119,100291.59218571428,2422.7280000000005,23449.800000000003,11831.04,6095.403,1134.0,5268.12,9548.314285714288,2146.32,3989.0169,145.53,10621.32,21.24,23618.760000000002,19551.5,1580.04,10929.1677470976,3918.4991999999997,3123.7628400000003,0.0,27329,742.1820000000001,1368.0,72.408,57.3804,6647.34,8310.96,5140.800000000001,4989.599999999999,0.0,277448,277447.60032,0.0,300.0,RH,Gitter,60000.0,6984.0,5586.0,4080.0,12540.0,,,0.23375,0.33825,1.5,20295.0,25080.0,15048.0,20064.0,0.568715026438729,36.0,47.0,320.17021276595744,99.0,21.163244253030896,False,16650.0,1326.23,1326.23,313.24,7.57,73.24,36.95,19.04,3.54,16.45,29.82,6.7,12.46,0.45,33.17,0.07,73.77,61.07,4.93,34.14,12.24,9.76,0.0,85.36,2.32,4.27,0.23,0.18,20.76,25.96,16.06,15.58,0.0,866.56,866.56,0.0
RM15NGGI,RM15NGGI,RH,Massiv,15 kWh,Nahwärme kalt,gering,Kreuzung,Gitter,314210,314210.3363403806,119342.82668571429,2422.7280000000005,27713.399999999998,11831.04,15817.184999999998,1134.0,5268.12,9548.314285714288,3428.37,5262.1074,145.53,11666.04,21.24,25084.752000000004,127135.8,1580.04,118513.5060762048,3918.4991999999997,3123.7628400000003,0.0,27329,742.1820000000001,1368.0,72.408,57.3804,6647.34,8310.96,5140.800000000001,4989.599999999999,0.0,40403,40403.03113846154,0.0,300.0,RH,Gitter,60000.0,6984.0,5586.0,4080.0,12540.0,,,0.23375,0.33825,1.5,20295.0,25080.0,15048.0,20064.0,0.568715026438729,36.0,47.0,320.17021276595744,99.0,15.660403525736674,False,16650.0,981.38,981.39,372.75,7.57,86.56,36.95,49.4,3.54,16.45,29.82,10.71,16.44,0.45,36.44,0.07,78.35,397.09,4.93,370.16,12.24,9.76,0.0,85.36,2.32,4.27,0.23,0.18,20.76,25.96,16.06,15.58,0.0,126.19,126.19,0.0
RM15LGGI,RM15LGGI,RH,Massiv,15 kWh,LW Wärmepumpe,gering,Kreuzung,Gitter,214606,214606.4909536137,119342.82668571429,2422.7280000000005,27713.399999999998,11831.04,15817.184999999998,1134.0,5268.12,9548.314285714288,3428.37,5262.1074,145.53,11666.04,21.24,25084.752000000004,16272.1,1580.04,7649.7995524896,3918.4991999999997,3123.7628400000003,0.0,27329,742.1820000000001,1368.0,72.408,57.3804,6647.34,8310.96,5140.800000000001,4989.599999999999,0.0,51663,51662.892275409846,0.0,300.0,RH,Gitter,60000.0,6984.0,5586.0,4080.0,12540.0,,,0.23375,0.33825,1.5,20295.0,25080.0,15048.0,20064.0,0.568715026438729,36.0,47.0,320.17021276595744,99.0,10.696097037161769,False,16650.0,670.29,670.29,372.75,7.57,86.56,36.95,49.4,3.54,16.45,29.82,10.71,16.44,0.45,36.44,0.07,78.35,50.82,4.93,23.89,12.24,9.76,0.0,85.36,2.32,4.27,0.23,0.18,20.76,25.96,16.06,15.58,0.0,161.36,161.36,0.0
RM15EGGI,RM15EGGI,RH,Massiv,15 kWh,Erdgas,gering,Kreuzung,Gitter,257349,257349.04651510628,119342.82668571429,2422.7280000000005,27713.399999999998,11831.04,15817.184999999998,1134.0,5268.12,9548.314285714288,3428.37,5262.1074,145.53,11666.04,21.24,25084.752000000004,18069.5,1580.04,9447.247069392,3918.4991999999997,3123.7628400000003,0.0,27329,742.1820000000001,1368.0,72.408,57.3804,6647.34,8310.96,5140.800000000001,4989.599999999999,0.0,92608,92608.00032,0.0,300.0,RH,Gitter,60000.0,6984.0,5586.0,4080.0,12540.0,,,0.23375,0.33825,1.5,20295.0,25080.0,15048.0,20064.0,0.568715026438729,36.0,47.0,320.17021276595744,99.0,12.826407820728981,False,16650.0,803.79,803.79,372.75,7.57,86.56,36.95,49.4,3.54,16.45,29.82,10.71,16.44,0.45,36.44,0.07,78.35,56.44,4.93,29.51,12.24,9.76,0.0,85.36,2.32,4.27,0.23,0.18,20.76,25.96,16.06,15.58,0.0,289.25,289.25,0.0
RM30NGGI,RM30NGGI,RH,Massiv,30 kWh,Nahwärme kalt,gering,Kreuzung,Gitter,334234,334234.15386970737,115873.63568571428,2422.7280000000005,25581.600000000002,11831.04,14968.457999999999,1134.0,5268.12,9548.314285714288,3428.37,5262.1074,145.53,11666.04,21.24,24596.088000000003,128635.6,1580.04,120013.2838363008,3918.4991999999997,3123.7628400000003,0.0,27329,742.1820000000001,1368.0,72.408,57.3804,6647.34,8310.96,5140.800000000001,4989.599999999999,0.0,62396,62396.26190769232,0.0,300.0,RH,Gitter,60000.0,6984.0,5586.0,4080.0,12540.0,,,0.23375,0.33825,1.5,20295.0,25080.0,15048.0,20064.0,0.568715026438729,36.0,47.0,320.17021276595744,99.0,16.658400810890523,False,16650.0,1043.93,1043.93,361.91,7.57,79.9,36.95,46.75,3.54,16.45,29.82,10.71,16.44,0.45,36.44,0.07,76.82,401.77,4.93,374.84,12.24,9.76,0.0,85.36,2.32,4.27,0.23,0.18,20.76,25.96,16.06,15.58,0.0,194.88,194.88,0.0
RM30LGGI,RM30LGGI,RH,Massiv,30 kWh,LW Wärmepumpe,gering,Kreuzung,Gitter,240237,240236.83785135642,115873.63568571428,2422.7280000000005,25581.600000000002,11831.04,14968.457999999999,1134.0,5268.12,9548.314285714288,3428.37,5262.1074,145.53,11666.04,21.24,24596.088000000003,17249.1,1580.04,8626.845646953601,3918.4991999999997,3123.7628400000003,0.0,27329,742.1820000000001,1368.0,72.408,57.3804,6647.34,8310.96,5140.800000000001,4989.599999999999,0.0,79785,79785.38407868853,0.0,300.0,RH,Gitter,60000.0,6984.0,5586.0,4080.0,12540.0,,,0.23375,0.33825,1.5,20295.0,25080.0,15048.0,20064.0,0.568715026438729,36.0,47.0,320.17021276595744,99.0,11.973526607424063,False,16650.0,750.34,750.34,361.91,7.57,79.9,36.95,46.75,3.54,16.45,29.82,10.71,16.44,0.45,36.44,0.07,76.82,53.87,4.93,26.94,12.24,9.76,0.0,85.36,2.32,4.27,0.23,0.18,20.76,25.96,16.06,15.58,0.0,249.2,249.2,0.0
RM30EGGI,RM30EGGI,RH,Massiv,30 kWh,Erdgas,gering,Kreuzung,Gitter,304839,304839.36344764393,115873.63568571428,2422.7280000000005,25581.600000000002,11831.04,14968.457999999999,1134.0,5268.12,9548.314285714288,3428.37,5262.1074,145.53,11666.04,21.24,24596.088000000003,18618.3,1580.04,9995.9550019296,3918.4991999999997,3123.7628400000003,0.0,27329,742.1820000000001,1368.0,72.408,57.3804,6647.34,8310.96,5140.800000000001,4989.599999999999,0.0,143019,143018.80032000004,0.0,300.0,RH,Gitter,60000.0,6984.0,5586.0,4080.0,12540.0,,,0.23375,0.33825,1.5,20295.0,25080.0,15048.0,20064.0,0.568715026438729,36.0,47.0,320.17021276595744,99.0,15.193349454128983,False,16650.0,952.12,952.12,361.91,7.57,79.9,36.95,46.75,3.54,16.45,29.82,10.71,16.44,0.45,36.44,0.07,76.82,58.15,4.93,31.22,12.24,9.76,0.0,85.36,2.32,4.27,0.23,0.18,20.76,25.96,16.06,15.58,0.0,446.7,446.7,0.0
RM70NGGI,RM70NGGI,RH,Massiv,70 kWh,Nahwärme kalt,gering,Kreuzung,Gitter,391332,391332.3137876828,110989.89668571428,2422.7280000000005,23449.800000000003,11831.04,13193.847,1134.0,5268.12,9548.314285714288,3428.37,5262.1074,145.53,11666.04,21.24,23618.760000000002,131968.9,1580.04,123346.56736966081,3918.4991999999997,3123.7628400000003,0.0,27329,742.1820000000001,1368.0,72.408,57.3804,6647.34,8310.96,5140.800000000001,4989.599999999999,0.0,121045,121044.8772923077,0.0,300.0,RH,Gitter,60000.0,6984.0,5586.0,4080.0,12540.0,,,0.23375,0.33825,1.5,20295.0,25080.0,15048.0,20064.0,0.568715026438729,36.0,47.0,320.17021276595744,99.0,19.504202242209068,False,16650.0,1222.26,1222.26,346.66,7.57,73.24,36.95,41.21,3.54,16.45,29.82,10.71,16.44,0.45,36.44,0.07,73.77,412.18,4.93,385.25,12.24,9.76,0.0,85.36,2.32,4.27,0.23,0.18,20.76,25.96,16.06,15.58,0.0,378.06,378.06,0.0
RM70LGGI,RM70LGGI,RH,Massiv,70 kWh,LW Wärmepumpe,gering,Kreuzung,Gitter,312286,312286.4567726862,110989.89668571428,2422.7280000000005,23449.800000000003,11831.04,13193.847,1134.0,5268.12,9548.314285714288,3428.37,5262.1074,145.53,11666.04,21.24,23618.760000000002,19189.2,1580.04,10566.892092873599,3918.4991999999997,3123.7628400000003,0.0,27329,742.1820000000001,1368.0,72.408,57.3804,6647.34,8310.96,5140.800000000001,4989.599999999999,0.0,154779,154778.69555409838,0.0,300.0,RH,Gitter,60000.0,6984.0,5586.0,4080.0,12540.0,,,0.23375,0.33825,1.5,20295.0,25080.0,15048.0,20064.0,0.568715026438729,36.0,47.0,320.17021276595744,99.0,15.564516386198477,False,16650.0,975.37,975.38,346.66,7.57,73.24,36.95,41.21,3.54,16.45,29.82,10.71,16.44,0.45,36.44,0.07,73.77,59.93,4.93,33.0,12.24,9.76,0.0,85.36,2.32,4.27,0.23,0.18,20.76,25.96,16.06,15.58,0.0,483.43,483.43,0.0
RM70EGGI,RM70EGGI,RH,Massiv,70 kWh,Erdgas,gering,Kreuzung,Gitter,435318,435317.63719281193,110989.89668571428,2422.7280000000005,23449.800000000003,11831.04,13193.847,1134.0,5268.12,9548.314285714288,3428.37,5262.1074,145.53,11666.04,21.24,23618.760000000002,19551.5,1580.04,10929.1677470976,3918.4991999999997,3123.7628400000003,0.0,27329,742.1820000000001,1368.0,72.408,57.3804,6647.34,8310.96,5140.800000000001,4989.599999999999,0.0,277448,277447.60032,0.0,300.0,RH,Gitter,60000.0,6984.0,5586.0,4080.0,12540.0,,,0.23375,0.33825,1.5,20295.0,25080.0,15048.0,20064.0,0.568715026438729,36.0,47.0,320.17021276595744,99.0,21.69645320937061,False,16650.0,1359.65,1359.64,346.66,7.57,73.24,36.95,41.21,3.54,16.45,29.82,10.71,16.44,0.45,36.44,0.07,73.77,61.07,4.93,34.14,12.24,9.76,0.0,85.36,2.32,4.27,0.23,0.18,20.76,25.96,16.06,15.58,0.0,866.56,866.56,0.0
ZH15NGGI,ZH15NGGI,ZH,Holz,15 kWh,Nahwärme kalt,gering,Kreuzung,Gitter,549498,549498.0038213814,188314.64655692308,1779.675175384616,27567.54,25083.28149230769,14357.82745846154,3425.6492307692315,12054.6,17096.508,16115.567261538463,9560.841230769232,644.8098461538463,38736.206861538456,1559.52,20332.62,187645.3,184.68,167098.78387738136,14082.647040000003,6279.188987076923,0.0,93157,390.89400000000006,1368.0,38.136,4362.13860923077,6647.34,8310.96,5140.800000000001,0.0,66899.02153846154,80381,80380.76721230769,0.0,500.0,Zeile,Gitter,60000.0,6984.0,5586.0,4080.0,12474.0,11514.461538461539,9211.569230769232,0.2079,0.6237,3.0,37422.0,42027.78461538462,29937.600000000002,35723.61692307692,0.39634439634439633,12.0,41.0,730.1853658536586,383.81538461538463,15.381925212237224,True,16650.0,752.55,752.55,257.9,2.44,37.75,34.35,19.66,4.69,16.51,23.41,22.07,13.09,0.88,53.05,2.14,27.85,256.98,0.25,228.84,19.29,8.6,0.0,127.58,0.54,1.87,0.05,5.97,9.1,11.38,7.04,0.0,91.62,110.08,110.08,0.0
ZH15LGGI,ZH15LGGI,ZH,Holz,15 kWh,LW Wärmepumpe,gering,Kreuzung,Gitter,419649,419649.1786469946,188314.64655692308,1779.675175384616,27567.54,25083.28149230769,14357.82745846154,3425.6492307692315,12054.6,17096.508,16115.567261538463,9560.841230769232,644.8098461538463,38736.206861538456,1559.52,20332.62,35395.3,184.68,14848.761283171094,14082.647040000003,6279.188987076923,0.0,93157,390.89400000000006,1368.0,38.136,4362.13860923077,6647.34,8310.96,5140.800000000001,0.0,66899.02153846154,102782,102781.96463213116,0.0,500.0,Zeile,Gitter,60000.0,6984.0,5586.0,4080.0,12474.0,11514.461538461539,9211.569230769232,0.2079,0.6237,3.0,37422.0,42027.78461538462,29937.600000000002,35723.61692307692,0.39634439634439633,12.0,41.0,730.1853658536586,383.81538461538463,11.747107790082348,True,16650.0,574.72,574.72,257.9,2.44,37.75,34.35,19.66,4.69,16.51,23.41,22.07,13.09,0.88,53.05,2.14,27.85,48.47,0.25,20.34,19.29,8.6,0.0,127.58,0.54,1.87,0.05,5.97,9.1,11.38,7.04,0.0,91.62,140.76,140.76,0.0
ZH15EGGI,ZH15EGGI,ZH,Holz,15 kWh,Erdgas,gering,Kreuzung,Gitter,501592,501591.89944686997,188314.64655692308,1779.675175384616,27567.54,25083.28149230769,14357.82745846154,3425.6492307692315,12054.6,17096.508,16115.567261538463,9560.841230769232,644.8098461538463,38736.206861538456,1559.52,20332.62,35878.8,184.68,15332.267131177636,14082.647040000003,6279.188987076923,0.0,93157,390.89400000000006,1368.0,38.136,4362.13860923077,6647.34,8310.96,5140.800000000001,0.0,66899.02153846154,184241,184241.179584,0.0,500.0,Zeile,Gitter,60000.0,6984.0,5586.0,4080.0,12474.0,11514.461538461539,9211.569230769232,0.2079,0.6237,3.0,37422.0,42027.78461538462,29937.600000000002,35723.61692307692,0.39634439634439633,12.0,41.0,730.1853658536586,383.81538461538463,14.040904663347487,True,16650.0,686.94,686.94,257.9,2.44,37.75,34.35,19.66,4.69,16.51,23.41,22.07,13.09,0.88,53.05,2.14,27.85,49.14,0.25,21.0,19.29,8.6,0.0,127.58,0.54,1.87,0.05,5.97,9.1,11.38,7.04,0.0,91.62,252.32,252.32,0.0
ZH30NGGI,ZH30NGGI,ZH,Holz,30 kWh,Nahwärme kalt,gering,Kreuzung,Gitter,590354,590353.7242486154,180683.59961538462,1779.675175384616,25446.96,25083.28149230769,11591.640516923077,3425.6492307692315,12054.6,17096.508,16115.567261538463,9560.841230769232,644.8098461538463,38736.206861538456,1559.52,17588.34,192377.1,184.68,171830.59739999997,14082.647040000003,6279.188987076923,0.0,93157,390.89400000000006,1368.0,38.136,4362.13860923077,6647.34,8310.96,5140.800000000001,0.0,66899.02153846154,124136,124135.72105846155,0.0,500.0,Zeile,Gitter,60000.0,6984.0,5586.0,4080.0,12474.0,11514.461538461539,9211.569230769232,0.2079,0.6237,3.0,37422.0,42027.78461538462,29937.600000000002,35723.61692307692,0.39634439634439633,12.0,41.0,730.1853658536586,383.81538461538463,16.52558657539673,True,16650.0,808.5,808.5,247.45,2.44,34.85,34.35,15.87,4.69,16.51,23.41,22.07,13.09,0.88,53.05,2.14,24.09,263.46,0.25,235.32,19.29,8.6,0.0,127.58,0.54,1.87,0.05,5.97,9.1,11.38,7.04,0.0,91.62,170.01,170.01,0.0
ZH30LGGI,ZH30LGGI,ZH,Holz,30 kWh,LW Wärmepumpe,gering,Kreuzung,Gitter,471839,471838.80931536877,180683.59961538462,1779.675175384616,25446.96,25083.28149230769,11591.640516923077,3425.6492307692315,12054.6,17096.508,16115.567261538463,9560.841230769232,644.8098461538463,38736.206861538456,1559.52,17588.34,39267.0,184.68,18720.481516034546,14082.647040000003,6279.188987076923,0.0,93157,390.89400000000006,1368.0,38.136,4362.13860923077,6647.34,8310.96,5140.800000000001,0.0,66899.02153846154,158731,158730.92200918036,0.0,500.0,Zeile,Gitter,60000.0,6984.0,5586.0,4080.0,12474.0,11514.461538461539,9211.569230769232,0.2079,0.6237,3.0,37422.0,42027.78461538462,29937.600000000002,35723.61692307692,0.39634439634439633,12.0,41.0,730.1853658536586,383.81538461538463,13.20803574653069,True,16650.0,646.19,646.19,247.45,2.44,34.85,34.35,15.87,4.69,16.51,23.41,22.07,13.09,0.88,53.05,2.14,24.09,53.78,0.25,25.64,19.29,8.6,0.0,127.58,0.54,1.87,0.05,5.97,9.1,11.38,7.04,0.0,91.62,217.38,217.38,0.0
ZH30EGGI,ZH30EGGI,ZH,Holz,30 kWh,Erdgas,gering,Kreuzung,Gitter,604420,604419.7664032583,180683.59961538462,1779.675175384616,25446.96,25083.28149230769,11591.640516923077,3425.6492307692315,12054.6,17096.508,16115.567261538463,9560.841230769232,644.8098461538463,38736.206861538456,1559.52,17588.34,46046.7,184.68,25500.2210291045,14082.647040000003,6279.188987076923,0.0,93157,390.89400000000006,1368.0,38.136,4362.13860923077,6647.34,8310.96,5140.800000000001,0.0,66899.02153846154,284532,284532.13958399993,0.0,500.0,Zeile,Gitter,60000.0,6984.0,5586.0,4080.0,12474.0,11514.461538461539,9211.569230769232,0.2079,0.6237,3.0,37422.0,42027.78461538462,29937.600000000002,35723.61692307692,0.39634439634439633,12.0,41.0,730.1853658536586,383.81538461538463,16.919332880115284,True,16650.0,827.76,827.76,247.45,2.44,34.85,34.35,15.87,4.69,16.51,23.41,22.07,13.09,0.88,53.05,2.14,24.09,63.06,0.25,34.92,19.29,8.6,0.0,127.58,0.54,1.87,0.05,5.97,9.1,11.38,7.04,0.0,91.62,389.67,389.67,0.0
ZH70NGGI,ZH70NGGI,ZH,Holz,70 kWh,Nahwärme kalt,gering,Kreuzung,Gitter,707505,707505.4859818907,173884.79092615383,1779.675175384616,23326.38,25083.28149230769,10406.131827692308,3425.6492307692315,12054.6,17096.508,16115.567261538463,9560.841230769232,644.8098461538463,38736.206861538456,1559.52,14095.619999999999,199647.8,184.68,179101.2908994291,14082.647040000003,6279.188987076923,0.0,93157,390.89400000000006,1368.0,38.136,4362.13860923077,6647.34,8310.96,5140.800000000001,0.0,66899.02153846154,240816,240815.59798153848,0.0,500.0,Zeile,Gitter,60000.0,6984.0,5586.0,4080.0,12474.0,11514.461538461539,9211.569230769232,0.2079,0.6237,3.0,37422.0,42027.78461538462,29937.600000000002,35723.61692307692,0.39634439634439633,12.0,41.0,730.1853658536586,383.81538461538463,19.804979084434553,True,16650.0,968.94,968.94,238.14,2.44,31.95,34.35,14.25,4.69,16.51,23.41,22.07,13.09,0.88,53.05,2.14,19.3,273.42,0.25,245.28,19.29,8.6,0.0,127.58,0.54,1.87,0.05,5.97,9.1,11.38,7.04,0.0,91.62,329.8,329.8,0.0
ZH70LGGI,ZH70LGGI,ZH,Holz,70 kWh,LW Wärmepumpe,gering,Kreuzung,Gitter,618784,618784.0613657611,173884.79092615383,1779.675175384616,23326.38,25083.28149230769,10406.131827692308,3425.6492307692315,12054.6,17096.508,16115.567261538463,9560.841230769232,644.8098461538463,38736.206861538456,1559.52,14095.619999999999,43813.8,184.68,23267.32258352637,14082.647040000003,6279.188987076923,0.0,93157,390.89400000000006,1368.0,38.136,4362.13860923077,6647.34,8310.96,5140.800000000001,0.0,66899.02153846154,307928,307928.1416813116,0.0,500.0,Zeile,Gitter,60000.0,6984.0,5586.0,4080.0,12474.0,11514.461538461539,9211.569230769232,0.2079,0.6237,3.0,37422.0,42027.78461538462,29937.600000000002,35723.61692307692,0.39634439634439633,12.0,41.0,730.1853658536586,383.81538461538463,17.32142808210542,True,16650.0,847.43,847.43,238.14,2.44,31.95,34.35,14.25,4.69,16.51,23.41,22.07,13.09,0.88,53.05,2.14,19.3,60.0,0.25,31.86,19.29,8.6,0.0,127.58,0.54,1.87,0.05,5.97,9.1,11.38,7.04,0.0,91.62,421.71,421.71,0.0
ZH70EGGI,ZH70EGGI,ZH,Holz,70 kWh,Erdgas,gering,Kreuzung,Gitter,867778,867777.9838192038,173884.79092615383,1779.675175384616,23326.38,25083.28149230769,10406.131827692308,3425.6492307692315,12054.6,17096.508,16115.567261538463,9560.841230769232,644.8098461538463,38736.206861538456,1559.52,14095.619999999999,48761.2,184.68,28214.687134280648,14082.647040000003,6279.188987076923,0.0,93157,390.89400000000006,1368.0,38.136,4362.13860923077,6647.34,8310.96,5140.800000000001,0.0,66899.02153846154,551975,551974.699584,0.0,500.0,Zeile,Gitter,60000.0,6984.0,5586.0,4080.0,12474.0,11514.461538461539,9211.569230769232,0.2079,0.6237,3.0,37422.0,42027.78461538462,29937.600000000002,35723.61692307692,0.39634439634439633,12.0,41.0,730.1853658536586,383.81538461538463,24.291436829808582,True,16650.0,1188.44,1188.44,238.14,2.44,31.95,34.35,14.25,4.69,16.51,23.41,22.07,13.09,0.88,53.05,2.14,19.3,66.78,0.25,38.64,19.29,8.6,0.0,127.58,0.54,1.87,0.05,5.97,9.1,11.38,7.04,0.0,91.62,755.94,755.94,0.0
ZM15NGGI,ZM15NGGI,ZH,Massiv,15 kWh,Nahwärme kalt,gering,Kreuzung,Gitter,593430,593430.2984675352,232246.9412030769,1779.675175384616,27567.54,25083.28149230769,34774.921550769235,3425.6492307692315,12054.6,17096.508,26158.0968,12612.17353846154,644.8098461538463,42546.325569230765,1559.52,26943.84,187645.3,184.68,167098.78387738136,14082.647040000003,6279.188987076923,0.0,93157,390.89400000000006,1368.0,38.136,4362.13860923077,6647.34,8310.96,5140.800000000001,0.0,66899.02153846154,80381,80380.76721230769,0.0,500.0,Zeile,Gitter,60000.0,6984.0,5586.0,4080.0,12474.0,11514.461538461539,9211.569230769232,0.2079,0.6237,3.0,37422.0,42027.78461538462,29937.600000000002,35723.61692307692,0.39634439634439633,12.0,41.0,730.1853658536586,383.81538461538463,16.611708152210873,True,16650.0,812.71,812.71,318.07,2.44,37.75,34.35,47.62,4.69,16.51,23.41,35.82,17.27,0.88,58.27,2.14,36.9,256.98,0.25,228.84,19.29,8.6,0.0,127.58,0.54,1.87,0.05,5.97,9.1,11.38,7.04,0.0,91.62,110.08,110.08,0.0
ZM15LGGI,ZM15LGGI,ZH,Massiv,15 kWh,LW Wärmepumpe,gering,Kreuzung,Gitter,463581,463581.4732931484,232246.9412030769,1779.675175384616,27567.54,25083.28149230769,34774.921550769235,3425.6492307692315,12054.6,17096.508,26158.0968,12612.17353846154,644.8098461538463,42546.325569230765,1559.52,26943.84,35395.3,184.68,14848.761283171094,14082.647040000003,6279.188987076923,0.0,93157,390.89400000000006,1368.0,38.136,4362.13860923077,6647.34,8310.96,5140.800000000001,0.0,66899.02153846154,102782,102781.96463213116,0.0,500.0,Zeile,Gitter,60000.0,6984.0,5586.0,4080.0,12474.0,11514.461538461539,9211.569230769232,0.2079,0.6237,3.0,37422.0,42027.78461538462,29937.600000000002,35723.61692307692,0.39634439634439633,12.0,41.0,730.1853658536586,383.81538461538463,12.976890730055995,True,16650.0,634.88,634.88,318.07,2.44,37.75,34.35,47.62,4.69,16.51,23.41,35.82,17.27,0.88,58.27,2.14,36.9,48.47,0.25,20.34,19.29,8.6,0.0,127.58,0.54,1.87,0.05,5.97,9.1,11.38,7.04,0.0,91.62,140.76,140.76,0.0
ZM15EGGI,ZM15EGGI,ZH,Massiv,15 kWh,Erdgas,gering,Kreuzung,Gitter,545524,545524.1940930238,232246.9412030769,1779.675175384616,27567.54,25083.28149230769,34774.921550769235,3425.6492307692315,12054.6,17096.508,26158.0968,12612.17353846154,644.8098461538463,42546.325569230765,1559.52,26943.84,35878.8,184.68,15332.267131177636,14082.647040000003,6279.188987076923,0.0,93157,390.89400000000006,1368.0,38.136,4362.13860923077,6647.34,8310.96,5140.800000000001,0.0,66899.02153846154,184241,184241.179584,0.0,500.0,Zeile,Gitter,60000.0,6984.0,5586.0,4080.0,12474.0,11514.461538461539,9211.569230769232,0.2079,0.6237,3.0,37422.0,42027.78461538462,29937.600000000002,35723.61692307692,0.39634439634439633,12.0,41.0,730.1853658536586,383.81538461538463,15.270687603321132,True,16650.0,747.1,747.1,318.07,2.44,37.75,34.35,47.62,4.69,16.51,23.41,35.82,17.27,0.88,58.27,2.14,36.9,49.14,0.25,21.0,19.29,8.6,0.0,127.58,0.54,1.87,0.05,5.97,9.1,11.38,7.04,0.0,91.62,252.32,252.32,0.0
ZM30NGGI,ZM30NGGI,ZH,Massiv,30 kWh,Nahwärme kalt,gering,Kreuzung,Gitter,634861,634860.8365809231,225190.7119476923,1779.675175384616,25446.96,25083.28149230769,31086.672295384615,3425.6492307692315,12054.6,17096.508,26158.0968,12612.17353846154,644.8098461538463,42546.325569230765,1559.52,25696.440000000002,192377.1,184.68,171830.59739999997,14082.647040000003,6279.188987076923,0.0,93157,390.89400000000006,1368.0,38.136,4362.13860923077,6647.34,8310.96,5140.800000000001,0.0,66899.02153846154,124136,124135.72105846155,0.0,500.0,Zeile,Gitter,60000.0,6984.0,5586.0,4080.0,12474.0,11514.461538461539,9211.569230769232,0.2079,0.6237,3.0,37422.0,42027.78461538462,29937.600000000002,35723.61692307692,0.39634439634439633,12.0,41.0,730.1853658536586,383.81538461538463,17.77146020650592,True,16650.0,869.45,869.45,308.4,2.44,34.85,34.35,42.57,4.69,16.51,23.41,35.82,17.27,0.88,58.27,2.14,35.19,263.46,0.25,235.32,19.29,8.6,0.0,127.58,0.54,1.87,0.05,5.97,9.1,11.38,7.04,0.0,91.62,170.01,170.01,0.0
ZM30LGGI,ZM30LGGI,ZH,Massiv,30 kWh,LW Wärmepumpe,gering,Kreuzung,Gitter,516346,516345.92164767644,225190.7119476923,1779.675175384616,25446.96,25083.28149230769,31086.672295384615,3425.6492307692315,12054.6,17096.508,26158.0968,12612.17353846154,644.8098461538463,42546.325569230765,1559.52,25696.440000000002,39267.0,184.68,18720.481516034546,14082.647040000003,6279.188987076923,0.0,93157,390.89400000000006,1368.0,38.136,4362.13860923077,6647.34,8310.96,5140.800000000001,0.0,66899.02153846154,158731,158730.92200918036,0.0,500.0,Zeile,Gitter,60000.0,6984.0,5586.0,4080.0,12474.0,11514.461538461539,9211.569230769232,0.2079,0.6237,3.0,37422.0,42027.78461538462,29937.600000000002,35723.61692307692,0.39634439634439633,12.0,41.0,730.1853658536586,383.81538461538463,14.453909377639885,True,16650.0,707.14,707.14,308.4,2.44,34.85,34.35,42.57,4.69,16.51,23.41,35.82,17.27,0.88,58.27,2.14,35.19,53.78,0.25,25.64,19.29,8.6,0.0,127.58,0.54,1.87,0.05,5.97,9.1,11.38,7.04,0.0,91.62,217.38,217.38,0.0
ZM30EGGI,ZM30EGGI,ZH,Massiv,30 kWh,Erdgas,gering,Kreuzung,Gitter,648927,648926.878735566,225190.7119476923,1779.675175384616,25446.96,25083.28149230769,31086.672295384615,3425.6492307692315,12054.6,17096.508,26158.0968,12612.17353846154,644.8098461538463,42546.325569230765,1559.52,25696.440000000002,46046.7,184.68,25500.2210291045,14082.647040000003,6279.188987076923,0.0,93157,390.89400000000006,1368.0,38.136,4362.13860923077,6647.34,8310.96,5140.800000000001,0.0,66899.02153846154,284532,284532.13958399993,0.0,500.0,Zeile,Gitter,60000.0,6984.0,5586.0,4080.0,12474.0,11514.461538461539,9211.569230769232,0.2079,0.6237,3.0,37422.0,42027.78461538462,29937.600000000002,35723.61692307692,0.39634439634439633,12.0,41.0,730.1853658536586,383.81538461538463,18.165206511224483,True,16650.0,888.72,888.72,308.4,2.44,34.85,34.35,42.57,4.69,16.51,23.41,35.82,17.27,0.88,58.27,2.14,35.19,63.06,0.25,34.92,19.29,8.6,0.0,127.58,0.54,1.87,0.05,5.97,9.1,11.38,7.04,0.0,91.62,389.67,389.67,0.0
ZM70NGGI,ZM70NGGI,ZH,Massiv,70 kWh,Nahwärme kalt,gering,Kreuzung,Gitter,751042,751041.653686506,217420.9586307692,1779.675175384616,23326.38,25083.28149230769,28057.038978461536,3425.6492307692315,12054.6,17096.508,26158.0968,12612.17353846154,644.8098461538463,42546.325569230765,1559.52,23076.9,199647.8,184.68,179101.2908994291,14082.647040000003,6279.188987076923,0.0,93157,390.89400000000006,1368.0,38.136,4362.13860923077,6647.34,8310.96,5140.800000000001,0.0,66899.02153846154,240816,240815.59798153848,0.0,500.0,Zeile,Gitter,60000.0,6984.0,5586.0,4080.0,12474.0,11514.461538461539,9211.569230769232,0.2079,0.6237,3.0,37422.0,42027.78461538462,29937.600000000002,35723.61692307692,0.39634439634439633,12.0,41.0,730.1853658536586,383.81538461538463,21.02367336722123,True,16650.0,1028.56,1028.56,297.76,2.44,31.95,34.35,38.42,4.69,16.51,23.41,35.82,17.27,0.88,58.27,2.14,31.6,273.42,0.25,245.28,19.29,8.6,0.0,127.58,0.54,1.87,0.05,5.97,9.1,11.38,7.04,0.0,91.62,329.8,329.8,0.0
ZM70LGGI,ZM70LGGI,ZH,Massiv,70 kWh,LW Wärmepumpe,gering,Kreuzung,Gitter,662320,662320.2290703764,217420.9586307692,1779.675175384616,23326.38,25083.28149230769,28057.038978461536,3425.6492307692315,12054.6,17096.508,26158.0968,12612.17353846154,644.8098461538463,42546.325569230765,1559.52,23076.9,43813.8,184.68,23267.32258352637,14082.647040000003,6279.188987076923,0.0,93157,390.89400000000006,1368.0,38.136,4362.13860923077,6647.34,8310.96,5140.800000000001,0.0,66899.02153846154,307928,307928.1416813116,0.0,500.0,Zeile,Gitter,60000.0,6984.0,5586.0,4080.0,12474.0,11514.461538461539,9211.569230769232,0.2079,0.6237,3.0,37422.0,42027.78461538462,29937.600000000002,35723.61692307692,0.39634439634439633,12.0,41.0,730.1853658536586,383.81538461538463,18.5401223648921,True,16650.0,907.06,907.06,297.76,2.44,31.95,34.35,38.42,4.69,16.51,23.41,35.82,17.27,0.88,58.27,2.14,31.6,60.0,0.25,31.86,19.29,8.6,0.0,127.58,0.54,1.87,0.05,5.97,9.1,11.38,7.04,0.0,91.62,421.71,421.71,0.0
ZM70EGGI,ZM70EGGI,ZH,Massiv,70 kWh,Erdgas,gering,Kreuzung,Gitter,911314,911314.1515238192,217420.9586307692,1779.675175384616,23326.38,25083.28149230769,28057.038978461536,3425.6492307692315,12054.6,17096.508,26158.0968,12612.17353846154,644.8098461538463,42546.325569230765,1559.52,23076.9,48761.2,184.68,28214.687134280648,14082.647040000003,6279.188987076923,0.0,93157,390.89400000000006,1368.0,38.136,4362.13860923077,6647.34,8310.96,5140.800000000001,0.0,66899.02153846154,551975,551974.699584,0.0,500.0,Zeile,Gitter,60000.0,6984.0,5586.0,4080.0,12474.0,11514.461538461539,9211.569230769232,0.2079,0.6237,3.0,37422.0,42027.78461538462,29937.600000000002,35723.61692307692,0.39634439634439633,12.0,41.0,730.1853658536586,383.81538461538463,25.51013111259526,True,16650.0,1248.06,1248.06,297.76,2.44,31.95,34.35,38.42,4.69,16.51,23.41,35.82,17.27,0.88,58.27,2.14,31.6,66.78,0.25,38.64,19.29,8.6,0.0,127.58,0.54,1.87,0.05,5.97,9.1,11.38,7.04,0.0,91.62,755.94,755.94,0.0
PH15NGGI,PH15NGGI,PH,Holz,15 kWh,Nahwärme kalt,gering,Kreuzung,Gitter,350506,350506.3956971202,132313.63033318683,1109.4079015384618,17184.96,15664.401969230768,18182.938633846155,2412.9969230769234,12787.2,10657.56342857143,12048.546461538464,4419.399876923077,200.9796923076923,24190.595446153842,779.76,12674.88,101708.0,396.71999999999997,88618.20013562564,8778.79296,3914.2996283076927,0.0,66377,444.27600000000007,1368.0,43.344,2719.255236923078,6647.34,8310.96,5140.800000000001,0.0,41703.286153846166,50107,50107.49124923078,0.0,400.0,Punkt,Gitter,60000.0,6984.0,5586.0,4080.0,7776.0,7177.846153846155,5742.2769230769245,0.1296,0.3888,3.0,23328.0,26199.138461538463,18662.4,22269.26769230769,0.5185185185185185,24.0,41.0,455.180487804878,239.2615384615385,15.739466629079727,True,16650.0,770.04,770.04,290.68,2.44,37.75,34.41,39.95,5.3,28.09,23.41,26.47,9.71,0.44,53.15,1.71,27.85,223.45,0.87,194.69,19.29,8.6,0.0,145.83,0.98,3.01,0.1,5.97,14.6,18.26,11.29,0.0,91.62,110.08,110.08,0.0
PH15LGGI,PH15LGGI,PH,Holz,15 kWh,LW Wärmepumpe,gering,Kreuzung,Gitter,285355,285354.8786431096,132313.63033318683,1109.4079015384618,17184.96,15664.401969230768,18182.938633846155,2412.9969230769234,12787.2,10657.56342857143,12048.546461538464,4419.399876923077,200.9796923076923,24190.595446153842,779.76,12674.88,22592.1,396.71999999999997,9502.300274452373,8778.79296,3914.2996283076927,0.0,66377,444.27600000000007,1368.0,43.344,2719.255236923078,6647.34,8310.96,5140.800000000001,0.0,41703.286153846166,64072,64071.874056393455,0.0,400.0,Punkt,Gitter,60000.0,6984.0,5586.0,4080.0,7776.0,7177.846153846155,5742.2769230769245,0.1296,0.3888,3.0,23328.0,26199.138461538463,18662.4,22269.26769230769,0.5185185185185185,24.0,41.0,455.180487804878,239.2615384615385,12.81384204392485,True,16650.0,626.91,626.9,290.68,2.44,37.75,34.41,39.95,5.3,28.09,23.41,26.47,9.71,0.44,53.15,1.71,27.85,49.63,0.87,20.88,19.29,8.6,0.0,145.83,0.98,3.01,0.1,5.97,14.6,18.26,11.29,0.0,91.62,140.76,140.76,0.0
PH15EGGI,PH15EGGI,PH,Holz,15 kWh,Erdgas,gering,Kreuzung,Gitter,336937,336937.07111860474,132313.63033318683,1109.4079015384618,17184.96,15664.401969230768,18182.938633846155,2412.9969230769234,12787.2,10657.56342857143,12048.546461538464,4419.399876923077,200.9796923076923,24190.595446153842,779.76,12674.88,23394.5,396.71999999999997,10304.72239034098,8778.79296,3914.2996283076927,0.0,66377,444.27600000000007,1368.0,43.344,2719.255236923078,6647.34,8310.96,5140.800000000001,0.0,41703.286153846166,114852,114851.64441600001,0.0,400.0,Punkt,Gitter,60000.0,6984.0,5586.0,4080.0,7776.0,7177.846153846155,5742.2769230769245,0.1296,0.3888,3.0,23328.0,26199.138461538463,18662.4,22269.26769230769,0.5185185185185185,24.0,41.0,455.180487804878,239.2615384615385,15.130137001989986,True,16650.0,740.23,740.23,290.68,2.44,37.75,34.41,39.95,5.3,28.09,23.41,26.47,9.71,0.44,53.15,1.71,27.85,51.4,0.87,22.64,19.29,8.6,0.0,145.83,0.98,3.01,0.1,5.97,14.6,18.26,11.29,0.0,91.62,252.32,252.32,0.0
PH30NGGI,PH30NGGI,PH,Holz,30 kWh,Nahwärme kalt,gering,Kreuzung,Gitter,372543,372543.18520699,125777.85536703297,1109.4079015384618,15863.04,15664.401969230768,14679.803667692307,2412.9969230769234,12787.2,10657.56342857143,12048.546461538464,4419.399876923077,200.9796923076923,24190.595446153842,779.76,10964.16,103004.8,396.71999999999997,89914.94922703391,8778.79296,3914.2996283076927,0.0,66377,444.27600000000007,1368.0,43.344,2719.255236923078,6647.34,8310.96,5140.800000000001,0.0,41703.286153846166,77383,77383.30663384616,0.0,400.0,Punkt,Gitter,60000.0,6984.0,5586.0,4080.0,7776.0,7177.846153846155,5742.2769230769245,0.1296,0.3888,3.0,23328.0,26199.138461538463,18662.4,22269.26769230769,0.5185185185185185,24.0,41.0,455.180487804878,239.2615384615385,16.72902721159865,True,16650.0,818.45,818.45,276.33,2.44,34.85,34.41,32.25,5.3,28.09,23.41,26.47,9.71,0.44,53.15,1.71,24.09,226.29,0.87,197.54,19.29,8.6,0.0,145.83,0.98,3.01,0.1,5.97,14.6,18.26,11.29,0.0,91.62,170.01,170.01,0.0
PH30LGGI,PH30LGGI,PH,Holz,30 kWh,LW Wärmepumpe,gering,Kreuzung,Gitter,314414,314413.6531805541,125777.85536703297,1109.4079015384618,15863.04,15664.401969230768,14679.803667692307,2412.9969230769234,12787.2,10657.56342857143,12048.546461538464,4419.399876923077,200.9796923076923,24190.595446153842,779.76,10964.16,23309.4,396.71999999999997,10219.577646903197,8778.79296,3914.2996283076927,0.0,66377,444.27600000000007,1368.0,43.344,2719.255236923078,6647.34,8310.96,5140.800000000001,0.0,41703.286153846166,98949,98949.146187541,0.0,400.0,Punkt,Gitter,60000.0,6984.0,5586.0,4080.0,7776.0,7177.846153846155,5742.2769230769245,0.1296,0.3888,3.0,23328.0,26199.138461538463,18662.4,22269.26769230769,0.5185185185185185,24.0,41.0,455.180487804878,239.2615384615385,14.11872440193261,True,16650.0,690.75,690.75,276.33,2.44,34.85,34.41,32.25,5.3,28.09,23.41,26.47,9.71,0.44,53.15,1.71,24.09,51.21,0.87,22.45,19.29,8.6,0.0,145.83,0.98,3.01,0.1,5.97,14.6,18.26,11.29,0.0,91.62,217.38,217.38,0.0
PH30EGGI,PH30EGGI,PH,Holz,30 kWh,Erdgas,gering,Kreuzung,Gitter,393278,393278.0464150908,125777.85536703297,1109.4079015384618,15863.04,15664.401969230768,14679.803667692307,2412.9969230769234,12787.2,10657.56342857143,12048.546461538464,4419.399876923077,200.9796923076923,24190.595446153842,779.76,10964.16,23752.2,396.71999999999997,10662.432652980886,8778.79296,3914.2996283076927,0.0,66377,444.27600000000007,1368.0,43.344,2719.255236923078,6647.34,8310.96,5140.800000000001,0.0,41703.286153846166,177371,177370.684416,0.0,400.0,Punkt,Gitter,60000.0,6984.0,5586.0,4080.0,7776.0,7177.846153846155,5742.2769230769245,0.1296,0.3888,3.0,23328.0,26199.138461538463,18662.4,22269.26769230769,0.5185185185185185,24.0,41.0,455.180487804878,239.2615384615385,17.660124789417207,True,16650.0,864.0,864.0,276.33,2.44,34.85,34.41,32.25,5.3,28.09,23.41,26.47,9.71,0.44,53.15,1.71,24.09,52.18,0.87,23.42,19.29,8.6,0.0,145.83,0.98,3.01,0.1,5.97,14.6,18.26,11.29,0.0,91.62,389.67,389.67,0.0
PH70NGGI,PH70NGGI,PH,Holz,70 kWh,Nahwärme kalt,gering,Kreuzung,Gitter,444963,444962.9863192709,120777.3118101099,1109.4079015384618,14541.12,15664.401969230768,13178.46011076923,2412.9969230769234,12787.2,10657.56342857143,12048.546461538464,4419.399876923077,200.9796923076923,24190.595446153842,779.76,8786.88,107689.6,396.71999999999997,94599.78620393023,8778.79296,3914.2996283076927,0.0,66377,444.27600000000007,1368.0,43.344,2719.255236923078,6647.34,8310.96,5140.800000000001,0.0,41703.286153846166,150119,150118.81432615386,0.0,400.0,Punkt,Gitter,60000.0,6984.0,5586.0,4080.0,7776.0,7177.846153846155,5742.2769230769245,0.1296,0.3888,3.0,23328.0,26199.138461538463,18662.4,22269.26769230769,0.5185185185185185,24.0,41.0,455.180487804878,239.2615384615385,19.981033614004794,True,16650.0,977.55,977.55,265.34,2.44,31.95,34.41,28.95,5.3,28.09,23.41,26.47,9.71,0.44,53.15,1.71,19.3,236.59,0.87,207.83,19.29,8.6,0.0,145.83,0.98,3.01,0.1,5.97,14.6,18.26,11.29,0.0,91.62,329.8,329.8,0.0
PH70LGGI,PH70LGGI,PH,Holz,70 kWh,LW Wärmepumpe,gering,Kreuzung,Gitter,405830,405829.5928660122,120777.3118101099,1109.4079015384618,14541.12,15664.401969230768,13178.46011076923,2412.9969230769234,12787.2,10657.56342857143,12048.546461538464,4419.399876923077,200.9796923076923,24190.595446153842,779.76,8786.88,26719.8,396.71999999999997,13630.001872890905,8778.79296,3914.2996283076927,0.0,66377,444.27600000000007,1368.0,43.344,2719.255236923078,6647.34,8310.96,5140.800000000001,0.0,41703.286153846166,191955,191955.20520393446,0.0,400.0,Punkt,Gitter,60000.0,6984.0,5586.0,4080.0,7776.0,7177.846153846155,5742.2769230769245,0.1296,0.3888,3.0,23328.0,26199.138461538463,18662.4,22269.26769230769,0.5185185185185185,24.0,41.0,455.180487804878,239.2615384615385,18.22375115667566,True,16650.0,891.58,891.58,265.34,2.44,31.95,34.41,28.95,5.3,28.09,23.41,26.47,9.71,0.44,53.15,1.71,19.3,58.7,0.87,29.94,19.29,8.6,0.0,145.83,0.98,3.01,0.1,5.97,14.6,18.26,11.29,0.0,91.62,421.71,421.71,0.0
PH70EGGI,PH70EGGI,PH,Holz,70 kWh,Erdgas,gering,Kreuzung,Gitter,560775,560775.2307781797,120777.3118101099,1109.4079015384618,14541.12,15664.401969230768,13178.46011076923,2412.9969230769234,12787.2,10657.56342857143,12048.546461538464,4419.399876923077,200.9796923076923,24190.595446153842,779.76,8786.88,29532.5,396.71999999999997,16442.720572992832,8778.79296,3914.2996283076927,0.0,66377,444.27600000000007,1368.0,43.344,2719.255236923078,6647.34,8310.96,5140.800000000001,0.0,41703.286153846166,344088,344088.12441600004,0.0,400.0,Punkt,Gitter,60000.0,6984.0,5586.0,4080.0,7776.0,7177.846153846155,5742.2769230769245,0.1296,0.3888,3.0,23328.0,26199.138461538463,18662.4,22269.26769230769,0.5185185185185185,24.0,41.0,455.180487804878,239.2615384615385,25.181574828878823,True,16650.0,1231.98,1231.98,265.34,2.44,31.95,34.41,28.95,5.3,28.09,23.41,26.47,9.71,0.44,53.15,1.71,19.3,64.88,0.87,36.12,19.29,8.6,0.0,145.83,0.98,3.01,0.1,5.97,14.6,18.26,11.29,0.0,91.62,755.94,755.94,0.0
PM15NGGI,PM15NGGI,PH,Massiv,15 kWh,Nahwärme kalt,gering,Kreuzung,Gitter,391745,391744.9392048125,173552.17384087914,1109.4079015384618,17184.96,15664.401969230768,44039.41100307692,2412.9969230769234,12787.2,10657.56342857143,19519.488000000005,5829.846646153846,200.9796923076923,26569.998276923074,779.76,16796.16,101708.0,396.71999999999997,88618.20013562564,8778.79296,3914.2996283076927,0.0,66377,444.27600000000007,1368.0,43.344,2719.255236923078,6647.34,8310.96,5140.800000000001,0.0,41703.286153846166,50107,50107.49124923078,0.0,400.0,Punkt,Gitter,60000.0,6984.0,5586.0,4080.0,7776.0,7177.846153846155,5742.2769230769245,0.1296,0.3888,3.0,23328.0,26199.138461538463,18662.4,22269.26769230769,0.5185185185185185,24.0,41.0,455.180487804878,239.2615384615385,17.591280711046018,True,16650.0,860.64,860.64,381.28,2.44,37.75,34.41,96.75,5.3,28.09,23.41,42.88,12.81,0.44,58.37,1.71,36.9,223.45,0.87,194.69,19.29,8.6,0.0,145.83,0.98,3.01,0.1,5.97,14.6,18.26,11.29,0.0,91.62,110.08,110.08,0.0
PM15LGGI,PM15LGGI,PH,Massiv,15 kWh,LW Wärmepumpe,gering,Kreuzung,Gitter,326593,326593.4221508019,173552.17384087914,1109.4079015384618,17184.96,15664.401969230768,44039.41100307692,2412.9969230769234,12787.2,10657.56342857143,19519.488000000005,5829.846646153846,200.9796923076923,26569.998276923074,779.76,16796.16,22592.1,396.71999999999997,9502.300274452373,8778.79296,3914.2996283076927,0.0,66377,444.27600000000007,1368.0,43.344,2719.255236923078,6647.34,8310.96,5140.800000000001,0.0,41703.286153846166,64072,64071.874056393455,0.0,400.0,Punkt,Gitter,60000.0,6984.0,5586.0,4080.0,7776.0,7177.846153846155,5742.2769230769245,0.1296,0.3888,3.0,23328.0,26199.138461538463,18662.4,22269.26769230769,0.5185185185185185,24.0,41.0,455.180487804878,239.2615384615385,14.66565612589114,True,16650.0,717.5,717.5,381.28,2.44,37.75,34.41,96.75,5.3,28.09,23.41,42.88,12.81,0.44,58.37,1.71,36.9,49.63,0.87,20.88,19.29,8.6,0.0,145.83,0.98,3.01,0.1,5.97,14.6,18.26,11.29,0.0,91.62,140.76,140.76,0.0
PM15EGGI,PM15EGGI,PH,Massiv,15 kWh,Erdgas,gering,Kreuzung,Gitter,378176,378175.614626297,173552.17384087914,1109.4079015384618,17184.96,15664.401969230768,44039.41100307692,2412.9969230769234,12787.2,10657.56342857143,19519.488000000005,5829.846646153846,200.9796923076923,26569.998276923074,779.76,16796.16,23394.5,396.71999999999997,10304.72239034098,8778.79296,3914.2996283076927,0.0,66377,444.27600000000007,1368.0,43.344,2719.255236923078,6647.34,8310.96,5140.800000000001,0.0,41703.286153846166,114852,114851.64441600001,0.0,400.0,Punkt,Gitter,60000.0,6984.0,5586.0,4080.0,7776.0,7177.846153846155,5742.2769230769245,0.1296,0.3888,3.0,23328.0,26199.138461538463,18662.4,22269.26769230769,0.5185185185185185,24.0,41.0,455.180487804878,239.2615384615385,16.981951083956275,True,16650.0,830.83,830.83,381.28,2.44,37.75,34.41,96.75,5.3,28.09,23.41,42.88,12.81,0.44,58.37,1.71,36.9,51.4,0.87,22.64,19.29,8.6,0.0,145.83,0.98,3.01,0.1,5.97,14.6,18.26,11.29,0.0,91.62,252.32,252.32,0.0
PM30NGGI,PM30NGGI,PH,Massiv,30 kWh,Nahwärme kalt,gering,Kreuzung,Gitter,413547,413547.13705929765,166781.8072193407,1109.4079015384618,15863.04,15664.401969230768,39368.56438153846,2412.9969230769234,12787.2,10657.56342857143,19519.488000000005,5829.846646153846,200.9796923076923,26569.998276923074,779.76,16018.560000000001,103004.8,396.71999999999997,89914.94922703391,8778.79296,3914.2996283076927,0.0,66377,444.27600000000007,1368.0,43.344,2719.255236923078,6647.34,8310.96,5140.800000000001,0.0,41703.286153846166,77383,77383.30663384616,0.0,400.0,Punkt,Gitter,60000.0,6984.0,5586.0,4080.0,7776.0,7177.846153846155,5742.2769230769245,0.1296,0.3888,3.0,23328.0,26199.138461538463,18662.4,22269.26769230769,0.5185185185185185,24.0,41.0,455.180487804878,239.2615384615385,18.570306970720292,True,16650.0,908.53,908.53,366.41,2.44,34.85,34.41,86.49,5.3,28.09,23.41,42.88,12.81,0.44,58.37,1.71,35.19,226.29,0.87,197.54,19.29,8.6,0.0,145.83,0.98,3.01,0.1,5.97,14.6,18.26,11.29,0.0,91.62,170.01,170.01,0.0
PM30LGGI,PM30LGGI,PH,Massiv,30 kWh,LW Wärmepumpe,gering,Kreuzung,Gitter,355418,355417.6050328618,166781.8072193407,1109.4079015384618,15863.04,15664.401969230768,39368.56438153846,2412.9969230769234,12787.2,10657.56342857143,19519.488000000005,5829.846646153846,200.9796923076923,26569.998276923074,779.76,16018.560000000001,23309.4,396.71999999999997,10219.577646903197,8778.79296,3914.2996283076927,0.0,66377,444.27600000000007,1368.0,43.344,2719.255236923078,6647.34,8310.96,5140.800000000001,0.0,41703.286153846166,98949,98949.146187541,0.0,400.0,Punkt,Gitter,60000.0,6984.0,5586.0,4080.0,7776.0,7177.846153846155,5742.2769230769245,0.1296,0.3888,3.0,23328.0,26199.138461538463,18662.4,22269.26769230769,0.5185185185185185,24.0,41.0,455.180487804878,239.2615384615385,15.960004161054254,True,16650.0,780.83,780.83,366.41,2.44,34.85,34.41,86.49,5.3,28.09,23.41,42.88,12.81,0.44,58.37,1.71,35.19,51.21,0.87,22.45,19.29,8.6,0.0,145.83,0.98,3.01,0.1,5.97,14.6,18.26,11.29,0.0,91.62,217.38,217.38,0.0
PM30EGGI,PM30EGGI,PH,Massiv,30 kWh,Erdgas,gering,Kreuzung,Gitter,434282,434281.99826739857,166781.8072193407,1109.4079015384618,15863.04,15664.401969230768,39368.56438153846,2412.9969230769234,12787.2,10657.56342857143,19519.488000000005,5829.846646153846,200.9796923076923,26569.998276923074,779.76,16018.560000000001,23752.2,396.71999999999997,10662.432652980886,8778.79296,3914.2996283076927,0.0,66377,444.27600000000007,1368.0,43.344,2719.255236923078,6647.34,8310.96,5140.800000000001,0.0,41703.286153846166,177371,177370.684416,0.0,400.0,Punkt,Gitter,60000.0,6984.0,5586.0,4080.0,7776.0,7177.846153846155,5742.2769230769245,0.1296,0.3888,3.0,23328.0,26199.138461538463,18662.4,22269.26769230769,0.5185185185185185,24.0,41.0,455.180487804878,239.2615384615385,19.50140454853885,True,16650.0,954.09,954.09,366.41,2.44,34.85,34.41,86.49,5.3,28.09,23.41,42.88,12.81,0.44,58.37,1.71,35.19,52.18,0.87,23.42,19.29,8.6,0.0,145.83,0.98,3.01,0.1,5.97,14.6,18.26,11.29,0.0,91.62,389.67,389.67,0.0
PM70NGGI,PM70NGGI,PH,Massiv,70 kWh,Nahwärme kalt,gering,Kreuzung,Gitter,484176,484175.8348608094,159990.16035164837,1109.4079015384618,14541.12,15664.401969230768,35531.797513846155,2412.9969230769234,12787.2,10657.56342857143,19519.488000000005,5829.846646153846,200.9796923076923,26569.998276923074,779.76,14385.6,107689.6,396.71999999999997,94599.78620393023,8778.79296,3914.2996283076927,0.0,66377,444.27600000000007,1368.0,43.344,2719.255236923078,6647.34,8310.96,5140.800000000001,0.0,41703.286153846166,150119,150118.81432615386,0.0,400.0,Punkt,Gitter,60000.0,6984.0,5586.0,4080.0,7776.0,7177.846153846155,5742.2769230769245,0.1296,0.3888,3.0,23328.0,26199.138461538463,18662.4,22269.26769230769,0.5185185185185185,24.0,41.0,455.180487804878,239.2615384615385,21.741883996843537,True,16650.0,1063.7,1063.7,351.49,2.44,31.95,34.41,78.06,5.3,28.09,23.41,42.88,12.81,0.44,58.37,1.71,31.6,236.59,0.87,207.83,19.29,8.6,0.0,145.83,0.98,3.01,0.1,5.97,14.6,18.26,11.29,0.0,91.62,329.8,329.8,0.0
PM70LGGI,PM70LGGI,PH,Massiv,70 kWh,LW Wärmepumpe,gering,Kreuzung,Gitter,445042,445042.4414075507,159990.16035164837,1109.4079015384618,14541.12,15664.401969230768,35531.797513846155,2412.9969230769234,12787.2,10657.56342857143,19519.488000000005,5829.846646153846,200.9796923076923,26569.998276923074,779.76,14385.6,26719.8,396.71999999999997,13630.001872890905,8778.79296,3914.2996283076927,0.0,66377,444.27600000000007,1368.0,43.344,2719.255236923078,6647.34,8310.96,5140.800000000001,0.0,41703.286153846166,191955,191955.20520393446,0.0,400.0,Punkt,Gitter,60000.0,6984.0,5586.0,4080.0,7776.0,7177.846153846155,5742.2769230769245,0.1296,0.3888,3.0,23328.0,26199.138461538463,18662.4,22269.26769230769,0.5185185185185185,24.0,41.0,455.180487804878,239.2615384615385,19.984601539514404,True,16650.0,977.73,977.73,351.49,2.44,31.95,34.41,78.06,5.3,28.09,23.41,42.88,12.81,0.44,58.37,1.71,31.6,58.7,0.87,29.94,19.29,8.6,0.0,145.83,0.98,3.01,0.1,5.97,14.6,18.26,11.29,0.0,91.62,421.71,421.71,0.0
PM70EGGI,PM70EGGI,PH,Massiv,70 kWh,Erdgas,gering,Kreuzung,Gitter,599988,599988.0793197182,159990.16035164837,1109.4079015384618,14541.12,15664.401969230768,35531.797513846155,2412.9969230769234,12787.2,10657.56342857143,19519.488000000005,5829.846646153846,200.9796923076923,26569.998276923074,779.76,14385.6,29532.5,396.71999999999997,16442.720572992832,8778.79296,3914.2996283076927,0.0,66377,444.27600000000007,1368.0,43.344,2719.255236923078,6647.34,8310.96,5140.800000000001,0.0,41703.286153846166,344088,344088.12441600004,0.0,400.0,Punkt,Gitter,60000.0,6984.0,5586.0,4080.0,7776.0,7177.846153846155,5742.2769230769245,0.1296,0.3888,3.0,23328.0,26199.138461538463,18662.4,22269.26769230769,0.5185185185185185,24.0,41.0,455.180487804878,239.2615384615385,26.942425211717566,True,16650.0,1318.13,1318.13,351.49,2.44,31.95,34.41,78.06,5.3,28.09,23.41,42.88,12.81,0.44,58.37,1.71,31.6,64.88,0.87,36.12,19.29,8.6,0.0,145.83,0.98,3.01,0.1,5.97,14.6,18.26,11.29,0.0,91.62,755.94,755.94,0.0
BH15NGGI,BH15NGGI,BW,Holz,15 kWh,Nahwärme kalt,gering,Kreuzung,Gitter,1091375,1091375.0661680358,365876.4006013187,4037.012086153847,46900.62,57111.61827692308,25471.255495384616,7414.227692307694,8724.6,38781.68914285715,16051.569230769233,35600.72123076923,914.1784615384615,88197.68898461538,2079.36,34591.86,359649.4,71.82000000000001,308485.6615414863,31945.052160000007,14243.70142523077,4903.200000000001,183514,362.48100000000005,1368.0,35.364,9895.06766769231,6647.34,8310.96,5140.800000000001,0.0,151753.62461538467,182336,182335.59315692316,0.0,600.0,BW,Gitter,60000.0,6984.0,5586.0,4080.0,21222.0,26119.38461538462,20895.5076923077,0.3537,1.4148,4.0,84888.0,95335.75384615385,67910.40000000001,81035.39076923077,0.3148148148148148,6.0,41.0,1656.3512195121955,870.646153846154,13.467881820623395,True,16650.0,658.9,658.9,220.89,2.44,28.32,34.48,15.38,4.48,5.27,23.41,9.69,21.49,0.55,53.25,1.26,20.88,217.13,0.04,186.24,19.29,8.6,2.96,110.79,0.22,0.83,0.02,5.97,4.01,5.02,3.1,0.0,91.62,110.08,110.08,0.0
BH15LGGI,BH15LGGI,BW,Holz,15 kWh,LW Wärmepumpe,gering,Kreuzung,Gitter,869090,869089.7531494003,365876.4006013187,4037.012086153847,46900.62,57111.61827692308,25471.255495384616,7414.227692307694,8724.6,38781.68914285715,16051.569230769233,35600.72123076923,914.1784615384615,88197.68898461538,2079.36,34591.86,86549.3,71.82000000000001,35385.51108567536,31945.052160000007,14243.70142523077,4903.200000000001,183514,362.48100000000005,1368.0,35.364,9895.06766769231,6647.34,8310.96,5140.800000000001,0.0,151753.62461538467,233150,233150.4305940985,0.0,600.0,BW,Gitter,60000.0,6984.0,5586.0,4080.0,21222.0,26119.38461538462,20895.5076923077,0.3537,1.4148,4.0,84888.0,95335.75384615385,67910.40000000001,81035.39076923077,0.3148148148148148,6.0,41.0,1656.3512195121955,870.646153846154,10.724817205168518,True,16650.0,524.7,524.7,220.89,2.44,28.32,34.48,15.38,4.48,5.27,23.41,9.69,21.49,0.55,53.25,1.26,20.88,52.25,0.04,21.36,19.29,8.6,2.96,110.79,0.22,0.83,0.02,5.97,4.01,5.02,3.1,0.0,91.62,140.76,140.76,0.0
BH15EGGI,BH15EGGI,BW,Holz,15 kWh,Erdgas,gering,Kreuzung,Gitter,1066424,1066424.265509944,365876.4006013187,4037.012086153847,46900.62,57111.61827692308,25471.255495384616,7414.227692307694,8724.6,38781.68914285715,16051.569230769233,35600.72123076923,914.1784615384615,88197.68898461538,2079.36,34591.86,99101.9,71.82000000000001,47938.081304317195,31945.052160000007,14243.70142523077,4903.200000000001,183514,362.48100000000005,1368.0,35.364,9895.06766769231,6647.34,8310.96,5140.800000000001,0.0,151753.62461538467,417932,417932.3727360001,0.0,600.0,BW,Gitter,60000.0,6984.0,5586.0,4080.0,21222.0,26119.38461538462,20895.5076923077,0.3537,1.4148,4.0,84888.0,95335.75384615385,67910.40000000001,81035.39076923077,0.3148148148148148,6.0,41.0,1656.3512195121955,870.646153846154,13.159981773233657,True,16650.0,643.84,643.84,220.89,2.44,28.32,34.48,15.38,4.48,5.27,23.41,9.69,21.49,0.55,53.25,1.26,20.88,59.83,0.04,28.94,19.29,8.6,2.96,110.79,0.22,0.83,0.02,5.97,4.01,5.02,3.1,0.0,91.62,252.32,252.32,0.0
BH30NGGI,BH30NGGI,BW,Holz,30 kWh,Nahwärme kalt,gering,Kreuzung,Gitter,1183509,1183508.932335524,352692.51449670334,4037.012086153847,43292.88,57111.61827692308,20563.94939076923,7414.227692307694,8724.6,38781.68914285715,16051.569230769233,35600.72123076923,914.1784615384615,88197.68898461538,2079.36,29923.019999999997,365713.5,71.82000000000001,314549.75227512827,31945.052160000007,14243.70142523077,4903.200000000001,183514,362.48100000000005,1368.0,35.364,9895.06766769231,6647.34,8310.96,5140.800000000001,0.0,151753.62461538467,281589,281589.25469538465,0.0,600.0,BW,Gitter,60000.0,6984.0,5586.0,4080.0,21222.0,26119.38461538462,20895.5076923077,0.3537,1.4148,4.0,84888.0,95335.75384615385,67910.40000000001,81035.39076923077,0.3148148148148148,6.0,41.0,1656.3512195121955,870.646153846154,14.604840195142291,True,16650.0,714.53,714.53,212.93,2.44,26.14,34.48,12.42,4.48,5.27,23.41,9.69,21.49,0.55,53.25,1.26,18.07,220.79,0.04,189.91,19.29,8.6,2.96,110.79,0.22,0.83,0.02,5.97,4.01,5.02,3.1,0.0,91.62,170.01,170.01,0.0
BH30LGGI,BH30LGGI,BW,Holz,30 kWh,LW Wärmepumpe,gering,Kreuzung,Gitter,986768,986768.2838492187,352692.51449670334,4037.012086153847,43292.88,57111.61827692308,20563.94939076923,7414.227692307694,8724.6,38781.68914285715,16051.569230769233,35600.72123076923,914.1784615384615,88197.68898461538,2079.36,29923.019999999997,90497.2,71.82000000000001,39333.40985732232,31945.052160000007,14243.70142523077,4903.200000000001,183514,362.48100000000005,1368.0,35.364,9895.06766769231,6647.34,8310.96,5140.800000000001,0.0,151753.62461538467,360065,360064.9486268853,0.0,600.0,BW,Gitter,60000.0,6984.0,5586.0,4080.0,21222.0,26119.38461538462,20895.5076923077,0.3537,1.4148,4.0,84888.0,95335.75384615385,67910.40000000001,81035.39076923077,0.3148148148148148,6.0,41.0,1656.3512195121955,870.646153846154,12.177004077876251,True,16650.0,595.75,595.75,212.93,2.44,26.14,34.48,12.42,4.48,5.27,23.41,9.69,21.49,0.55,53.25,1.26,18.07,54.64,0.04,23.75,19.29,8.6,2.96,110.79,0.22,0.83,0.02,5.97,4.01,5.02,3.1,0.0,91.62,217.38,217.38,0.0
BH30EGGI,BH30EGGI,BW,Holz,30 kWh,Erdgas,gering,Kreuzung,Gitter,1283328,1283328.0005434295,352692.51449670334,4037.012086153847,43292.88,57111.61827692308,20563.94939076923,7414.227692307694,8724.6,38781.68914285715,16051.569230769233,35600.72123076923,914.1784615384615,88197.68898461538,2079.36,29923.019999999997,101689.6,71.82000000000001,50525.862442418205,31945.052160000007,14243.70142523077,4903.200000000001,183514,362.48100000000005,1368.0,35.364,9895.06766769231,6647.34,8310.96,5140.800000000001,0.0,151753.62461538467,645432,645432.2127360001,0.0,600.0,BW,Gitter,60000.0,6984.0,5586.0,4080.0,21222.0,26119.38461538462,20895.5076923077,0.3537,1.4148,4.0,84888.0,95335.75384615385,67910.40000000001,81035.39076923077,0.3148148148148148,6.0,41.0,1656.3512195121955,870.646153846154,15.83663617046085,True,16650.0,774.79,774.79,212.93,2.44,26.14,34.48,12.42,4.48,5.27,23.41,9.69,21.49,0.55,53.25,1.26,18.07,61.39,0.04,30.5,19.29,8.6,2.96,110.79,0.22,0.83,0.02,5.97,4.01,5.02,3.1,0.0,91.62,389.67,389.67,0.0
BH70NGGI,BH70NGGI,BW,Holz,70 kWh,Nahwärme kalt,gering,Kreuzung,Gitter,1452698,1452698.0631079562,341039.483309011,4037.012086153847,39685.14,57111.61827692308,18460.818203076924,7414.227692307694,8724.6,38781.68914285715,16051.569230769233,35600.72123076923,914.1784615384615,88197.68898461538,2079.36,23980.859999999997,381879.3,71.82000000000001,330715.48346602195,31945.052160000007,14243.70142523077,4903.200000000001,183514,362.48100000000005,1368.0,35.364,9895.06766769231,6647.34,8310.96,5140.800000000001,0.0,151753.62461538467,546266,546265.6854646155,0.0,600.0,BW,Gitter,60000.0,6984.0,5586.0,4080.0,21222.0,26119.38461538462,20895.5076923077,0.3537,1.4148,4.0,84888.0,95335.75384615385,67910.40000000001,81035.39076923077,0.3148148148148148,6.0,41.0,1656.3512195121955,870.646153846154,17.92671139508526,True,16650.0,877.05,877.05,205.9,2.44,23.96,34.48,11.15,4.48,5.27,23.41,9.69,21.49,0.55,53.25,1.26,14.48,230.55,0.04,199.67,19.29,8.6,2.96,110.79,0.22,0.83,0.02,5.97,4.01,5.02,3.1,0.0,91.62,329.8,329.8,0.0
BH70LGGI,BH70LGGI,BW,Holz,70 kWh,LW Wärmepumpe,gering,Kreuzung,Gitter,1324068,1324067.9176509571,341039.483309011,4037.012086153847,39685.14,57111.61827692308,18460.818203076924,7414.227692307694,8724.6,38781.68914285715,16051.569230769233,35600.72123076923,914.1784615384615,88197.68898461538,2079.36,23980.859999999997,101011.1,71.82000000000001,49847.36009265458,31945.052160000007,14243.70142523077,4903.200000000001,183514,362.48100000000005,1368.0,35.364,9895.06766769231,6647.34,8310.96,5140.800000000001,0.0,151753.62461538467,698504,698503.6633809839,0.0,600.0,BW,Gitter,60000.0,6984.0,5586.0,4080.0,21222.0,26119.38461538462,20895.5076923077,0.3537,1.4148,4.0,84888.0,95335.75384615385,67910.40000000001,81035.39076923077,0.3148148148148148,6.0,41.0,1656.3512195121955,870.646153846154,16.33937845035613,True,16650.0,799.39,799.39,205.9,2.44,23.96,34.48,11.15,4.48,5.27,23.41,9.69,21.49,0.55,53.25,1.26,14.48,60.98,0.04,30.09,19.29,8.6,2.96,110.79,0.22,0.83,0.02,5.97,4.01,5.02,3.1,0.0,91.62,421.71,421.71,0.0
BH70EGGI,BH70EGGI,BW,Holz,70 kWh,Erdgas,gering,Kreuzung,Gitter,1885291,1885290.9158188372,341039.483309011,4037.012086153847,39685.14,57111.61827692308,18460.818203076924,7414.227692307694,8724.6,38781.68914285715,16051.569230769233,35600.72123076923,914.1784615384615,88197.68898461538,2079.36,23980.859999999997,108639.3,71.82000000000001,57475.56890551788,31945.052160000007,14243.70142523077,4903.200000000001,183514,362.48100000000005,1368.0,35.364,9895.06766769231,6647.34,8310.96,5140.800000000001,0.0,151753.62461538467,1252098,1252098.4527360005,0.0,600.0,BW,Gitter,60000.0,6984.0,5586.0,4080.0,21222.0,26119.38461538462,20895.5076923077,0.3537,1.4148,4.0,84888.0,95335.75384615385,67910.40000000001,81035.39076923077,0.3148148148148148,6.0,41.0,1656.3512195121955,870.646153846154,23.26503146245929,True,16650.0,1138.22,1138.22,205.9,2.44,23.96,34.48,11.15,4.48,5.27,23.41,9.69,21.49,0.55,53.25,1.26,14.48,65.59,0.04,34.7,19.29,8.6,2.96,110.79,0.22,0.83,0.02,5.97,4.01,5.02,3.1,0.0,91.62,755.94,755.94,0.0
BM15NGGI,BM15NGGI,BW,Massiv,15 kWh,Nahwärme kalt,gering,Kreuzung,Gitter,1168893,1168892.864444959,443394.1988782418,4037.012086153847,46900.62,57111.61827692308,61691.84817230769,7414.227692307694,8724.6,38781.68914285715,26064.000000000004,46962.65353846154,914.1784615384615,96872.87150769231,2079.36,45839.520000000004,359649.4,71.82000000000001,308485.6615414863,31945.052160000007,14243.70142523077,4903.200000000001,183514,362.48100000000005,1368.0,35.364,9895.06766769231,6647.34,8310.96,5140.800000000001,0.0,151753.62461538467,182336,182335.59315692316,0.0,600.0,BW,Gitter,60000.0,6984.0,5586.0,4080.0,21222.0,26119.38461538462,20895.5076923077,0.3537,1.4148,4.0,84888.0,95335.75384615385,67910.40000000001,81035.39076923077,0.3148148148148148,6.0,41.0,1656.3512195121955,870.646153846154,14.42447371881853,True,16650.0,705.7,705.7,267.69,2.44,28.32,34.48,37.25,4.48,5.27,23.41,15.74,28.35,0.55,58.49,1.26,27.67,217.13,0.04,186.24,19.29,8.6,2.96,110.79,0.22,0.83,0.02,5.97,4.01,5.02,3.1,0.0,91.62,110.08,110.08,0.0
BM15LGGI,BM15LGGI,BW,Massiv,15 kWh,LW Wärmepumpe,gering,Kreuzung,Gitter,946608,946607.5514263235,443394.1988782418,4037.012086153847,46900.62,57111.61827692308,61691.84817230769,7414.227692307694,8724.6,38781.68914285715,26064.000000000004,46962.65353846154,914.1784615384615,96872.87150769231,2079.36,45839.520000000004,86549.3,71.82000000000001,35385.51108567536,31945.052160000007,14243.70142523077,4903.200000000001,183514,362.48100000000005,1368.0,35.364,9895.06766769231,6647.34,8310.96,5140.800000000001,0.0,151753.62461538467,233150,233150.4305940985,0.0,600.0,BW,Gitter,60000.0,6984.0,5586.0,4080.0,21222.0,26119.38461538462,20895.5076923077,0.3537,1.4148,4.0,84888.0,95335.75384615385,67910.40000000001,81035.39076923077,0.3148148148148148,6.0,41.0,1656.3512195121955,870.646153846154,11.681409103363656,True,16650.0,571.5,571.5,267.69,2.44,28.32,34.48,37.25,4.48,5.27,23.41,15.74,28.35,0.55,58.49,1.26,27.67,52.25,0.04,21.36,19.29,8.6,2.96,110.79,0.22,0.83,0.02,5.97,4.01,5.02,3.1,0.0,91.62,140.76,140.76,0.0
BM15EGGI,BM15EGGI,BW,Massiv,15 kWh,Erdgas,gering,Kreuzung,Gitter,1143942,1143942.0637868668,443394.1988782418,4037.012086153847,46900.62,57111.61827692308,61691.84817230769,7414.227692307694,8724.6,38781.68914285715,26064.000000000004,46962.65353846154,914.1784615384615,96872.87150769231,2079.36,45839.520000000004,99101.9,71.82000000000001,47938.081304317195,31945.052160000007,14243.70142523077,4903.200000000001,183514,362.48100000000005,1368.0,35.364,9895.06766769231,6647.34,8310.96,5140.800000000001,0.0,151753.62461538467,417932,417932.3727360001,0.0,600.0,BW,Gitter,60000.0,6984.0,5586.0,4080.0,21222.0,26119.38461538462,20895.5076923077,0.3537,1.4148,4.0,84888.0,95335.75384615385,67910.40000000001,81035.39076923077,0.3148148148148148,6.0,41.0,1656.3512195121955,870.646153846154,14.116573671428792,True,16650.0,690.64,690.64,267.69,2.44,28.32,34.48,37.25,4.48,5.27,23.41,15.74,28.35,0.55,58.49,1.26,27.67,59.83,0.04,28.94,19.29,8.6,2.96,110.79,0.22,0.83,0.02,5.97,4.01,5.02,3.1,0.0,91.62,252.32,252.32,0.0
BM30NGGI,BM30NGGI,BW,Massiv,30 kWh,Nahwärme kalt,gering,Kreuzung,Gitter,1261938,1261937.6019109087,431121.1840720879,4037.012086153847,43292.88,57111.61827692308,55148.77336615384,7414.227692307694,8724.6,38781.68914285715,26064.000000000004,46962.65353846154,914.1784615384615,96872.87150769231,2079.36,43717.32,365713.5,71.82000000000001,314549.75227512827,31945.052160000007,14243.70142523077,4903.200000000001,183514,362.48100000000005,1368.0,35.364,9895.06766769231,6647.34,8310.96,5140.800000000001,0.0,151753.62461538467,281589,281589.25469538465,0.0,600.0,BW,Gitter,60000.0,6984.0,5586.0,4080.0,21222.0,26119.38461538462,20895.5076923077,0.3537,1.4148,4.0,84888.0,95335.75384615385,67910.40000000001,81035.39076923077,0.3148148148148148,6.0,41.0,1656.3512195121955,870.646153846154,15.572672506813749,True,16650.0,761.88,761.88,260.28,2.44,26.14,34.48,33.3,4.48,5.27,23.41,15.74,28.35,0.55,58.49,1.26,26.39,220.79,0.04,189.91,19.29,8.6,2.96,110.79,0.22,0.83,0.02,5.97,4.01,5.02,3.1,0.0,91.62,170.01,170.01,0.0
BM30LGGI,BM30LGGI,BW,Massiv,30 kWh,LW Wärmepumpe,gering,Kreuzung,Gitter,1065197,1065196.9534246032,431121.1840720879,4037.012086153847,43292.88,57111.61827692308,55148.77336615384,7414.227692307694,8724.6,38781.68914285715,26064.000000000004,46962.65353846154,914.1784615384615,96872.87150769231,2079.36,43717.32,90497.2,71.82000000000001,39333.40985732232,31945.052160000007,14243.70142523077,4903.200000000001,183514,362.48100000000005,1368.0,35.364,9895.06766769231,6647.34,8310.96,5140.800000000001,0.0,151753.62461538467,360065,360064.9486268853,0.0,600.0,BW,Gitter,60000.0,6984.0,5586.0,4080.0,21222.0,26119.38461538462,20895.5076923077,0.3537,1.4148,4.0,84888.0,95335.75384615385,67910.40000000001,81035.39076923077,0.3148148148148148,6.0,41.0,1656.3512195121955,870.646153846154,13.14483638954771,True,16650.0,643.1,643.1,260.28,2.44,26.14,34.48,33.3,4.48,5.27,23.41,15.74,28.35,0.55,58.49,1.26,26.39,54.64,0.04,23.75,19.29,8.6,2.96,110.79,0.22,0.83,0.02,5.97,4.01,5.02,3.1,0.0,91.62,217.38,217.38,0.0
BM30EGGI,BM30EGGI,BW,Massiv,30 kWh,Erdgas,gering,Kreuzung,Gitter,1361757,1361756.6701188139,431121.1840720879,4037.012086153847,43292.88,57111.61827692308,55148.77336615384,7414.227692307694,8724.6,38781.68914285715,26064.000000000004,46962.65353846154,914.1784615384615,96872.87150769231,2079.36,43717.32,101689.6,71.82000000000001,50525.862442418205,31945.052160000007,14243.70142523077,4903.200000000001,183514,362.48100000000005,1368.0,35.364,9895.06766769231,6647.34,8310.96,5140.800000000001,0.0,151753.62461538467,645432,645432.2127360001,0.0,600.0,BW,Gitter,60000.0,6984.0,5586.0,4080.0,21222.0,26119.38461538462,20895.5076923077,0.3537,1.4148,4.0,84888.0,95335.75384615385,67910.40000000001,81035.39076923077,0.3148148148148148,6.0,41.0,1656.3512195121955,870.646153846154,16.804468482132307,True,16650.0,822.14,822.14,260.28,2.44,26.14,34.48,33.3,4.48,5.27,23.41,15.74,28.35,0.55,58.49,1.26,26.39,61.39,0.04,30.5,19.29,8.6,2.96,110.79,0.22,0.83,0.02,5.97,4.01,5.02,3.1,0.0,91.62,389.67,389.67,0.0
BM70NGGI,BM70NGGI,BW,Massiv,70 kWh,Nahwärme kalt,gering,Kreuzung,Gitter,1529341,1529340.735280264,417682.1554813187,4037.012086153847,39685.14,57111.61827692308,49774.10477538461,7414.227692307694,8724.6,38781.68914285715,26064.000000000004,46962.65353846154,914.1784615384615,96872.87150769231,2079.36,39260.700000000004,381879.3,71.82000000000001,330715.48346602195,31945.052160000007,14243.70142523077,4903.200000000001,183514,362.48100000000005,1368.0,35.364,9895.06766769231,6647.34,8310.96,5140.800000000001,0.0,151753.62461538467,546266,546265.6854646155,0.0,600.0,BW,Gitter,60000.0,6984.0,5586.0,4080.0,21222.0,26119.38461538462,20895.5076923077,0.3537,1.4148,4.0,84888.0,95335.75384615385,67910.40000000001,81035.39076923077,0.3148148148148148,6.0,41.0,1656.3512195121955,870.646153846154,18.87250398576416,True,16650.0,923.32,923.32,252.17,2.44,23.96,34.48,30.05,4.48,5.27,23.41,15.74,28.35,0.55,58.49,1.26,23.7,230.55,0.04,199.67,19.29,8.6,2.96,110.79,0.22,0.83,0.02,5.97,4.01,5.02,3.1,0.0,91.62,329.8,329.8,0.0
BM70LGGI,BM70LGGI,BW,Massiv,70 kWh,LW Wärmepumpe,gering,Kreuzung,Gitter,1400711,1400710.589823265,417682.1554813187,4037.012086153847,39685.14,57111.61827692308,49774.10477538461,7414.227692307694,8724.6,38781.68914285715,26064.000000000004,46962.65353846154,914.1784615384615,96872.87150769231,2079.36,39260.700000000004,101011.1,71.82000000000001,49847.36009265458,31945.052160000007,14243.70142523077,4903.200000000001,183514,362.48100000000005,1368.0,35.364,9895.06766769231,6647.34,8310.96,5140.800000000001,0.0,151753.62461538467,698504,698503.6633809839,0.0,600.0,BW,Gitter,60000.0,6984.0,5586.0,4080.0,21222.0,26119.38461538462,20895.5076923077,0.3537,1.4148,4.0,84888.0,95335.75384615385,67910.40000000001,81035.39076923077,0.3148148148148148,6.0,41.0,1656.3512195121955,870.646153846154,17.285171041035028,True,16650.0,845.66,845.66,252.17,2.44,23.96,34.48,30.05,4.48,5.27,23.41,15.74,28.35,0.55,58.49,1.26,23.7,60.98,0.04,30.09,19.29,8.6,2.96,110.79,0.22,0.83,0.02,5.97,4.01,5.02,3.1,0.0,91.62,421.71,421.71,0.0
BM70EGGI,BM70EGGI,BW,Massiv,70 kWh,Erdgas,gering,Kreuzung,Gitter,1961934,1961933.587991145,417682.1554813187,4037.012086153847,39685.14,57111.61827692308,49774.10477538461,7414.227692307694,8724.6,38781.68914285715,26064.000000000004,46962.65353846154,914.1784615384615,96872.87150769231,2079.36,39260.700000000004,108639.3,71.82000000000001,57475.56890551788,31945.052160000007,14243.70142523077,4903.200000000001,183514,362.48100000000005,1368.0,35.364,9895.06766769231,6647.34,8310.96,5140.800000000001,0.0,151753.62461538467,1252098,1252098.4527360005,0.0,600.0,BW,Gitter,60000.0,6984.0,5586.0,4080.0,21222.0,26119.38461538462,20895.5076923077,0.3537,1.4148,4.0,84888.0,95335.75384615385,67910.40000000001,81035.39076923077,0.3148148148148148,6.0,41.0,1656.3512195121955,870.646153846154,24.21082405313819,True,16650.0,1184.49,1184.49,252.17,2.44,23.96,34.48,30.05,4.48,5.27,23.41,15.74,28.35,0.55,58.49,1.26,23.7,65.59,0.04,34.7,19.29,8.6,2.96,110.79,0.22,0.83,0.02,5.97,4.01,5.02,3.1,0.0,91.62,755.94,755.94,0.0
EH15NGSC,EH15NGSC,EFH,Holz,15 kWh,Nahwärme kalt,gering,Kurve,Schlaufe,141979,141978.8867308491,51019.68388571428,981.0696,11222.38,4731.784000000001,6669.331999999999,873.6,3978.2599999999998,3866.534285714287,1634.88,1867.216,87.36,4209.732,30.68,10866.856,56643.6,741.0,53087.60949867328,1535.5872000000002,1279.444688,0.0,17955,416.15000000000003,912.0,40.6,30.139200000000002,4881.38,5626.32,3427.2000000000007,2620.7999999999997,0.0,16361,16360.97225846154,0.0,101.0,EFH,Schlaufe,60000.0,4728.0,4102.0,2720.0,5078.0,,,0.09763333333333334,0.13995,1.5,8397.0,10156.0,6093.6,8124.800000000001,0.7693960659383594,52.0,51.0,119.48235294117649,52.0,17.474754668527112,False,11550.0,1188.28,1188.28,427.01,8.21,93.92,39.6,55.82,7.31,33.3,32.36,13.68,15.63,0.73,35.23,0.26,90.95,474.08,6.2,444.31,12.85,10.71,0.0,150.27,3.48,7.63,0.34,0.25,40.85,47.09,28.68,21.93,0.0,136.93,136.93,0.0
EH15LGSC,EH15LGSC,EFH,Holz,15 kWh,LW Wärmepumpe,gering,Kurve,Schlaufe,97573,97572.6870035477,51019.68388571428,981.0696,11222.38,4731.784000000001,6669.331999999999,873.6,3978.2599999999998,3866.534285714287,1634.88,1867.216,87.36,4209.732,30.68,10866.856,7677.8,741.0,4121.79455180064,1535.5872000000002,1279.444688,0.0,17955,416.15000000000003,912.0,40.6,30.139200000000002,4881.38,5626.32,3427.2000000000007,2620.7999999999997,0.0,20921,20920.587478032787,0.0,101.0,EFH,Schlaufe,60000.0,4728.0,4102.0,2720.0,5078.0,,,0.09763333333333334,0.13995,1.5,8397.0,10156.0,6093.6,8124.800000000001,0.7693960659383594,52.0,51.0,119.48235294117649,52.0,12.009241704847836,False,11550.0,816.63,816.63,427.01,8.21,93.92,39.6,55.82,7.31,33.3,32.36,13.68,15.63,0.73,35.23,0.26,90.95,64.26,6.2,34.5,12.85,10.71,0.0,150.27,3.48,7.63,0.34,0.25,40.85,47.09,28.68,21.93,0.0,175.1,175.09,0.0
EH15EGSC,EH15EGSC,EFH,Holz,15 kWh,Erdgas,gering,Kurve,Schlaufe,116882,116881.90900832452,51019.68388571428,981.0696,11222.38,4731.784000000001,6669.331999999999,873.6,3978.2599999999998,3866.534285714287,1634.88,1867.216,87.36,4209.732,30.68,10866.856,10406.6,741.0,6850.53341061024,1535.5872000000002,1279.444688,0.0,17955,416.15000000000003,912.0,40.6,30.139200000000002,4881.38,5626.32,3427.2000000000007,2620.7999999999997,0.0,37501,37501.070624,0.0,101.0,EFH,Schlaufe,60000.0,4728.0,4102.0,2720.0,5078.0,,,0.09763333333333334,0.13995,1.5,8397.0,10156.0,6093.6,8124.800000000001,0.7693960659383594,52.0,51.0,119.48235294117649,52.0,14.385819836589764,False,11550.0,978.24,978.24,427.01,8.21,93.92,39.6,55.82,7.31,33.3,32.36,13.68,15.63,0.73,35.23,0.26,90.95,87.1,6.2,57.34,12.85,10.71,0.0,150.27,3.48,7.63,0.34,0.25,40.85,47.09,28.68,21.93,0.0,313.86,313.86,0.0
EH30NGSC,EH30NGSC,EFH,Holz,30 kWh,Nahwärme kalt,gering,Kurve,Schlaufe,149590,149590.26702486517,49325.92788571428,981.0696,10359.12,4731.784000000001,6050.527999999999,873.6,3978.2599999999998,3866.534285714287,1634.88,1867.216,87.36,4209.732,30.68,10655.163999999999,57042.7,741.0,53486.715023458564,1535.5872000000002,1279.444688,0.0,17955,416.15000000000003,912.0,40.6,30.139200000000002,4881.38,5626.32,3427.2000000000007,2620.7999999999997,0.0,25267,25267.00302769231,0.0,101.0,EFH,Schlaufe,60000.0,4728.0,4102.0,2720.0,5078.0,,,0.09763333333333334,0.13995,1.5,8397.0,10156.0,6093.6,8124.800000000001,0.7693960659383594,52.0,51.0,119.48235294117649,52.0,18.411562995380212,False,11550.0,1251.98,1251.99,412.83,8.21,86.7,39.6,50.64,7.31,33.3,32.36,13.68,15.63,0.73,35.23,0.26,89.18,477.42,6.2,447.65,12.85,10.71,0.0,150.27,3.48,7.63,0.34,0.25,40.85,47.09,28.68,21.93,0.0,211.47,211.47,0.0
EH30LGSC,EH30LGSC,EFH,Holz,30 kWh,LW Wärmepumpe,gering,Kurve,Schlaufe,107455,107454.68987198248,49325.92788571428,981.0696,10359.12,4731.784000000001,6050.527999999999,873.6,3978.2599999999998,3866.534285714287,1634.88,1867.216,87.36,4209.732,30.68,10655.163999999999,7865.5,741.0,4309.51407597312,1535.5872000000002,1279.444688,0.0,17955,416.15000000000003,912.0,40.6,30.139200000000002,4881.38,5626.32,3427.2000000000007,2620.7999999999997,0.0,32309,32308.626822295086,0.0,101.0,EFH,Schlaufe,60000.0,4728.0,4102.0,2720.0,5078.0,,,0.09763333333333334,0.13995,1.5,8397.0,10156.0,6093.6,8124.800000000001,0.7693960659383594,52.0,51.0,119.48235294117649,52.0,13.225518150844634,False,11550.0,899.34,899.34,412.83,8.21,86.7,39.6,50.64,7.31,33.3,32.36,13.68,15.63,0.73,35.23,0.26,89.18,65.83,6.2,36.07,12.85,10.71,0.0,150.27,3.48,7.63,0.34,0.25,40.85,47.09,28.68,21.93,0.0,270.41,270.41,0.0
EH30EGSC,EH30EGSC,EFH,Holz,30 kWh,Erdgas,gering,Kurve,Schlaufe,135602,135601.7130083245,49325.92788571428,981.0696,10359.12,4731.784000000001,6050.527999999999,873.6,3978.2599999999998,3866.534285714287,1634.88,1867.216,87.36,4209.732,30.68,10655.163999999999,10406.6,741.0,6850.53341061024,1535.5872000000002,1279.444688,0.0,17955,416.15000000000003,912.0,40.6,30.139200000000002,4881.38,5626.32,3427.2000000000007,2620.7999999999997,0.0,57915,57914.630624,0.0,101.0,EFH,Schlaufe,60000.0,4728.0,4102.0,2720.0,5078.0,,,0.09763333333333334,0.13995,1.5,8397.0,10156.0,6093.6,8124.800000000001,0.7693960659383594,52.0,51.0,119.48235294117649,52.0,16.68985242816125,False,11550.0,1134.91,1134.91,412.83,8.21,86.7,39.6,50.64,7.31,33.3,32.36,13.68,15.63,0.73,35.23,0.26,89.18,87.1,6.2,57.34,12.85,10.71,0.0,150.27,3.48,7.63,0.34,0.25,40.85,47.09,28.68,21.93,0.0,484.72,484.71,0.0
EH70NGSC,EH70NGSC,EFH,Holz,70 kWh,Nahwärme kalt,gering,Kurve,Schlaufe,172912,172912.33361170167,47420.47988571428,981.0696,9495.86,4731.784000000001,5431.724,873.6,3978.2599999999998,3866.534285714287,1634.88,1867.216,87.36,4209.732,30.68,10231.779999999999,58520.8,741.0,54964.814225679685,1535.5872000000002,1279.444688,0.0,17955,416.15000000000003,912.0,40.6,30.139200000000002,4881.38,5626.32,3427.2000000000007,2620.7999999999997,0.0,49016,49016.41841230771,0.0,101.0,EFH,Schlaufe,60000.0,4728.0,4102.0,2720.0,5078.0,,,0.09763333333333334,0.13995,1.5,8397.0,10156.0,6093.6,8124.800000000001,0.7693960659383594,52.0,51.0,119.48235294117649,52.0,21.282041848624168,False,11550.0,1447.18,1447.18,396.88,8.21,79.47,39.6,45.46,7.31,33.3,32.36,13.68,15.63,0.73,35.23,0.26,85.63,489.79,6.2,460.02,12.85,10.71,0.0,150.27,3.48,7.63,0.34,0.25,40.85,47.09,28.68,21.93,0.0,410.24,410.24,0.0
EH70LGSC,EH70LGSC,EFH,Holz,70 kWh,LW Wärmepumpe,gering,Kurve,Schlaufe,136831,136831.00798944727,47420.47988571428,981.0696,9495.86,4731.784000000001,5431.724,873.6,3978.2599999999998,3866.534285714287,1634.88,1867.216,87.36,4209.732,30.68,10231.779999999999,8779.2,741.0,5223.17527540512,1535.5872000000002,1279.444688,0.0,17955,416.15000000000003,912.0,40.6,30.139200000000002,4881.38,5626.32,3427.2000000000007,2620.7999999999997,0.0,62677,62676.73174032789,0.0,101.0,EFH,Schlaufe,60000.0,4728.0,4102.0,2720.0,5078.0,,,0.09763333333333334,0.13995,1.5,8397.0,10156.0,6093.6,8124.800000000001,0.7693960659383594,52.0,51.0,119.48235294117649,52.0,16.841153996338036,False,11550.0,1145.2,1145.2,396.88,8.21,79.47,39.6,45.46,7.31,33.3,32.36,13.68,15.63,0.73,35.23,0.26,85.63,73.48,6.2,43.72,12.85,10.71,0.0,150.27,3.48,7.63,0.34,0.25,40.85,47.09,28.68,21.93,0.0,524.57,524.57,0.0
EH70EGSC,EH70EGSC,EFH,Holz,70 kWh,Erdgas,gering,Kurve,Schlaufe,188423,188422.60897623046,47420.47988571428,981.0696,9495.86,4731.784000000001,5431.724,873.6,3978.2599999999998,3866.534285714287,1634.88,1867.216,87.36,4209.732,30.68,10231.779999999999,10696.7,741.0,7140.71737851616,1535.5872000000002,1279.444688,0.0,17955,416.15000000000003,912.0,40.6,30.139200000000002,4881.38,5626.32,3427.2000000000007,2620.7999999999997,0.0,112351,112350.79062400002,0.0,101.0,EFH,Schlaufe,60000.0,4728.0,4102.0,2720.0,5078.0,,,0.09763333333333334,0.13995,1.5,8397.0,10156.0,6093.6,8124.800000000001,0.7693960659383594,52.0,51.0,119.48235294117649,52.0,23.19104580743285,False,11550.0,1576.99,1576.99,396.88,8.21,79.47,39.6,45.46,7.31,33.3,32.36,13.68,15.63,0.73,35.23,0.26,85.63,89.53,6.2,59.76,12.85,10.71,0.0,150.27,3.48,7.63,0.34,0.25,40.85,47.09,28.68,21.93,0.0,940.31,940.31,0.0
EM15NGSC,EM15NGSC,EFH,Massiv,15 kWh,Nahwärme kalt,gering,Kurve,Schlaufe,151351,151350.52673084915,60391.323885714286,981.0696,11222.38,4731.784000000001,14094.979999999998,873.6,3978.2599999999998,3866.534285714287,2570.88,2463.136,87.36,4623.804000000001,30.68,10866.856,56643.6,741.0,53087.60949867328,1535.5872000000002,1279.444688,0.0,17955,416.15000000000003,912.0,40.6,30.139200000000002,4881.38,5626.32,3427.2000000000007,2620.7999999999997,0.0,16361,16360.97225846154,0.0,101.0,EFH,Schlaufe,60000.0,4728.0,4102.0,2720.0,5078.0,,,0.09763333333333334,0.13995,1.5,8397.0,10156.0,6093.6,8124.800000000001,0.7693960659383594,52.0,51.0,119.48235294117649,52.0,18.628215676798085,False,11550.0,1266.72,1266.72,505.44,8.21,93.92,39.6,117.97,7.31,33.3,32.36,21.52,20.62,0.73,38.7,0.26,90.95,474.08,6.2,444.31,12.85,10.71,0.0,150.27,3.48,7.63,0.34,0.25,40.85,47.09,28.68,21.93,0.0,136.93,136.93,0.0
EM15LGSC,EM15LGSC,EFH,Massiv,15 kWh,LW Wärmepumpe,gering,Kurve,Schlaufe,106944,106944.32700354772,60391.323885714286,981.0696,11222.38,4731.784000000001,14094.979999999998,873.6,3978.2599999999998,3866.534285714287,2570.88,2463.136,87.36,4623.804000000001,30.68,10866.856,7677.8,741.0,4121.79455180064,1535.5872000000002,1279.444688,0.0,17955,416.15000000000003,912.0,40.6,30.139200000000002,4881.38,5626.32,3427.2000000000007,2620.7999999999997,0.0,20921,20920.587478032787,0.0,101.0,EFH,Schlaufe,60000.0,4728.0,4102.0,2720.0,5078.0,,,0.09763333333333334,0.13995,1.5,8397.0,10156.0,6093.6,8124.800000000001,0.7693960659383594,52.0,51.0,119.48235294117649,52.0,13.162702713118808,False,11550.0,895.06,895.06,505.44,8.21,93.92,39.6,117.97,7.31,33.3,32.36,21.52,20.62,0.73,38.7,0.26,90.95,64.26,6.2,34.5,12.85,10.71,0.0,150.27,3.48,7.63,0.34,0.25,40.85,47.09,28.68,21.93,0.0,175.1,175.09,0.0
EM15EGSC,EM15EGSC,EFH,Massiv,15 kWh,Erdgas,gering,Kurve,Schlaufe,126254,126253.54900832452,60391.323885714286,981.0696,11222.38,4731.784000000001,14094.979999999998,873.6,3978.2599999999998,3866.534285714287,2570.88,2463.136,87.36,4623.804000000001,30.68,10866.856,10406.6,741.0,6850.53341061024,1535.5872000000002,1279.444688,0.0,17955,416.15000000000003,912.0,40.6,30.139200000000002,4881.38,5626.32,3427.2000000000007,2620.7999999999997,0.0,37501,37501.070624,0.0,101.0,EFH,Schlaufe,60000.0,4728.0,4102.0,2720.0,5078.0,,,0.09763333333333334,0.13995,1.5,8397.0,10156.0,6093.6,8124.800000000001,0.7693960659383594,52.0,51.0,119.48235294117649,52.0,15.539280844860738,False,11550.0,1056.67,1056.67,505.44,8.21,93.92,39.6,117.97,7.31,33.3,32.36,21.52,20.62,0.73,38.7,0.26,90.95,87.1,6.2,57.34,12.85,10.71,0.0,150.27,3.48,7.63,0.34,0.25,40.85,47.09,28.68,21.93,0.0,313.86,313.86,0.0
EM30NGSC,EM30NGSC,EFH,Massiv,30 kWh,Nahwärme kalt,gering,Kurve,Schlaufe,158824,158824.39502486517,58560.05588571429,981.0696,10359.12,4731.784000000001,13338.663999999999,873.6,3978.2599999999998,3866.534285714287,2570.88,2463.136,87.36,4623.804000000001,30.68,10655.163999999999,57042.7,741.0,53486.715023458564,1535.5872000000002,1279.444688,0.0,17955,416.15000000000003,912.0,40.6,30.139200000000002,4881.38,5626.32,3427.2000000000007,2620.7999999999997,0.0,25267,25267.00302769231,0.0,101.0,EFH,Schlaufe,60000.0,4728.0,4102.0,2720.0,5078.0,,,0.09763333333333334,0.13995,1.5,8397.0,10156.0,6093.6,8124.800000000001,0.7693960659383594,52.0,51.0,119.48235294117649,52.0,19.548099033190372,False,11550.0,1329.27,1329.27,490.11,8.21,86.7,39.6,111.64,7.31,33.3,32.36,21.52,20.62,0.73,38.7,0.26,89.18,477.42,6.2,447.65,12.85,10.71,0.0,150.27,3.48,7.63,0.34,0.25,40.85,47.09,28.68,21.93,0.0,211.47,211.47,0.0
EM30LGSC,EM30LGSC,EFH,Massiv,30 kWh,LW Wärmepumpe,gering,Kurve,Schlaufe,116689,116688.8178719825,58560.05588571429,981.0696,10359.12,4731.784000000001,13338.663999999999,873.6,3978.2599999999998,3866.534285714287,2570.88,2463.136,87.36,4623.804000000001,30.68,10655.163999999999,7865.5,741.0,4309.51407597312,1535.5872000000002,1279.444688,0.0,17955,416.15000000000003,912.0,40.6,30.139200000000002,4881.38,5626.32,3427.2000000000007,2620.7999999999997,0.0,32309,32308.626822295086,0.0,101.0,EFH,Schlaufe,60000.0,4728.0,4102.0,2720.0,5078.0,,,0.09763333333333334,0.13995,1.5,8397.0,10156.0,6093.6,8124.800000000001,0.7693960659383594,52.0,51.0,119.48235294117649,52.0,14.362054188654795,False,11550.0,976.62,976.62,490.11,8.21,86.7,39.6,111.64,7.31,33.3,32.36,21.52,20.62,0.73,38.7,0.26,89.18,65.83,6.2,36.07,12.85,10.71,0.0,150.27,3.48,7.63,0.34,0.25,40.85,47.09,28.68,21.93,0.0,270.41,270.41,0.0
EM30EGSC,EM30EGSC,EFH,Massiv,30 kWh,Erdgas,gering,Kurve,Schlaufe,144836,144835.84100832453,58560.05588571429,981.0696,10359.12,4731.784000000001,13338.663999999999,873.6,3978.2599999999998,3866.534285714287,2570.88,2463.136,87.36,4623.804000000001,30.68,10655.163999999999,10406.6,741.0,6850.53341061024,1535.5872000000002,1279.444688,0.0,17955,416.15000000000003,912.0,40.6,30.139200000000002,4881.38,5626.32,3427.2000000000007,2620.7999999999997,0.0,57915,57914.630624,0.0,101.0,EFH,Schlaufe,60000.0,4728.0,4102.0,2720.0,5078.0,,,0.09763333333333334,0.13995,1.5,8397.0,10156.0,6093.6,8124.800000000001,0.7693960659383594,52.0,51.0,119.48235294117649,52.0,17.82638846597141,False,11550.0,1212.2,1212.19,490.11,8.21,86.7,39.6,111.64,7.31,33.3,32.36,21.52,20.62,0.73,38.7,0.26,89.18,87.1,6.2,57.34,12.85,10.71,0.0,150.27,3.48,7.63,0.34,0.25,40.85,47.09,28.68,21.93,0.0,484.72,484.71,0.0
EM70NGSC,EM70NGSC,EFH,Massiv,70 kWh,Nahwärme kalt,gering,Kurve,Schlaufe,181184,181183.8776117017,55692.02388571428,981.0696,9495.86,4731.784000000001,11757.275999999998,873.6,3978.2599999999998,3866.534285714287,2570.88,2463.136,87.36,4623.804000000001,30.68,10231.779999999999,58520.8,741.0,54964.814225679685,1535.5872000000002,1279.444688,0.0,17955,416.15000000000003,912.0,40.6,30.139200000000002,4881.38,5626.32,3427.2000000000007,2620.7999999999997,0.0,49016,49016.41841230771,0.0,101.0,EFH,Schlaufe,60000.0,4728.0,4102.0,2720.0,5078.0,,,0.09763333333333334,0.13995,1.5,8397.0,10156.0,6093.6,8124.800000000001,0.7693960659383594,52.0,51.0,119.48235294117649,52.0,22.300103093208655,False,11550.0,1516.41,1516.41,466.11,8.21,79.47,39.6,98.4,7.31,33.3,32.36,21.52,20.62,0.73,38.7,0.26,85.63,489.79,6.2,460.02,12.85,10.71,0.0,150.27,3.48,7.63,0.34,0.25,40.85,47.09,28.68,21.93,0.0,410.24,410.24,0.0
EM70LGSC,EM70LGSC,EFH,Massiv,70 kWh,LW Wärmepumpe,gering,Kurve,Schlaufe,145103,145102.5519894473,55692.02388571428,981.0696,9495.86,4731.784000000001,11757.275999999998,873.6,3978.2599999999998,3866.534285714287,2570.88,2463.136,87.36,4623.804000000001,30.68,10231.779999999999,8779.2,741.0,5223.17527540512,1535.5872000000002,1279.444688,0.0,17955,416.15000000000003,912.0,40.6,30.139200000000002,4881.38,5626.32,3427.2000000000007,2620.7999999999997,0.0,62677,62676.73174032789,0.0,101.0,EFH,Schlaufe,60000.0,4728.0,4102.0,2720.0,5078.0,,,0.09763333333333334,0.13995,1.5,8397.0,10156.0,6093.6,8124.800000000001,0.7693960659383594,52.0,51.0,119.48235294117649,52.0,17.859215240922516,False,11550.0,1214.43,1214.43,466.11,8.21,79.47,39.6,98.4,7.31,33.3,32.36,21.52,20.62,0.73,38.7,0.26,85.63,73.48,6.2,43.72,12.85,10.71,0.0,150.27,3.48,7.63,0.34,0.25,40.85,47.09,28.68,21.93,0.0,524.57,524.57,0.0
EM70EGSC,EM70EGSC,EFH,Massiv,70 kWh,Erdgas,gering,Kurve,Schlaufe,196694,196694.15297623046,55692.02388571428,981.0696,9495.86,4731.784000000001,11757.275999999998,873.6,3978.2599999999998,3866.534285714287,2570.88,2463.136,87.36,4623.804000000001,30.68,10231.779999999999,10696.7,741.0,7140.71737851616,1535.5872000000002,1279.444688,0.0,17955,416.15000000000003,912.0,40.6,30.139200000000002,4881.38,5626.32,3427.2000000000007,2620.7999999999997,0.0,112351,112350.79062400002,0.0,101.0,EFH,Schlaufe,60000.0,4728.0,4102.0,2720.0,5078.0,,,0.09763333333333334,0.13995,1.5,8397.0,10156.0,6093.6,8124.800000000001,0.7693960659383594,52.0,51.0,119.48235294117649,52.0,24.209107052017334,False,11550.0,1646.22,1646.22,466.11,8.21,79.47,39.6,98.4,7.31,33.3,32.36,21.52,20.62,0.73,38.7,0.26,85.63,89.53,6.2,59.76,12.85,10.71,0.0,150.27,3.48,7.63,0.34,0.25,40.85,47.09,28.68,21.93,0.0,940.31,940.31,0.0
DH15NGSC,DH15NGSC,DH,Holz,15 kWh,Nahwärme kalt,gering,Kurve,Schlaufe,175650,175649.7623973788,63985.94022857144,1321.4880000000003,15116.4,6427.4400000000005,6220.6488,907.2,3963.96,5208.17142857143,2260.8,3011.7599999999998,90.72,5753.5199999999995,21.24,13682.592000000002,70572.9,1026.0,65752.681344192,2068.4159999999997,1725.77664,0.0,19053,487.90000000000003,912.0,47.6,41.73120000000001,4881.38,5626.32,3427.2000000000007,3628.7999999999997,0.0,22038,22038.016984615384,0.0,201.0,DH,Schlaufe,60000.0,4728.0,4102.0,2720.0,6840.0,,,0.132,0.189,1.5,11340.0,13680.0,8208.0,10944.0,0.6285176470588236,36.0,47.0,174.63829787234042,72.0,16.049868640111367,False,11550.0,1005.79,1005.79,366.39,7.57,86.56,36.8,35.62,5.19,22.7,29.82,12.95,17.25,0.52,32.95,0.12,78.35,404.11,5.88,376.51,11.84,9.88,0.0,109.1,2.79,5.22,0.27,0.24,27.95,32.22,19.62,20.78,0.0,126.19,126.19,0.0
DH15LGSC,DH15LGSC,DH,Holz,15 kWh,LW Wärmepumpe,gering,Kurve,Schlaufe,120486,120485.92509486305,63985.94022857144,1321.4880000000003,15116.4,6427.4400000000005,6220.6488,907.2,3963.96,5208.17142857143,2260.8,3011.7599999999998,90.72,5753.5199999999995,21.24,13682.592000000002,9267.3,1026.0,4447.1016033408,2068.4159999999997,1725.77664,0.0,19053,487.90000000000003,912.0,47.6,41.73120000000001,4881.38,5626.32,3427.2000000000007,3628.7999999999997,0.0,28180,28179.759422950825,0.0,201.0,DH,Schlaufe,60000.0,4728.0,4102.0,2720.0,6840.0,,,0.132,0.189,1.5,11340.0,13680.0,8208.0,10944.0,0.6285176470588236,36.0,47.0,174.63829787234042,72.0,11.009313331036463,False,11550.0,689.92,689.92,366.39,7.57,86.56,36.8,35.62,5.19,22.7,29.82,12.95,17.25,0.52,32.95,0.12,78.35,53.07,5.88,25.46,11.84,9.88,0.0,109.1,2.79,5.22,0.27,0.24,27.95,32.22,19.62,20.78,0.0,161.36,161.36,0.0
DH15EGSC,DH15EGSC,DH,Holz,15 kWh,Erdgas,gering,Kurve,Schlaufe,144678,144678.47731645624,63985.94022857144,1321.4880000000003,15116.4,6427.4400000000005,6220.6488,907.2,3963.96,5208.17142857143,2260.8,3011.7599999999998,90.72,5753.5199999999995,21.24,13682.592000000002,11126.2,1026.0,6305.9585278848,2068.4159999999997,1725.77664,0.0,19053,487.90000000000003,912.0,47.6,41.73120000000001,4881.38,5626.32,3427.2000000000007,3628.7999999999997,0.0,50513,50513.45472,0.0,201.0,DH,Schlaufe,60000.0,4728.0,4102.0,2720.0,6840.0,,,0.132,0.189,1.5,11340.0,13680.0,8208.0,10944.0,0.6285176470588236,36.0,47.0,174.63829787234042,72.0,13.219890105670341,False,11550.0,828.44,828.45,366.39,7.57,86.56,36.8,35.62,5.19,22.7,29.82,12.95,17.25,0.52,32.95,0.12,78.35,63.71,5.88,36.11,11.84,9.88,0.0,109.1,2.79,5.22,0.27,0.24,27.95,32.22,19.62,20.78,0.0,289.24,289.25,0.0
DH30NGSC,DH30NGSC,DH,Holz,30 kWh,Nahwärme kalt,gering,Kurve,Schlaufe,186463,186463.0464165729,61979.42262857143,1321.4880000000003,13953.6,6427.4400000000005,5643.4752,907.2,3963.96,5208.17142857143,2260.8,3011.7599999999998,90.72,5753.5199999999995,21.24,13416.048000000003,71396.4,1026.0,66576.1752710784,2068.4159999999997,1725.77664,0.0,19053,487.90000000000003,912.0,47.6,41.73120000000001,4881.38,5626.32,3427.2000000000007,3628.7999999999997,0.0,34034,34034.32467692307,0.0,201.0,DH,Schlaufe,60000.0,4728.0,4102.0,2720.0,6840.0,,,0.132,0.189,1.5,11340.0,13680.0,8208.0,10944.0,0.6285176470588236,36.0,47.0,174.63829787234042,72.0,17.037924562917848,False,11550.0,1067.71,1067.71,354.9,7.57,79.9,36.8,32.32,5.19,22.7,29.82,12.95,17.25,0.52,32.95,0.12,76.82,408.82,5.88,381.22,11.84,9.88,0.0,109.1,2.79,5.22,0.27,0.24,27.95,32.22,19.62,20.78,0.0,194.88,194.88,0.0
DH30LGSC,DH30LGSC,DH,Holz,30 kWh,LW Wärmepumpe,gering,Kurve,Schlaufe,134357,134357.4865727864,61979.42262857143,1321.4880000000003,13953.6,6427.4400000000005,5643.4752,907.2,3963.96,5208.17142857143,2260.8,3011.7599999999998,90.72,5753.5199999999995,21.24,13416.048000000003,9805.8,1026.0,4985.6396976576,2068.4159999999997,1725.77664,0.0,19053,487.90000000000003,912.0,47.6,41.73120000000001,4881.38,5626.32,3427.2000000000007,3628.7999999999997,0.0,43519,43519.30040655738,0.0,201.0,DH,Schlaufe,60000.0,4728.0,4102.0,2720.0,6840.0,,,0.132,0.189,1.5,11340.0,13680.0,8208.0,10944.0,0.6285176470588236,36.0,47.0,174.63829787234042,72.0,12.276817121051389,False,11550.0,769.34,769.35,354.9,7.57,79.9,36.8,32.32,5.19,22.7,29.82,12.95,17.25,0.52,32.95,0.12,76.82,56.15,5.88,28.55,11.84,9.88,0.0,109.1,2.79,5.22,0.27,0.24,27.95,32.22,19.62,20.78,0.0,249.2,249.2,0.0
DH30EGSC,DH30EGSC,DH,Holz,30 kWh,Erdgas,gering,Kurve,Schlaufe,170495,170495.32117981624,61979.42262857143,1321.4880000000003,13953.6,6427.4400000000005,5643.4752,907.2,3963.96,5208.17142857143,2260.8,3011.7599999999998,90.72,5753.5199999999995,21.24,13416.048000000003,11452.7,1026.0,6632.519991244801,2068.4159999999997,1725.77664,0.0,19053,487.90000000000003,912.0,47.6,41.73120000000001,4881.38,5626.32,3427.2000000000007,3628.7999999999997,0.0,78010,78010.25472,0.0,201.0,DH,Schlaufe,60000.0,4728.0,4102.0,2720.0,6840.0,,,0.132,0.189,1.5,11340.0,13680.0,8208.0,10944.0,0.6285176470588236,36.0,47.0,174.63829787234042,72.0,15.578885341722973,False,11550.0,976.27,976.28,354.9,7.57,79.9,36.8,32.32,5.19,22.7,29.82,12.95,17.25,0.52,32.95,0.12,76.82,65.58,5.88,37.98,11.84,9.88,0.0,109.1,2.79,5.22,0.27,0.24,27.95,32.22,19.62,20.78,0.0,446.69,446.7,0.0
DH70NGSC,DH70NGSC,DH,Holz,70 kWh,Nahwärme kalt,gering,Kurve,Schlaufe,218373,218373.16116654756,59706.36102857143,1321.4880000000003,12790.800000000001,6427.4400000000005,5066.3016,907.2,3963.96,5208.17142857143,2260.8,3011.7599999999998,90.72,5753.5199999999995,21.24,12882.960000000001,73589.4,1026.0,68769.1977748992,2068.4159999999997,1725.77664,0.0,19053,487.90000000000003,912.0,47.6,41.73120000000001,4881.38,5626.32,3427.2000000000007,3628.7999999999997,0.0,66024,66024.47852307693,0.0,201.0,DH,Schlaufe,60000.0,4728.0,4102.0,2720.0,6840.0,,,0.132,0.189,1.5,11340.0,13680.0,8208.0,10944.0,0.6285176470588236,36.0,47.0,174.63829787234042,72.0,19.953687972089508,False,11550.0,1250.43,1250.43,341.89,7.57,73.24,36.8,29.01,5.19,22.7,29.82,12.95,17.25,0.52,32.95,0.12,73.77,421.38,5.88,393.78,11.84,9.88,0.0,109.1,2.79,5.22,0.27,0.24,27.95,32.22,19.62,20.78,0.0,378.06,378.06,0.0
DH70LGSC,DH70LGSC,DH,Holz,70 kWh,LW Wärmepumpe,gering,Kurve,Schlaufe,174423,174423.00788046684,59706.36102857143,1321.4880000000003,12790.800000000001,6427.4400000000005,5066.3016,907.2,3963.96,5208.17142857143,2260.8,3011.7599999999998,90.72,5753.5199999999995,21.24,12882.960000000001,11239.0,1026.0,6418.779982387199,2068.4159999999997,1725.77664,0.0,19053,487.90000000000003,912.0,47.6,41.73120000000001,4881.38,5626.32,3427.2000000000007,3628.7999999999997,0.0,84425,84424.74302950822,0.0,201.0,DH,Schlaufe,60000.0,4728.0,4102.0,2720.0,6840.0,,,0.132,0.189,1.5,11340.0,13680.0,8208.0,10944.0,0.6285176470588236,36.0,47.0,174.63829787234042,72.0,15.937774842878916,False,11550.0,998.77,998.77,341.89,7.57,73.24,36.8,29.01,5.19,22.7,29.82,12.95,17.25,0.52,32.95,0.12,73.77,64.36,5.88,36.75,11.84,9.88,0.0,109.1,2.79,5.22,0.27,0.24,27.95,32.22,19.62,20.78,0.0,483.43,483.43,0.0
DH70EGSC,DH70EGSC,DH,Holz,70 kWh,Erdgas,gering,Kurve,Schlaufe,242421,242420.56572731704,59706.36102857143,1321.4880000000003,12790.800000000001,6427.4400000000005,5066.3016,907.2,3963.96,5208.17142857143,2260.8,3011.7599999999998,90.72,5753.5199999999995,21.24,12882.960000000001,12326.2,1026.0,7506.026138745599,2068.4159999999997,1725.77664,0.0,19053,487.90000000000003,912.0,47.6,41.73120000000001,4881.38,5626.32,3427.2000000000007,3628.7999999999997,0.0,151335,151335.05472000001,0.0,201.0,DH,Schlaufe,60000.0,4728.0,4102.0,2720.0,6840.0,,,0.132,0.189,1.5,11340.0,13680.0,8208.0,10944.0,0.6285176470588236,36.0,47.0,174.63829787234042,72.0,22.151001985317713,False,11550.0,1388.13,1388.13,341.89,7.57,73.24,36.8,29.01,5.19,22.7,29.82,12.95,17.25,0.52,32.95,0.12,73.77,70.58,5.88,42.98,11.84,9.88,0.0,109.1,2.79,5.22,0.27,0.24,27.95,32.22,19.62,20.78,0.0,866.56,866.56,0.0
DM15NGSC,DM15NGSC,DH,Massiv,15 kWh,Nahwärme kalt,gering,Kurve,Schlaufe,185457,185456.5655973788,73792.74342857143,1321.4880000000003,15116.4,6427.4400000000005,13146.731999999998,907.2,3963.96,5208.17142857143,3614.4000000000005,3972.96,90.72,6319.4400000000005,21.24,13682.592000000002,70572.9,1026.0,65752.681344192,2068.4159999999997,1725.77664,0.0,19053,487.90000000000003,912.0,47.6,41.73120000000001,4881.38,5626.32,3427.2000000000007,3628.7999999999997,0.0,22038,22038.016984615384,0.0,201.0,DH,Schlaufe,60000.0,4728.0,4102.0,2720.0,6840.0,,,0.132,0.189,1.5,11340.0,13680.0,8208.0,10944.0,0.6285176470588236,36.0,47.0,174.63829787234042,72.0,16.945958113795577,False,11550.0,1061.95,1061.95,422.55,7.57,86.56,36.8,75.28,5.19,22.7,29.82,20.7,22.75,0.52,36.19,0.12,78.35,404.11,5.88,376.51,11.84,9.88,0.0,109.1,2.79,5.22,0.27,0.24,27.95,32.22,19.62,20.78,0.0,126.19,126.19,0.0
DM15LGSC,DM15LGSC,DH,Massiv,15 kWh,LW Wärmepumpe,gering,Kurve,Schlaufe,130293,130292.72829486305,73792.74342857143,1321.4880000000003,15116.4,6427.4400000000005,13146.731999999998,907.2,3963.96,5208.17142857143,3614.4000000000005,3972.96,90.72,6319.4400000000005,21.24,13682.592000000002,9267.3,1026.0,4447.1016033408,2068.4159999999997,1725.77664,0.0,19053,487.90000000000003,912.0,47.6,41.73120000000001,4881.38,5626.32,3427.2000000000007,3628.7999999999997,0.0,28180,28179.759422950825,0.0,201.0,DH,Schlaufe,60000.0,4728.0,4102.0,2720.0,6840.0,,,0.132,0.189,1.5,11340.0,13680.0,8208.0,10944.0,0.6285176470588236,36.0,47.0,174.63829787234042,72.0,11.905402804720673,False,11550.0,746.07,746.07,422.55,7.57,86.56,36.8,75.28,5.19,22.7,29.82,20.7,22.75,0.52,36.19,0.12,78.35,53.07,5.88,25.46,11.84,9.88,0.0,109.1,2.79,5.22,0.27,0.24,27.95,32.22,19.62,20.78,0.0,161.36,161.36,0.0
DM15EGSC,DM15EGSC,DH,Massiv,15 kWh,Erdgas,gering,Kurve,Schlaufe,154485,154485.28051645623,73792.74342857143,1321.4880000000003,15116.4,6427.4400000000005,13146.731999999998,907.2,3963.96,5208.17142857143,3614.4000000000005,3972.96,90.72,6319.4400000000005,21.24,13682.592000000002,11126.2,1026.0,6305.9585278848,2068.4159999999997,1725.77664,0.0,19053,487.90000000000003,912.0,47.6,41.73120000000001,4881.38,5626.32,3427.2000000000007,3628.7999999999997,0.0,50513,50513.45472,0.0,201.0,DH,Schlaufe,60000.0,4728.0,4102.0,2720.0,6840.0,,,0.132,0.189,1.5,11340.0,13680.0,8208.0,10944.0,0.6285176470588236,36.0,47.0,174.63829787234042,72.0,14.115979579354551,False,11550.0,884.6,884.6,422.55,7.57,86.56,36.8,75.28,5.19,22.7,29.82,20.7,22.75,0.52,36.19,0.12,78.35,63.71,5.88,36.11,11.84,9.88,0.0,109.1,2.79,5.22,0.27,0.24,27.95,32.22,19.62,20.78,0.0,289.24,289.25,0.0
DM30NGSC,DM30NGSC,DH,Massiv,30 kWh,Nahwärme kalt,gering,Kurve,Schlaufe,196142,196141.58881657288,71657.96502857143,1321.4880000000003,13953.6,6427.4400000000005,12441.2976,907.2,3963.96,5208.17142857143,3614.4000000000005,3972.96,90.72,6319.4400000000005,21.24,13416.048000000003,71396.4,1026.0,66576.1752710784,2068.4159999999997,1725.77664,0.0,19053,487.90000000000003,912.0,47.6,41.73120000000001,4881.38,5626.32,3427.2000000000007,3628.7999999999997,0.0,34034,34034.32467692307,0.0,201.0,DH,Schlaufe,60000.0,4728.0,4102.0,2720.0,6840.0,,,0.132,0.189,1.5,11340.0,13680.0,8208.0,10944.0,0.6285176470588236,36.0,47.0,174.63829787234042,72.0,17.92229429975995,False,11550.0,1123.13,1123.13,410.32,7.57,79.9,36.8,71.24,5.19,22.7,29.82,20.7,22.75,0.52,36.19,0.12,76.82,408.82,5.88,381.22,11.84,9.88,0.0,109.1,2.79,5.22,0.27,0.24,27.95,32.22,19.62,20.78,0.0,194.88,194.88,0.0
DM30LGSC,DM30LGSC,DH,Massiv,30 kWh,LW Wärmepumpe,gering,Kurve,Schlaufe,144036,144036.0289727864,71657.96502857143,1321.4880000000003,13953.6,6427.4400000000005,12441.2976,907.2,3963.96,5208.17142857143,3614.4000000000005,3972.96,90.72,6319.4400000000005,21.24,13416.048000000003,9805.8,1026.0,4985.6396976576,2068.4159999999997,1725.77664,0.0,19053,487.90000000000003,912.0,47.6,41.73120000000001,4881.38,5626.32,3427.2000000000007,3628.7999999999997,0.0,43519,43519.30040655738,0.0,201.0,DH,Schlaufe,60000.0,4728.0,4102.0,2720.0,6840.0,,,0.132,0.189,1.5,11340.0,13680.0,8208.0,10944.0,0.6285176470588236,36.0,47.0,174.63829787234042,72.0,13.161186857893494,False,11550.0,824.77,824.77,410.32,7.57,79.9,36.8,71.24,5.19,22.7,29.82,20.7,22.75,0.52,36.19,0.12,76.82,56.15,5.88,28.55,11.84,9.88,0.0,109.1,2.79,5.22,0.27,0.24,27.95,32.22,19.62,20.78,0.0,249.2,249.2,0.0
DM30EGSC,DM30EGSC,DH,Massiv,30 kWh,Erdgas,gering,Kurve,Schlaufe,180174,180173.8635798162,71657.96502857143,1321.4880000000003,13953.6,6427.4400000000005,12441.2976,907.2,3963.96,5208.17142857143,3614.4000000000005,3972.96,90.72,6319.4400000000005,21.24,13416.048000000003,11452.7,1026.0,6632.519991244801,2068.4159999999997,1725.77664,0.0,19053,487.90000000000003,912.0,47.6,41.73120000000001,4881.38,5626.32,3427.2000000000007,3628.7999999999997,0.0,78010,78010.25472,0.0,201.0,DH,Schlaufe,60000.0,4728.0,4102.0,2720.0,6840.0,,,0.132,0.189,1.5,11340.0,13680.0,8208.0,10944.0,0.6285176470588236,36.0,47.0,174.63829787234042,72.0,16.46325507856508,False,11550.0,1031.7,1031.7,410.32,7.57,79.9,36.8,71.24,5.19,22.7,29.82,20.7,22.75,0.52,36.19,0.12,76.82,65.58,5.88,37.98,11.84,9.88,0.0,109.1,2.79,5.22,0.27,0.24,27.95,32.22,19.62,20.78,0.0,446.69,446.7,0.0
DM70NGSC,DM70NGSC,DH,Massiv,70 kWh,Nahwärme kalt,gering,Kurve,Schlaufe,227154,227153.87796654756,68487.07782857143,1321.4880000000003,12790.800000000001,6427.4400000000005,10966.2984,907.2,3963.96,5208.17142857143,3614.4000000000005,3972.96,90.72,6319.4400000000005,21.24,12882.960000000001,73589.4,1026.0,68769.1977748992,2068.4159999999997,1725.77664,0.0,19053,487.90000000000003,912.0,47.6,41.73120000000001,4881.38,5626.32,3427.2000000000007,3628.7999999999997,0.0,66024,66024.47852307693,0.0,201.0,DH,Schlaufe,60000.0,4728.0,4102.0,2720.0,6840.0,,,0.132,0.189,1.5,11340.0,13680.0,8208.0,10944.0,0.6285176470588236,36.0,47.0,174.63829787234042,72.0,20.756019551036875,False,11550.0,1300.71,1300.71,392.17,7.57,73.24,36.8,62.79,5.19,22.7,29.82,20.7,22.75,0.52,36.19,0.12,73.77,421.38,5.88,393.78,11.84,9.88,0.0,109.1,2.79,5.22,0.27,0.24,27.95,32.22,19.62,20.78,0.0,378.06,378.06,0.0
DM70LGSC,DM70LGSC,DH,Massiv,70 kWh,LW Wärmepumpe,gering,Kurve,Schlaufe,183204,183203.72468046684,68487.07782857143,1321.4880000000003,12790.800000000001,6427.4400000000005,10966.2984,907.2,3963.96,5208.17142857143,3614.4000000000005,3972.96,90.72,6319.4400000000005,21.24,12882.960000000001,11239.0,1026.0,6418.779982387199,2068.4159999999997,1725.77664,0.0,19053,487.90000000000003,912.0,47.6,41.73120000000001,4881.38,5626.32,3427.2000000000007,3628.7999999999997,0.0,84425,84424.74302950822,0.0,201.0,DH,Schlaufe,60000.0,4728.0,4102.0,2720.0,6840.0,,,0.132,0.189,1.5,11340.0,13680.0,8208.0,10944.0,0.6285176470588236,36.0,47.0,174.63829787234042,72.0,16.740106421826283,False,11550.0,1049.05,1049.05,392.17,7.57,73.24,36.8,62.79,5.19,22.7,29.82,20.7,22.75,0.52,36.19,0.12,73.77,64.36,5.88,36.75,11.84,9.88,0.0,109.1,2.79,5.22,0.27,0.24,27.95,32.22,19.62,20.78,0.0,483.43,483.43,0.0
DM70EGSC,DM70EGSC,DH,Massiv,70 kWh,Erdgas,gering,Kurve,Schlaufe,251201,251201.28252731703,68487.07782857143,1321.4880000000003,12790.800000000001,6427.4400000000005,10966.2984,907.2,3963.96,5208.17142857143,3614.4000000000005,3972.96,90.72,6319.4400000000005,21.24,12882.960000000001,12326.2,1026.0,7506.026138745599,2068.4159999999997,1725.77664,0.0,19053,487.90000000000003,912.0,47.6,41.73120000000001,4881.38,5626.32,3427.2000000000007,3628.7999999999997,0.0,151335,151335.05472000001,0.0,201.0,DH,Schlaufe,60000.0,4728.0,4102.0,2720.0,6840.0,,,0.132,0.189,1.5,11340.0,13680.0,8208.0,10944.0,0.6285176470588236,36.0,47.0,174.63829787234042,72.0,22.95333356426508,False,11550.0,1438.41,1438.41,392.17,7.57,73.24,36.8,62.79,5.19,22.7,29.82,20.7,22.75,0.52,36.19,0.12,73.77,70.58,5.88,42.98,11.84,9.88,0.0,109.1,2.79,5.22,0.27,0.24,27.95,32.22,19.62,20.78,0.0,866.56,866.56,0.0
RH15NGSC,RH15NGSC,RH,Holz,15 kWh,Nahwärme kalt,gering,Kurve,Schlaufe,252750,252749.68584113897,91437.59400000001,2055.648,23514.399999999998,10036.16,6544.0855999999985,974.4000000000001,4566.848,8101.600000000002,1824.96,3384.6204000000002,123.47999999999999,9008.48,18.88,21284.032000000003,107279.1,1340.6399999999999,99963.2130472928,3324.7871999999998,2650.4654400000004,0.0,19752,567.1120000000001,912.0,55.328,48.6864,4881.38,5626.32,3427.2000000000007,4233.599999999999,0.0,34281,34281.359753846154,0.0,301.0,RH,Schlaufe,60000.0,4728.0,4102.0,2720.0,10640.0,,,0.19833333333333333,0.287,1.5,17220.0,21280.0,12768.0,17024.0,0.572135423669562,32.0,47.0,271.6595744680851,84.0,14.846668576194723,False,11550.0,930.39,930.39,336.59,7.57,86.56,36.94,24.09,3.59,16.81,29.82,6.72,12.46,0.45,33.16,0.07,78.35,394.9,4.93,367.97,12.24,9.76,0.0,72.71,2.09,3.36,0.2,0.18,17.97,20.71,12.62,15.58,0.0,126.19,126.19,0.0
RH15LGSC,RH15LGSC,RH,Holz,15 kWh,LW Wärmepumpe,gering,Kurve,Schlaufe,168970,168969.59938553418,91437.59400000001,2055.648,23514.399999999998,10036.16,6544.0855999999985,974.4000000000001,4566.848,8101.600000000002,1824.96,3384.6204000000002,123.47999999999999,9008.48,18.88,21284.032000000003,13945.2,1340.6399999999999,6629.305020943999,3324.7871999999998,2650.4654400000004,0.0,19752,567.1120000000001,912.0,55.328,48.6864,4881.38,5626.32,3427.2000000000007,4233.599999999999,0.0,43835,43835.18132459017,0.0,301.0,RH,Schlaufe,60000.0,4728.0,4102.0,2720.0,10640.0,,,0.19833333333333333,0.287,1.5,17220.0,21280.0,12768.0,17024.0,0.572135423669562,32.0,47.0,271.6595744680851,84.0,9.925375903755532,False,11550.0,621.99,621.99,336.59,7.57,86.56,36.94,24.09,3.59,16.81,29.82,6.72,12.46,0.45,33.16,0.07,78.35,51.33,4.93,24.4,12.24,9.76,0.0,72.71,2.09,3.36,0.2,0.18,17.97,20.71,12.62,15.58,0.0,161.36,161.36,0.0
RH15EGSC,RH15EGSC,RH,Holz,15 kWh,Erdgas,gering,Kurve,Schlaufe,205254,205253.7101029632,91437.59400000001,2055.648,23514.399999999998,10036.16,6544.0855999999985,974.4000000000001,4566.848,8101.600000000002,1824.96,3384.6204000000002,123.47999999999999,9008.48,18.88,21284.032000000003,15488.0,1340.6399999999999,8172.1119429632,3324.7871999999998,2650.4654400000004,0.0,19752,567.1120000000001,912.0,55.328,48.6864,4881.38,5626.32,3427.2000000000007,4233.599999999999,0.0,78576,78576.48512,0.0,301.0,RH,Schlaufe,60000.0,4728.0,4102.0,2720.0,10640.0,,,0.19833333333333333,0.287,1.5,17220.0,21280.0,12768.0,17024.0,0.572135423669562,32.0,47.0,271.6595744680851,84.0,12.056726392326315,False,11550.0,755.56,755.55,336.59,7.57,86.56,36.94,24.09,3.59,16.81,29.82,6.72,12.46,0.45,33.16,0.07,78.35,57.01,4.93,30.08,12.24,9.76,0.0,72.71,2.09,3.36,0.2,0.18,17.97,20.71,12.62,15.58,0.0,289.24,289.25,0.0
RH30NGSC,RH30NGSC,RH,Holz,30 kWh,Nahwärme kalt,gering,Kurve,Schlaufe,269898,269898.18119078845,88606.98680000001,2055.648,21705.600000000002,10036.16,5936.902399999999,974.4000000000001,4566.848,8101.600000000002,1824.96,3384.6204000000002,123.47999999999999,9008.48,18.88,20869.408000000003,108597.3,1340.6399999999999,101281.3925200192,3324.7871999999998,2650.4654400000004,0.0,19752,567.1120000000001,912.0,55.328,48.6864,4881.38,5626.32,3427.2000000000007,4233.599999999999,0.0,52942,52942.28283076924,0.0,301.0,RH,Schlaufe,60000.0,4728.0,4102.0,2720.0,10640.0,,,0.19833333333333333,0.287,1.5,17220.0,21280.0,12768.0,17024.0,0.572135423669562,32.0,47.0,271.6595744680851,84.0,15.853981507917553,False,11550.0,993.52,993.52,326.17,7.57,79.9,36.94,21.85,3.59,16.81,29.82,6.72,12.46,0.45,33.16,0.07,76.82,399.76,4.93,372.82,12.24,9.76,0.0,72.71,2.09,3.36,0.2,0.18,17.97,20.71,12.62,15.58,0.0,194.88,194.88,0.0
RH30LGSC,RH30LGSC,RH,Holz,30 kWh,LW Wärmepumpe,gering,Kurve,Schlaufe,190850,190849.62501468748,88606.98680000001,2055.648,21705.600000000002,10036.16,5936.902399999999,974.4000000000001,4566.848,8101.600000000002,1824.96,3384.6204000000002,123.47999999999999,9008.48,18.88,20869.408000000003,14794.3,1340.6399999999999,7478.429653376001,3324.7871999999998,2650.4654400000004,0.0,19752,567.1120000000001,912.0,55.328,48.6864,4881.38,5626.32,3427.2000000000007,4233.599999999999,0.0,67697,67696.68952131148,0.0,301.0,RH,Schlaufe,60000.0,4728.0,4102.0,2720.0,10640.0,,,0.19833333333333333,0.287,1.5,17220.0,21280.0,12768.0,17024.0,0.572135423669562,32.0,47.0,271.6595744680851,84.0,11.210621770129668,False,11550.0,702.53,702.53,326.17,7.57,79.9,36.94,21.85,3.59,16.81,29.82,6.72,12.46,0.45,33.16,0.07,76.82,54.46,4.93,27.53,12.24,9.76,0.0,72.71,2.09,3.36,0.2,0.18,17.97,20.71,12.62,15.58,0.0,249.2,249.2,0.0
RH30EGSC,RH30EGSC,RH,Holz,30 kWh,Erdgas,gering,Kurve,Schlaufe,245707,245706.82102499204,88606.98680000001,2055.648,21705.600000000002,10036.16,5936.902399999999,974.4000000000001,4566.848,8101.600000000002,1824.96,3384.6204000000002,123.47999999999999,9008.48,18.88,20869.408000000003,15998.9,1340.6399999999999,8683.030064992,3324.7871999999998,2650.4654400000004,0.0,19752,567.1120000000001,912.0,55.328,48.6864,4881.38,5626.32,3427.2000000000007,4233.599999999999,0.0,121349,121349.28512000002,0.0,301.0,RH,Schlaufe,60000.0,4728.0,4102.0,2720.0,10640.0,,,0.19833333333333333,0.287,1.5,17220.0,21280.0,12768.0,17024.0,0.572135423669562,32.0,47.0,271.6595744680851,84.0,14.432966460584588,False,11550.0,904.47,904.47,326.17,7.57,79.9,36.94,21.85,3.59,16.81,29.82,6.72,12.46,0.45,33.16,0.07,76.82,58.89,4.93,31.96,12.24,9.76,0.0,72.71,2.09,3.36,0.2,0.18,17.97,20.71,12.62,15.58,0.0,446.7,446.7,0.0
RH70NGSC,RH70NGSC,RH,Holz,70 kWh,Nahwärme kalt,gering,Kurve,Schlaufe,319070,319070.3688387188,85361.75559999999,2055.648,19896.800000000003,10036.16,5329.7192,974.4000000000001,4566.848,8101.600000000002,1824.96,3384.6204000000002,123.47999999999999,9008.48,18.88,20040.16,111252.2,1340.6399999999999,103936.349829488,3324.7871999999998,2650.4654400000004,0.0,19752,567.1120000000001,912.0,55.328,48.6864,4881.38,5626.32,3427.2000000000007,4233.599999999999,0.0,102705,102704.7443692308,0.0,301.0,RH,Schlaufe,60000.0,4728.0,4102.0,2720.0,10640.0,,,0.19833333333333333,0.287,1.5,17220.0,21280.0,12768.0,17024.0,0.572135423669562,32.0,47.0,271.6595744680851,84.0,18.74238538761271,False,11550.0,1174.52,1174.52,314.22,7.57,73.24,36.94,19.62,3.59,16.81,29.82,6.72,12.46,0.45,33.16,0.07,73.77,409.53,4.93,382.6,12.24,9.76,0.0,72.71,2.09,3.36,0.2,0.18,17.97,20.71,12.62,15.58,0.0,378.07,378.06,0.0
RH70LGSC,RH70LGSC,RH,Holz,70 kWh,LW Wärmepumpe,gering,Kurve,Schlaufe,252708,252708.23837304083,85361.75559999999,2055.648,19896.800000000003,10036.16,5329.7192,974.4000000000001,4566.848,8101.600000000002,1824.96,3384.6204000000002,123.47999999999999,9008.48,18.88,20040.16,16267.5,1340.6399999999999,8951.585687139199,3324.7871999999998,2650.4654400000004,0.0,19752,567.1120000000001,912.0,55.328,48.6864,4881.38,5626.32,3427.2000000000007,4233.599999999999,0.0,131327,131327.37804590166,0.0,301.0,RH,Schlaufe,60000.0,4728.0,4102.0,2720.0,10640.0,,,0.19833333333333333,0.287,1.5,17220.0,21280.0,12768.0,17024.0,0.572135423669562,32.0,47.0,271.6595744680851,84.0,14.844233926987833,False,11550.0,930.24,930.24,314.22,7.57,73.24,36.94,19.62,3.59,16.81,29.82,6.72,12.46,0.45,33.16,0.07,73.77,59.88,4.93,32.95,12.24,9.76,0.0,72.71,2.09,3.36,0.2,0.18,17.97,20.71,12.62,15.58,0.0,483.42,483.43,0.0
RH70EGSC,RH70EGSC,RH,Holz,70 kWh,Erdgas,gering,Kurve,Schlaufe,357109,357109.0569437664,85361.75559999999,2055.648,19896.800000000003,10036.16,5329.7192,974.4000000000001,4566.848,8101.600000000002,1824.96,3384.6204000000002,123.47999999999999,9008.48,18.88,20040.16,16585.6,1340.6399999999999,9269.6971837664,3324.7871999999998,2650.4654400000004,0.0,19752,567.1120000000001,912.0,55.328,48.6864,4881.38,5626.32,3427.2000000000007,4233.599999999999,0.0,235410,235410.08512,0.0,301.0,RH,Schlaufe,60000.0,4728.0,4102.0,2720.0,10640.0,,,0.19833333333333333,0.287,1.5,17220.0,21280.0,12768.0,17024.0,0.572135423669562,32.0,47.0,271.6595744680851,84.0,20.976800807317105,False,11550.0,1314.55,1314.55,314.22,7.57,73.24,36.94,19.62,3.59,16.81,29.82,6.72,12.46,0.45,33.16,0.07,73.77,61.05,4.93,34.12,12.24,9.76,0.0,72.71,2.09,3.36,0.2,0.18,17.97,20.71,12.62,15.58,0.0,866.56,866.56,0.0
RM15NGSC,RM15NGSC,RH,Massiv,15 kWh,Nahwärme kalt,gering,Kurve,Schlaufe,263090,263089.962241139,101777.8704,2055.648,23514.399999999998,10036.16,13830.283999999996,974.4000000000001,4566.848,8101.600000000002,2912.76,4464.8184,123.47999999999999,9894.560000000001,18.88,21284.032000000003,107279.1,1340.6399999999999,99963.2130472928,3324.7871999999998,2650.4654400000004,0.0,19752,567.1120000000001,912.0,55.328,48.6864,4881.38,5626.32,3427.2000000000007,4233.599999999999,0.0,34281,34281.359753846154,0.0,301.0,RH,Schlaufe,60000.0,4728.0,4102.0,2720.0,10640.0,,,0.19833333333333333,0.287,1.5,17220.0,21280.0,12768.0,17024.0,0.572135423669562,32.0,47.0,271.6595744680851,84.0,15.45406263164585,False,11550.0,968.45,968.45,374.65,7.57,86.56,36.94,50.91,3.59,16.81,29.82,10.72,16.44,0.45,36.42,0.07,78.35,394.9,4.93,367.97,12.24,9.76,0.0,72.71,2.09,3.36,0.2,0.18,17.97,20.71,12.62,15.58,0.0,126.19,126.19,0.0
RM15LGSC,RM15LGSC,RH,Massiv,15 kWh,LW Wärmepumpe,gering,Kurve,Schlaufe,179310,179309.87578553418,101777.8704,2055.648,23514.399999999998,10036.16,13830.283999999996,974.4000000000001,4566.848,8101.600000000002,2912.76,4464.8184,123.47999999999999,9894.560000000001,18.88,21284.032000000003,13945.2,1340.6399999999999,6629.305020943999,3324.7871999999998,2650.4654400000004,0.0,19752,567.1120000000001,912.0,55.328,48.6864,4881.38,5626.32,3427.2000000000007,4233.599999999999,0.0,43835,43835.18132459017,0.0,301.0,RH,Schlaufe,60000.0,4728.0,4102.0,2720.0,10640.0,,,0.19833333333333333,0.287,1.5,17220.0,21280.0,12768.0,17024.0,0.572135423669562,32.0,47.0,271.6595744680851,84.0,10.532769959206659,False,11550.0,660.05,660.05,374.65,7.57,86.56,36.94,50.91,3.59,16.81,29.82,10.72,16.44,0.45,36.42,0.07,78.35,51.33,4.93,24.4,12.24,9.76,0.0,72.71,2.09,3.36,0.2,0.18,17.97,20.71,12.62,15.58,0.0,161.36,161.36,0.0
RM15EGSC,RM15EGSC,RH,Massiv,15 kWh,Erdgas,gering,Kurve,Schlaufe,215594,215593.9865029632,101777.8704,2055.648,23514.399999999998,10036.16,13830.283999999996,974.4000000000001,4566.848,8101.600000000002,2912.76,4464.8184,123.47999999999999,9894.560000000001,18.88,21284.032000000003,15488.0,1340.6399999999999,8172.1119429632,3324.7871999999998,2650.4654400000004,0.0,19752,567.1120000000001,912.0,55.328,48.6864,4881.38,5626.32,3427.2000000000007,4233.599999999999,0.0,78576,78576.48512,0.0,301.0,RH,Schlaufe,60000.0,4728.0,4102.0,2720.0,10640.0,,,0.19833333333333333,0.287,1.5,17220.0,21280.0,12768.0,17024.0,0.572135423669562,32.0,47.0,271.6595744680851,84.0,12.664120447777442,False,11550.0,793.62,793.62,374.65,7.57,86.56,36.94,50.91,3.59,16.81,29.82,10.72,16.44,0.45,36.42,0.07,78.35,57.01,4.93,30.08,12.24,9.76,0.0,72.71,2.09,3.36,0.2,0.18,17.97,20.71,12.62,15.58,0.0,289.24,289.25,0.0
RM30NGSC,RM30NGSC,RH,Massiv,30 kWh,Nahwärme kalt,gering,Kurve,Schlaufe,280104,280103.52799078845,98812.33360000001,2055.648,21705.600000000002,10036.16,13088.171199999997,974.4000000000001,4566.848,8101.600000000002,2912.76,4464.8184,123.47999999999999,9894.560000000001,18.88,20869.408000000003,108597.3,1340.6399999999999,101281.3925200192,3324.7871999999998,2650.4654400000004,0.0,19752,567.1120000000001,912.0,55.328,48.6864,4881.38,5626.32,3427.2000000000007,4233.599999999999,0.0,52942,52942.28283076924,0.0,301.0,RH,Schlaufe,60000.0,4728.0,4102.0,2720.0,10640.0,,,0.19833333333333333,0.287,1.5,17220.0,21280.0,12768.0,17024.0,0.572135423669562,32.0,47.0,271.6595744680851,84.0,16.45344971750402,False,11550.0,1031.08,1031.08,363.74,7.57,79.9,36.94,48.18,3.59,16.81,29.82,10.72,16.44,0.45,36.42,0.07,76.82,399.76,4.93,372.82,12.24,9.76,0.0,72.71,2.09,3.36,0.2,0.18,17.97,20.71,12.62,15.58,0.0,194.88,194.88,0.0
RM30LGSC,RM30LGSC,RH,Massiv,30 kWh,LW Wärmepumpe,gering,Kurve,Schlaufe,201055,201054.97181468748,98812.33360000001,2055.648,21705.600000000002,10036.16,13088.171199999997,974.4000000000001,4566.848,8101.600000000002,2912.76,4464.8184,123.47999999999999,9894.560000000001,18.88,20869.408000000003,14794.3,1340.6399999999999,7478.429653376001,3324.7871999999998,2650.4654400000004,0.0,19752,567.1120000000001,912.0,55.328,48.6864,4881.38,5626.32,3427.2000000000007,4233.599999999999,0.0,67697,67696.68952131148,0.0,301.0,RH,Schlaufe,60000.0,4728.0,4102.0,2720.0,10640.0,,,0.19833333333333333,0.287,1.5,17220.0,21280.0,12768.0,17024.0,0.572135423669562,32.0,47.0,271.6595744680851,84.0,11.810089979716135,False,11550.0,740.1,740.1,363.74,7.57,79.9,36.94,48.18,3.59,16.81,29.82,10.72,16.44,0.45,36.42,0.07,76.82,54.46,4.93,27.53,12.24,9.76,0.0,72.71,2.09,3.36,0.2,0.18,17.97,20.71,12.62,15.58,0.0,249.2,249.2,0.0
RM30EGSC,RM30EGSC,RH,Massiv,30 kWh,Erdgas,gering,Kurve,Schlaufe,255912,255912.16782499204,98812.33360000001,2055.648,21705.600000000002,10036.16,13088.171199999997,974.4000000000001,4566.848,8101.600000000002,2912.76,4464.8184,123.47999999999999,9894.560000000001,18.88,20869.408000000003,15998.9,1340.6399999999999,8683.030064992,3324.7871999999998,2650.4654400000004,0.0,19752,567.1120000000001,912.0,55.328,48.6864,4881.38,5626.32,3427.2000000000007,4233.599999999999,0.0,121349,121349.28512000002,0.0,301.0,RH,Schlaufe,60000.0,4728.0,4102.0,2720.0,10640.0,,,0.19833333333333333,0.287,1.5,17220.0,21280.0,12768.0,17024.0,0.572135423669562,32.0,47.0,271.6595744680851,84.0,15.032434670171053,False,11550.0,942.03,942.03,363.74,7.57,79.9,36.94,48.18,3.59,16.81,29.82,10.72,16.44,0.45,36.42,0.07,76.82,58.89,4.93,31.96,12.24,9.76,0.0,72.71,2.09,3.36,0.2,0.18,17.97,20.71,12.62,15.58,0.0,446.7,446.7,0.0
RM70NGSC,RM70NGSC,RH,Massiv,70 kWh,Nahwärme kalt,gering,Kurve,Schlaufe,328331,328331.2084387188,94622.59520000001,2055.648,19896.800000000003,10036.16,11536.480799999998,974.4000000000001,4566.848,8101.600000000002,2912.76,4464.8184,123.47999999999999,9894.560000000001,18.88,20040.16,111252.2,1340.6399999999999,103936.349829488,3324.7871999999998,2650.4654400000004,0.0,19752,567.1120000000001,912.0,55.328,48.6864,4881.38,5626.32,3427.2000000000007,4233.599999999999,0.0,102705,102704.7443692308,0.0,301.0,RH,Schlaufe,60000.0,4728.0,4102.0,2720.0,10640.0,,,0.19833333333333333,0.287,1.5,17220.0,21280.0,12768.0,17024.0,0.572135423669562,32.0,47.0,271.6595744680851,84.0,19.286372676146545,False,11550.0,1208.61,1208.61,348.31,7.57,73.24,36.94,42.47,3.59,16.81,29.82,10.72,16.44,0.45,36.42,0.07,73.77,409.53,4.93,382.6,12.24,9.76,0.0,72.71,2.09,3.36,0.2,0.18,17.97,20.71,12.62,15.58,0.0,378.07,378.06,0.0
RM70LGSC,RM70LGSC,RH,Massiv,70 kWh,LW Wärmepumpe,gering,Kurve,Schlaufe,261969,261969.07797304087,94622.59520000001,2055.648,19896.800000000003,10036.16,11536.480799999998,974.4000000000001,4566.848,8101.600000000002,2912.76,4464.8184,123.47999999999999,9894.560000000001,18.88,20040.16,16267.5,1340.6399999999999,8951.585687139199,3324.7871999999998,2650.4654400000004,0.0,19752,567.1120000000001,912.0,55.328,48.6864,4881.38,5626.32,3427.2000000000007,4233.599999999999,0.0,131327,131327.37804590166,0.0,301.0,RH,Schlaufe,60000.0,4728.0,4102.0,2720.0,10640.0,,,0.19833333333333333,0.287,1.5,17220.0,21280.0,12768.0,17024.0,0.572135423669562,32.0,47.0,271.6595744680851,84.0,15.388221215521668,False,11550.0,964.33,964.33,348.31,7.57,73.24,36.94,42.47,3.59,16.81,29.82,10.72,16.44,0.45,36.42,0.07,73.77,59.88,4.93,32.95,12.24,9.76,0.0,72.71,2.09,3.36,0.2,0.18,17.97,20.71,12.62,15.58,0.0,483.42,483.43,0.0
RM70EGSC,RM70EGSC,RH,Massiv,70 kWh,Erdgas,gering,Kurve,Schlaufe,366370,366369.89654376643,94622.59520000001,2055.648,19896.800000000003,10036.16,11536.480799999998,974.4000000000001,4566.848,8101.600000000002,2912.76,4464.8184,123.47999999999999,9894.560000000001,18.88,20040.16,16585.6,1340.6399999999999,9269.6971837664,3324.7871999999998,2650.4654400000004,0.0,19752,567.1120000000001,912.0,55.328,48.6864,4881.38,5626.32,3427.2000000000007,4233.599999999999,0.0,235410,235410.08512,0.0,301.0,RH,Schlaufe,60000.0,4728.0,4102.0,2720.0,10640.0,,,0.19833333333333333,0.287,1.5,17220.0,21280.0,12768.0,17024.0,0.572135423669562,32.0,47.0,271.6595744680851,84.0,21.52078809585094,False,11550.0,1348.64,1348.64,348.31,7.57,73.24,36.94,42.47,3.59,16.81,29.82,10.72,16.44,0.45,36.42,0.07,73.77,61.05,4.93,34.12,12.24,9.76,0.0,72.71,2.09,3.36,0.2,0.18,17.97,20.71,12.62,15.58,0.0,866.56,866.56,0.0
ZH15NGSC,ZH15NGSC,ZH,Holz,15 kWh,Nahwärme kalt,gering,Kurve,Schlaufe,454337,454336.8161500175,156928.87213076922,1483.0626461538466,22972.95,20902.734576923078,11964.856215384618,2854.7076923076925,10045.5,14247.090000000002,13429.639384615388,7967.367692307693,537.3415384615384,32280.17238461538,1299.6,16943.85,155898.2,153.89999999999998,138776.14953001746,11735.539200000001,5232.65748923077,0.0,74526,268.345,912.0,26.18,3635.115507692308,4881.38,5626.32,3427.2000000000007,0.0,55749.18461538462,66984,66983.97267692308,0.0,501.0,Zeile,Schlaufe,60000.0,4728.0,4102.0,2720.0,10395.0,9595.384615384615,7676.307692307692,0.17325,0.51975,3.0,31185.0,35023.153846153844,24948.0,29769.68076923077,0.39634439634439633,10.0,41.0,608.4878048780488,319.84615384615387,15.261729531866834,True,11550.0,746.67,746.67,257.9,2.44,37.75,34.35,19.66,4.69,16.51,23.41,22.07,13.09,0.88,53.05,2.14,27.85,256.21,0.25,228.07,19.29,8.6,0.0,122.48,0.44,1.5,0.04,5.97,8.02,9.25,5.63,0.0,91.62,110.08,110.08,0.0
ZH15LGSC,ZH15LGSC,ZH,Holz,15 kWh,LW Wärmepumpe,gering,Kurve,Schlaufe,346526,346525.58277489257,156928.87213076922,1483.0626461538466,22972.95,20902.734576923078,11964.856215384618,2854.7076923076925,10045.5,14247.090000000002,13429.639384615388,7967.367692307693,537.3415384615384,32280.17238461538,1299.6,16943.85,29419.3,153.89999999999998,12297.25163837304,11735.539200000001,5232.65748923077,0.0,74526,268.345,912.0,26.18,3635.115507692308,4881.38,5626.32,3427.2000000000007,0.0,55749.18461538462,85652,85651.63719344263,0.0,501.0,Zeile,Schlaufe,60000.0,4728.0,4102.0,2720.0,10395.0,9595.384615384615,7676.307692307692,0.17325,0.51975,3.0,31185.0,35023.153846153844,24948.0,29769.68076923077,0.39634439634439633,10.0,41.0,608.4878048780488,319.84615384615387,11.640218296631959,True,11550.0,569.49,569.49,257.9,2.44,37.75,34.35,19.66,4.69,16.51,23.41,22.07,13.09,0.88,53.05,2.14,27.85,48.35,0.25,20.21,19.29,8.6,0.0,122.48,0.44,1.5,0.04,5.97,8.02,9.25,5.63,0.0,91.62,140.76,140.76,0.0
ZH15EGSC,ZH15EGSC,ZH,Holz,15 kWh,Erdgas,gering,Kurve,Schlaufe,414721,414720.90320618096,156928.87213076922,1483.0626461538466,22972.95,20902.734576923078,11964.856215384618,2854.7076923076925,10045.5,14247.090000000002,13429.639384615388,7967.367692307693,537.3415384615384,32280.17238461538,1299.6,16943.85,29732.0,153.89999999999998,12609.892943104041,11735.539200000001,5232.65748923077,0.0,74526,268.345,912.0,26.18,3635.115507692308,4881.38,5626.32,3427.2000000000007,0.0,55749.18461538462,153534,153534.31631999998,0.0,501.0,Zeile,Schlaufe,60000.0,4728.0,4102.0,2720.0,10395.0,9595.384615384615,7676.307692307692,0.17325,0.51975,3.0,31185.0,35023.153846153844,24948.0,29769.68076923077,0.39634439634439633,10.0,41.0,608.4878048780488,319.84615384615387,13.930982546337097,True,11550.0,681.56,681.56,257.9,2.44,37.75,34.35,19.66,4.69,16.51,23.41,22.07,13.09,0.88,53.05,2.14,27.85,48.86,0.25,20.72,19.29,8.6,0.0,122.48,0.44,1.5,0.04,5.97,8.02,9.25,5.63,0.0,91.62,252.32,252.32,0.0
ZH30NGSC,ZH30NGSC,ZH,Holz,30 kWh,Nahwärme kalt,gering,Kurve,Schlaufe,488320,488320.23261999997,150569.66634615386,1483.0626461538466,21205.8,20902.734576923078,9659.700430769231,2854.7076923076925,10045.5,14247.090000000002,13429.639384615388,7967.367692307693,537.3415384615384,32280.17238461538,1299.6,14656.949999999999,159778.4,153.89999999999998,142656.31024615385,11735.539200000001,5232.65748923077,0.0,74526,268.345,912.0,26.18,3635.115507692308,4881.38,5626.32,3427.2000000000007,0.0,55749.18461538462,103446,103446.4342153846,0.0,501.0,Zeile,Schlaufe,60000.0,4728.0,4102.0,2720.0,10395.0,9595.384615384615,7676.307692307692,0.17325,0.51975,3.0,31185.0,35023.153846153844,24948.0,29769.68076923077,0.39634439634439633,10.0,41.0,608.4878048780488,319.84615384615387,16.40327406952634,True,11550.0,802.51,802.51,247.45,2.44,34.85,34.35,15.87,4.69,16.51,23.41,22.07,13.09,0.88,53.05,2.14,24.09,262.58,0.25,234.44,19.29,8.6,0.0,122.48,0.44,1.5,0.04,5.97,8.02,9.25,5.63,0.0,91.62,170.01,170.01,0.0
ZH30LGSC,ZH30LGSC,ZH,Holz,30 kWh,LW Wärmepumpe,gering,Kurve,Schlaufe,389988,389988.13934544864,150569.66634615386,1483.0626461538466,21205.8,20902.734576923078,9659.700430769231,2854.7076923076925,10045.5,14247.090000000002,13429.639384615388,7967.367692307693,537.3415384615384,32280.17238461538,1299.6,14656.949999999999,32617.0,153.89999999999998,15494.882846003467,11735.539200000001,5232.65748923077,0.0,74526,268.345,912.0,26.18,3635.115507692308,4881.38,5626.32,3427.2000000000007,0.0,55749.18461538462,132276,132275.7683409836,0.0,501.0,Zeile,Schlaufe,60000.0,4728.0,4102.0,2720.0,10395.0,9595.384615384615,7676.307692307692,0.17325,0.51975,3.0,31185.0,35023.153846153844,24948.0,29769.68076923077,0.39634439634439633,10.0,41.0,608.4878048780488,319.84615384615387,13.100178747920301,True,11550.0,640.91,640.91,247.45,2.44,34.85,34.35,15.87,4.69,16.51,23.41,22.07,13.09,0.88,53.05,2.14,24.09,53.6,0.25,25.46,19.29,8.6,0.0,122.48,0.44,1.5,0.04,5.97,8.02,9.25,5.63,0.0,91.62,217.38,217.38,0.0
ZH30EGSC,ZH30EGSC,ZH,Holz,30 kWh,Erdgas,gering,Kurve,Schlaufe,500368,500367.77257807425,150569.66634615386,1483.0626461538466,21205.8,20902.734576923078,9659.700430769231,2854.7076923076925,10045.5,14247.090000000002,13429.639384615388,7967.367692307693,537.3415384615384,32280.17238461538,1299.6,14656.949999999999,38162.3,153.89999999999998,21040.168099612718,11735.539200000001,5232.65748923077,0.0,74526,268.345,912.0,26.18,3635.115507692308,4881.38,5626.32,3427.2000000000007,0.0,55749.18461538462,237110,237110.11631999997,0.0,501.0,Zeile,Schlaufe,60000.0,4728.0,4102.0,2720.0,10395.0,9595.384615384615,7676.307692307692,0.17325,0.51975,3.0,31185.0,35023.153846153844,24948.0,29769.68076923077,0.39634439634439633,10.0,41.0,608.4878048780488,319.84615384615387,16.8079656767849,True,11550.0,822.31,822.31,247.45,2.44,34.85,34.35,15.87,4.69,16.51,23.41,22.07,13.09,0.88,53.05,2.14,24.09,62.72,0.25,34.58,19.29,8.6,0.0,122.48,0.44,1.5,0.04,5.97,8.02,9.25,5.63,0.0,91.62,389.67,389.67,0.0
ZH70NGSC,ZH70NGSC,ZH,Holz,70 kWh,Nahwärme kalt,gering,Kurve,Schlaufe,585862,585862.3269600184,144903.99243846154,1483.0626461538466,19438.65,20902.734576923078,8671.776523076924,2854.7076923076925,10045.5,14247.090000000002,13429.639384615388,7967.367692307693,537.3415384615384,32280.17238461538,1299.6,11746.349999999999,165752.9,153.89999999999998,148630.84772463376,11735.539200000001,5232.65748923077,0.0,74526,268.345,912.0,26.18,3635.115507692308,4881.38,5626.32,3427.2000000000007,0.0,55749.18461538462,200680,200679.6649846154,0.0,501.0,Zeile,Schlaufe,60000.0,4728.0,4102.0,2720.0,10395.0,9595.384615384615,7676.307692307692,0.17325,0.51975,3.0,31185.0,35023.153846153844,24948.0,29769.68076923077,0.39634439634439633,10.0,41.0,608.4878048780488,319.84615384615387,19.679832360364163,True,11550.0,962.82,962.82,238.14,2.44,31.95,34.35,14.25,4.69,16.51,23.41,22.07,13.09,0.88,53.05,2.14,19.3,272.4,0.25,244.26,19.29,8.6,0.0,122.48,0.44,1.5,0.04,5.97,8.02,9.25,5.63,0.0,91.62,329.8,329.8,0.0
ZH70LGSC,ZH70LGSC,ZH,Holz,70 kWh,LW Wärmepumpe,gering,Kurve,Schlaufe,512385,512384.51821367664,144903.99243846154,1483.0626461538466,19438.65,20902.734576923078,8671.776523076924,2854.7076923076925,10045.5,14247.090000000002,13429.639384615388,7967.367692307693,537.3415384615384,32280.17238461538,1299.6,11746.349999999999,36348.0,153.89999999999998,19225.919228481183,11735.539200000001,5232.65748923077,0.0,74526,268.345,912.0,26.18,3635.115507692308,4881.38,5626.32,3427.2000000000007,0.0,55749.18461538462,256607,256606.78473442624,0.0,501.0,Zeile,Schlaufe,60000.0,4728.0,4102.0,2720.0,10395.0,9595.384615384615,7676.307692307692,0.17325,0.51975,3.0,31185.0,35023.153846153844,24948.0,29769.68076923077,0.39634439634439633,10.0,41.0,608.4878048780488,319.84615384615387,17.21162286507503,True,11550.0,842.06,842.06,238.14,2.44,31.95,34.35,14.25,4.69,16.51,23.41,22.07,13.09,0.88,53.05,2.14,19.3,59.73,0.25,31.6,19.29,8.6,0.0,122.48,0.44,1.5,0.04,5.97,8.02,9.25,5.63,0.0,91.62,421.71,421.71,0.0
ZH70EGSC,ZH70EGSC,ZH,Holz,70 kWh,Erdgas,gering,Kurve,Schlaufe,719798,719798.4711956332,144903.99243846154,1483.0626461538466,19438.65,20902.734576923078,8671.776523076924,2854.7076923076925,10045.5,14247.090000000002,13429.639384615388,7967.367692307693,537.3415384615384,32280.17238461538,1299.6,11746.349999999999,40389.8,153.89999999999998,23267.740624863967,11735.539200000001,5232.65748923077,0.0,74526,268.345,912.0,26.18,3635.115507692308,4881.38,5626.32,3427.2000000000007,0.0,55749.18461538462,459979,459978.91631999996,0.0,501.0,Zeile,Schlaufe,60000.0,4728.0,4102.0,2720.0,10395.0,9595.384615384615,7676.307692307692,0.17325,0.51975,3.0,31185.0,35023.153846153844,24948.0,29769.68076923077,0.39634439634439633,10.0,41.0,608.4878048780488,319.84615384615387,24.178911315018183,True,11550.0,1182.93,1182.93,238.14,2.44,31.95,34.35,14.25,4.69,16.51,23.41,22.07,13.09,0.88,53.05,2.14,19.3,66.38,0.25,38.24,19.29,8.6,0.0,122.48,0.44,1.5,0.04,5.97,8.02,9.25,5.63,0.0,91.62,755.94,755.94,0.0
ZM15NGSC,ZM15NGSC,ZH,Massiv,15 kWh,Nahwärme kalt,gering,Kurve,Schlaufe,490947,490947.06168847904,193539.1176692308,1483.0626461538466,22972.95,20902.734576923078,28979.101292307696,2854.7076923076925,10045.5,14247.090000000002,21798.414,10510.144615384617,537.3415384615384,35455.27130769231,1299.6,22453.2,155898.2,153.89999999999998,138776.14953001746,11735.539200000001,5232.65748923077,0.0,74526,268.345,912.0,26.18,3635.115507692308,4881.38,5626.32,3427.2000000000007,0.0,55749.18461538462,66984,66983.97267692308,0.0,501.0,Zeile,Schlaufe,60000.0,4728.0,4102.0,2720.0,10395.0,9595.384615384615,7676.307692307692,0.17325,0.51975,3.0,31185.0,35023.153846153844,24948.0,29769.68076923077,0.39634439634439633,10.0,41.0,608.4878048780488,319.84615384615387,16.491512471840483,True,11550.0,806.83,806.83,318.07,2.44,37.75,34.35,47.62,4.69,16.51,23.41,35.82,17.27,0.88,58.27,2.14,36.9,256.21,0.25,228.07,19.29,8.6,0.0,122.48,0.44,1.5,0.04,5.97,8.02,9.25,5.63,0.0,91.62,110.08,110.08,0.0
ZM15LGSC,ZM15LGSC,ZH,Massiv,15 kWh,LW Wärmepumpe,gering,Kurve,Schlaufe,383136,383135.8283133541,193539.1176692308,1483.0626461538466,22972.95,20902.734576923078,28979.101292307696,2854.7076923076925,10045.5,14247.090000000002,21798.414,10510.144615384617,537.3415384615384,35455.27130769231,1299.6,22453.2,29419.3,153.89999999999998,12297.25163837304,11735.539200000001,5232.65748923077,0.0,74526,268.345,912.0,26.18,3635.115507692308,4881.38,5626.32,3427.2000000000007,0.0,55749.18461538462,85652,85651.63719344263,0.0,501.0,Zeile,Schlaufe,60000.0,4728.0,4102.0,2720.0,10395.0,9595.384615384615,7676.307692307692,0.17325,0.51975,3.0,31185.0,35023.153846153844,24948.0,29769.68076923077,0.39634439634439633,10.0,41.0,608.4878048780488,319.84615384615387,12.870001236605606,True,11550.0,629.65,629.65,318.07,2.44,37.75,34.35,47.62,4.69,16.51,23.41,35.82,17.27,0.88,58.27,2.14,36.9,48.35,0.25,20.21,19.29,8.6,0.0,122.48,0.44,1.5,0.04,5.97,8.02,9.25,5.63,0.0,91.62,140.76,140.76,0.0
ZM15EGSC,ZM15EGSC,ZH,Massiv,15 kWh,Erdgas,gering,Kurve,Schlaufe,451331,451331.1487446425,193539.1176692308,1483.0626461538466,22972.95,20902.734576923078,28979.101292307696,2854.7076923076925,10045.5,14247.090000000002,21798.414,10510.144615384617,537.3415384615384,35455.27130769231,1299.6,22453.2,29732.0,153.89999999999998,12609.892943104041,11735.539200000001,5232.65748923077,0.0,74526,268.345,912.0,26.18,3635.115507692308,4881.38,5626.32,3427.2000000000007,0.0,55749.18461538462,153534,153534.31631999998,0.0,501.0,Zeile,Schlaufe,60000.0,4728.0,4102.0,2720.0,10395.0,9595.384615384615,7676.307692307692,0.17325,0.51975,3.0,31185.0,35023.153846153844,24948.0,29769.68076923077,0.39634439634439633,10.0,41.0,608.4878048780488,319.84615384615387,15.160765486310742,True,11550.0,741.73,741.73,318.07,2.44,37.75,34.35,47.62,4.69,16.51,23.41,35.82,17.27,0.88,58.27,2.14,36.9,48.86,0.25,20.72,19.29,8.6,0.0,122.48,0.44,1.5,0.04,5.97,8.02,9.25,5.63,0.0,91.62,252.32,252.32,0.0
ZM30NGSC,ZM30NGSC,ZH,Massiv,30 kWh,Nahwärme kalt,gering,Kurve,Schlaufe,525409,525409.4928969231,187658.92662307696,1483.0626461538466,21205.8,20902.734576923078,25905.560246153847,2854.7076923076925,10045.5,14247.090000000002,21798.414,10510.144615384617,537.3415384615384,35455.27130769231,1299.6,21413.7,159778.4,153.89999999999998,142656.31024615385,11735.539200000001,5232.65748923077,0.0,74526,268.345,912.0,26.18,3635.115507692308,4881.38,5626.32,3427.2000000000007,0.0,55749.18461538462,103446,103446.4342153846,0.0,501.0,Zeile,Schlaufe,60000.0,4728.0,4102.0,2720.0,10395.0,9595.384615384615,7676.307692307692,0.17325,0.51975,3.0,31185.0,35023.153846153844,24948.0,29769.68076923077,0.39634439634439633,10.0,41.0,608.4878048780488,319.84615384615387,17.649147700635535,True,11550.0,863.47,863.47,308.4,2.44,34.85,34.35,42.57,4.69,16.51,23.41,35.82,17.27,0.88,58.27,2.14,35.19,262.58,0.25,234.44,19.29,8.6,0.0,122.48,0.44,1.5,0.04,5.97,8.02,9.25,5.63,0.0,91.62,170.01,170.01,0.0
ZM30LGSC,ZM30LGSC,ZH,Massiv,30 kWh,LW Wärmepumpe,gering,Kurve,Schlaufe,427077,427077.3996223717,187658.92662307696,1483.0626461538466,21205.8,20902.734576923078,25905.560246153847,2854.7076923076925,10045.5,14247.090000000002,21798.414,10510.144615384617,537.3415384615384,35455.27130769231,1299.6,21413.7,32617.0,153.89999999999998,15494.882846003467,11735.539200000001,5232.65748923077,0.0,74526,268.345,912.0,26.18,3635.115507692308,4881.38,5626.32,3427.2000000000007,0.0,55749.18461538462,132276,132275.7683409836,0.0,501.0,Zeile,Schlaufe,60000.0,4728.0,4102.0,2720.0,10395.0,9595.384615384615,7676.307692307692,0.17325,0.51975,3.0,31185.0,35023.153846153844,24948.0,29769.68076923077,0.39634439634439633,10.0,41.0,608.4878048780488,319.84615384615387,14.346052379029496,True,11550.0,701.87,701.87,308.4,2.44,34.85,34.35,42.57,4.69,16.51,23.41,35.82,17.27,0.88,58.27,2.14,35.19,53.6,0.25,25.46,19.29,8.6,0.0,122.48,0.44,1.5,0.04,5.97,8.02,9.25,5.63,0.0,91.62,217.38,217.38,0.0
ZM30EGSC,ZM30EGSC,ZH,Massiv,30 kWh,Erdgas,gering,Kurve,Schlaufe,537457,537457.0328549973,187658.92662307696,1483.0626461538466,21205.8,20902.734576923078,25905.560246153847,2854.7076923076925,10045.5,14247.090000000002,21798.414,10510.144615384617,537.3415384615384,35455.27130769231,1299.6,21413.7,38162.3,153.89999999999998,21040.168099612718,11735.539200000001,5232.65748923077,0.0,74526,268.345,912.0,26.18,3635.115507692308,4881.38,5626.32,3427.2000000000007,0.0,55749.18461538462,237110,237110.11631999997,0.0,501.0,Zeile,Schlaufe,60000.0,4728.0,4102.0,2720.0,10395.0,9595.384615384615,7676.307692307692,0.17325,0.51975,3.0,31185.0,35023.153846153844,24948.0,29769.68076923077,0.39634439634439633,10.0,41.0,608.4878048780488,319.84615384615387,18.053839307894094,True,11550.0,883.27,883.27,308.4,2.44,34.85,34.35,42.57,4.69,16.51,23.41,35.82,17.27,0.88,58.27,2.14,35.19,62.72,0.25,34.58,19.29,8.6,0.0,122.48,0.44,1.5,0.04,5.97,8.02,9.25,5.63,0.0,91.62,389.67,389.67,0.0
ZM70NGSC,ZM70NGSC,ZH,Massiv,70 kWh,Nahwärme kalt,gering,Kurve,Schlaufe,622142,622142.4667138646,181184.1321923077,1483.0626461538466,19438.65,20902.734576923078,23380.865815384615,2854.7076923076925,10045.5,14247.090000000002,21798.414,10510.144615384617,537.3415384615384,35455.27130769231,1299.6,19230.75,165752.9,153.89999999999998,148630.84772463376,11735.539200000001,5232.65748923077,0.0,74526,268.345,912.0,26.18,3635.115507692308,4881.38,5626.32,3427.2000000000007,0.0,55749.18461538462,200680,200679.6649846154,0.0,501.0,Zeile,Schlaufe,60000.0,4728.0,4102.0,2720.0,10395.0,9595.384615384615,7676.307692307692,0.17325,0.51975,3.0,31185.0,35023.153846153844,24948.0,29769.68076923077,0.39634439634439633,10.0,41.0,608.4878048780488,319.84615384615387,20.898526643150845,True,11550.0,1022.44,1022.44,297.76,2.44,31.95,34.35,38.42,4.69,16.51,23.41,35.82,17.27,0.88,58.27,2.14,31.6,272.4,0.25,244.26,19.29,8.6,0.0,122.48,0.44,1.5,0.04,5.97,8.02,9.25,5.63,0.0,91.62,329.8,329.8,0.0
ZM70LGSC,ZM70LGSC,ZH,Massiv,70 kWh,LW Wärmepumpe,gering,Kurve,Schlaufe,548665,548664.6579675227,181184.1321923077,1483.0626461538466,19438.65,20902.734576923078,23380.865815384615,2854.7076923076925,10045.5,14247.090000000002,21798.414,10510.144615384617,537.3415384615384,35455.27130769231,1299.6,19230.75,36348.0,153.89999999999998,19225.919228481183,11735.539200000001,5232.65748923077,0.0,74526,268.345,912.0,26.18,3635.115507692308,4881.38,5626.32,3427.2000000000007,0.0,55749.18461538462,256607,256606.78473442624,0.0,501.0,Zeile,Schlaufe,60000.0,4728.0,4102.0,2720.0,10395.0,9595.384615384615,7676.307692307692,0.17325,0.51975,3.0,31185.0,35023.153846153844,24948.0,29769.68076923077,0.39634439634439633,10.0,41.0,608.4878048780488,319.84615384615387,18.430317147861707,True,11550.0,901.69,901.69,297.76,2.44,31.95,34.35,38.42,4.69,16.51,23.41,35.82,17.27,0.88,58.27,2.14,31.6,59.73,0.25,31.6,19.29,8.6,0.0,122.48,0.44,1.5,0.04,5.97,8.02,9.25,5.63,0.0,91.62,421.71,421.71,0.0
ZM70EGSC,ZM70EGSC,ZH,Massiv,70 kWh,Erdgas,gering,Kurve,Schlaufe,756079,756078.6109494793,181184.1321923077,1483.0626461538466,19438.65,20902.734576923078,23380.865815384615,2854.7076923076925,10045.5,14247.090000000002,21798.414,10510.144615384617,537.3415384615384,35455.27130769231,1299.6,19230.75,40389.8,153.89999999999998,23267.740624863967,11735.539200000001,5232.65748923077,0.0,74526,268.345,912.0,26.18,3635.115507692308,4881.38,5626.32,3427.2000000000007,0.0,55749.18461538462,459979,459978.91631999996,0.0,501.0,Zeile,Schlaufe,60000.0,4728.0,4102.0,2720.0,10395.0,9595.384615384615,7676.307692307692,0.17325,0.51975,3.0,31185.0,35023.153846153844,24948.0,29769.68076923077,0.39634439634439633,10.0,41.0,608.4878048780488,319.84615384615387,25.39760559780487,True,11550.0,1242.55,1242.55,297.76,2.44,31.95,34.35,38.42,4.69,16.51,23.41,35.82,17.27,0.88,58.27,2.14,31.6,66.38,0.25,38.24,19.29,8.6,0.0,122.48,0.44,1.5,0.04,5.97,8.02,9.25,5.63,0.0,91.62,755.94,755.94,0.0
PH15NGSC,PH15NGSC,PH,Holz,15 kWh,Nahwärme kalt,gering,Kurve,Schlaufe,343042,343042.1443711169,132313.63033318683,1109.4079015384618,17184.96,15664.401969230768,18182.938633846155,2412.9969230769234,12787.2,10657.56342857143,12048.546461538464,4419.399876923077,200.9796923076923,24190.595446153842,779.76,12674.88,100990.0,396.71999999999997,87900.14880962233,8778.79296,3914.2996283076927,0.0,59631,329.47600000000006,912.0,32.144,2719.255236923078,4881.38,5626.32,3427.2000000000007,0.0,41703.286153846166,50107,50107.49124923078,0.0,401.0,Punkt,Schlaufe,60000.0,4728.0,4102.0,2720.0,7776.0,7177.846153846155,5742.2769230769245,0.1296,0.3888,3.0,23328.0,26199.138461538463,18662.4,22269.26769230769,0.5185185185185185,24.0,41.0,455.180487804878,239.2615384615385,15.404284914569123,True,11550.0,753.64,753.64,290.68,2.44,37.75,34.41,39.95,5.3,28.09,23.41,26.47,9.71,0.44,53.15,1.71,27.85,221.87,0.87,193.11,19.29,8.6,0.0,131.01,0.72,2.0,0.07,5.97,10.72,12.36,7.53,0.0,91.62,110.08,110.08,0.0
PH15LGSC,PH15LGSC,PH,Holz,15 kWh,LW Wärmepumpe,gering,Kurve,Schlaufe,278609,278608.67864310957,132313.63033318683,1109.4079015384618,17184.96,15664.401969230768,18182.938633846155,2412.9969230769234,12787.2,10657.56342857143,12048.546461538464,4419.399876923077,200.9796923076923,24190.595446153842,779.76,12674.88,22592.1,396.71999999999997,9502.300274452373,8778.79296,3914.2996283076927,0.0,59631,329.47600000000006,912.0,32.144,2719.255236923078,4881.38,5626.32,3427.2000000000007,0.0,41703.286153846166,64072,64071.874056393455,0.0,401.0,Punkt,Schlaufe,60000.0,4728.0,4102.0,2720.0,7776.0,7177.846153846155,5742.2769230769245,0.1296,0.3888,3.0,23328.0,26199.138461538463,18662.4,22269.26769230769,0.5185185185185185,24.0,41.0,455.180487804878,239.2615384615385,12.510904376947579,True,11550.0,612.08,612.08,290.68,2.44,37.75,34.41,39.95,5.3,28.09,23.41,26.47,9.71,0.44,53.15,1.71,27.85,49.63,0.87,20.88,19.29,8.6,0.0,131.01,0.72,2.0,0.07,5.97,10.72,12.36,7.53,0.0,91.62,140.76,140.76,0.0
PH15EGSC,PH15EGSC,PH,Holz,15 kWh,Erdgas,gering,Kurve,Schlaufe,330152,330151.54466672346,132313.63033318683,1109.4079015384618,17184.96,15664.401969230768,18182.938633846155,2412.9969230769234,12787.2,10657.56342857143,12048.546461538464,4419.399876923077,200.9796923076923,24190.595446153842,779.76,12674.88,23355.2,396.71999999999997,10265.395938459684,8778.79296,3914.2996283076927,0.0,59631,329.47600000000006,912.0,32.144,2719.255236923078,4881.38,5626.32,3427.2000000000007,0.0,41703.286153846166,114852,114851.64441600001,0.0,401.0,Punkt,Schlaufe,60000.0,4728.0,4102.0,2720.0,7776.0,7177.846153846155,5742.2769230769245,0.1296,0.3888,3.0,23328.0,26199.138461538463,18662.4,22269.26769230769,0.5185185185185185,24.0,41.0,455.180487804878,239.2615384615385,14.825433383279382,True,11550.0,725.32,725.32,290.68,2.44,37.75,34.41,39.95,5.3,28.09,23.41,26.47,9.71,0.44,53.15,1.71,27.85,51.31,0.87,22.55,19.29,8.6,0.0,131.01,0.72,2.0,0.07,5.97,10.72,12.36,7.53,0.0,91.62,252.32,252.32,0.0
PH30NGSC,PH30NGSC,PH,Holz,30 kWh,Nahwärme kalt,gering,Kurve,Schlaufe,365079,365078.9338824713,125777.85536703297,1109.4079015384618,15863.04,15664.401969230768,14679.803667692307,2412.9969230769234,12787.2,10657.56342857143,12048.546461538464,4419.399876923077,200.9796923076923,24190.595446153842,779.76,10964.16,102286.7,396.71999999999997,89196.89790251524,8778.79296,3914.2996283076927,0.0,59631,329.47600000000006,912.0,32.144,2719.255236923078,4881.38,5626.32,3427.2000000000007,0.0,41703.286153846166,77383,77383.30663384616,0.0,401.0,Punkt,Schlaufe,60000.0,4728.0,4102.0,2720.0,7776.0,7177.846153846155,5742.2769230769245,0.1296,0.3888,3.0,23328.0,26199.138461538463,18662.4,22269.26769230769,0.5185185185185185,24.0,41.0,455.180487804878,239.2615384615385,16.39384549715471,True,11550.0,802.05,802.05,276.33,2.44,34.85,34.41,32.25,5.3,28.09,23.41,26.47,9.71,0.44,53.15,1.71,24.09,224.72,0.87,195.96,19.29,8.6,0.0,131.01,0.72,2.0,0.07,5.97,10.72,12.36,7.53,0.0,91.62,170.01,170.01,0.0
PH30LGSC,PH30LGSC,PH,Holz,30 kWh,LW Wärmepumpe,gering,Kurve,Schlaufe,307667,307667.45318055415,125777.85536703297,1109.4079015384618,15863.04,15664.401969230768,14679.803667692307,2412.9969230769234,12787.2,10657.56342857143,12048.546461538464,4419.399876923077,200.9796923076923,24190.595446153842,779.76,10964.16,23309.4,396.71999999999997,10219.577646903197,8778.79296,3914.2996283076927,0.0,59631,329.47600000000006,912.0,32.144,2719.255236923078,4881.38,5626.32,3427.2000000000007,0.0,41703.286153846166,98949,98949.146187541,0.0,401.0,Punkt,Schlaufe,60000.0,4728.0,4102.0,2720.0,7776.0,7177.846153846155,5742.2769230769245,0.1296,0.3888,3.0,23328.0,26199.138461538463,18662.4,22269.26769230769,0.5185185185185185,24.0,41.0,455.180487804878,239.2615384615385,13.81578673495534,True,11550.0,675.92,675.92,276.33,2.44,34.85,34.41,32.25,5.3,28.09,23.41,26.47,9.71,0.44,53.15,1.71,24.09,51.21,0.87,22.45,19.29,8.6,0.0,131.01,0.72,2.0,0.07,5.97,10.72,12.36,7.53,0.0,91.62,217.38,217.38,0.0
PH30EGSC,PH30EGSC,PH,Holz,30 kWh,Erdgas,gering,Kurve,Schlaufe,386493,386492.5199632095,125777.85536703297,1109.4079015384618,15863.04,15664.401969230768,14679.803667692307,2412.9969230769234,12787.2,10657.56342857143,12048.546461538464,4419.399876923077,200.9796923076923,24190.595446153842,779.76,10964.16,23712.9,396.71999999999997,10623.10620109959,8778.79296,3914.2996283076927,0.0,59631,329.47600000000006,912.0,32.144,2719.255236923078,4881.38,5626.32,3427.2000000000007,0.0,41703.286153846166,177371,177370.684416,0.0,401.0,Punkt,Schlaufe,60000.0,4728.0,4102.0,2720.0,7776.0,7177.846153846155,5742.2769230769245,0.1296,0.3888,3.0,23328.0,26199.138461538463,18662.4,22269.26769230769,0.5185185185185185,24.0,41.0,455.180487804878,239.2615384615385,17.355421170706602,True,11550.0,849.1,849.1,276.33,2.44,34.85,34.41,32.25,5.3,28.09,23.41,26.47,9.71,0.44,53.15,1.71,24.09,52.1,0.87,23.34,19.29,8.6,0.0,131.01,0.72,2.0,0.07,5.97,10.72,12.36,7.53,0.0,91.62,389.67,389.67,0.0
PH70NGSC,PH70NGSC,PH,Holz,70 kWh,Nahwärme kalt,gering,Kurve,Schlaufe,437499,437498.7349932677,120777.3118101099,1109.4079015384618,14541.12,15664.401969230768,13178.46011076923,2412.9969230769234,12787.2,10657.56342857143,12048.546461538464,4419.399876923077,200.9796923076923,24190.595446153842,779.76,8786.88,106971.5,396.71999999999997,93881.73487792694,8778.79296,3914.2996283076927,0.0,59631,329.47600000000006,912.0,32.144,2719.255236923078,4881.38,5626.32,3427.2000000000007,0.0,41703.286153846166,150119,150118.81432615386,0.0,401.0,Punkt,Schlaufe,60000.0,4728.0,4102.0,2720.0,7776.0,7177.846153846155,5742.2769230769245,0.1296,0.3888,3.0,23328.0,26199.138461538463,18662.4,22269.26769230769,0.5185185185185185,24.0,41.0,455.180487804878,239.2615384615385,19.64585189949419,True,11550.0,961.15,961.15,265.34,2.44,31.95,34.41,28.95,5.3,28.09,23.41,26.47,9.71,0.44,53.15,1.71,19.3,235.01,0.87,206.25,19.29,8.6,0.0,131.01,0.72,2.0,0.07,5.97,10.72,12.36,7.53,0.0,91.62,329.8,329.8,0.0
PH70LGSC,PH70LGSC,PH,Holz,70 kWh,LW Wärmepumpe,gering,Kurve,Schlaufe,399083,399083.3928660122,120777.3118101099,1109.4079015384618,14541.12,15664.401969230768,13178.46011076923,2412.9969230769234,12787.2,10657.56342857143,12048.546461538464,4419.399876923077,200.9796923076923,24190.595446153842,779.76,8786.88,26719.8,396.71999999999997,13630.001872890905,8778.79296,3914.2996283076927,0.0,59631,329.47600000000006,912.0,32.144,2719.255236923078,4881.38,5626.32,3427.2000000000007,0.0,41703.286153846166,191955,191955.20520393446,0.0,401.0,Punkt,Schlaufe,60000.0,4728.0,4102.0,2720.0,7776.0,7177.846153846155,5742.2769230769245,0.1296,0.3888,3.0,23328.0,26199.138461538463,18662.4,22269.26769230769,0.5185185185185185,24.0,41.0,455.180487804878,239.2615384615385,17.92081348969839,True,11550.0,876.76,876.76,265.34,2.44,31.95,34.41,28.95,5.3,28.09,23.41,26.47,9.71,0.44,53.15,1.71,19.3,58.7,0.87,29.94,19.29,8.6,0.0,131.01,0.72,2.0,0.07,5.97,10.72,12.36,7.53,0.0,91.62,421.71,421.71,0.0
PH70EGSC,PH70EGSC,PH,Holz,70 kWh,Erdgas,gering,Kurve,Schlaufe,553990,553989.7043277831,120777.3118101099,1109.4079015384618,14541.12,15664.401969230768,13178.46011076923,2412.9969230769234,12787.2,10657.56342857143,12048.546461538464,4419.399876923077,200.9796923076923,24190.595446153842,779.76,8786.88,29493.2,396.71999999999997,16403.394122596157,8778.79296,3914.2996283076927,0.0,59631,329.47600000000006,912.0,32.144,2719.255236923078,4881.38,5626.32,3427.2000000000007,0.0,41703.286153846166,344088,344088.12441600004,0.0,401.0,Punkt,Schlaufe,60000.0,4728.0,4102.0,2720.0,7776.0,7177.846153846155,5742.2769230769245,0.1296,0.3888,3.0,23328.0,26199.138461538463,18662.4,22269.26769230769,0.5185185185185185,24.0,41.0,455.180487804878,239.2615384615385,24.876871210234885,True,11550.0,1217.08,1217.08,265.34,2.44,31.95,34.41,28.95,5.3,28.09,23.41,26.47,9.71,0.44,53.15,1.71,19.3,64.79,0.87,36.04,19.29,8.6,0.0,131.01,0.72,2.0,0.07,5.97,10.72,12.36,7.53,0.0,91.62,755.94,755.94,0.0
PM15NGSC,PM15NGSC,PH,Massiv,15 kWh,Nahwärme kalt,gering,Kurve,Schlaufe,384281,384280.68787880917,173552.17384087914,1109.4079015384618,17184.96,15664.401969230768,44039.41100307692,2412.9969230769234,12787.2,10657.56342857143,19519.488000000005,5829.846646153846,200.9796923076923,26569.998276923074,779.76,16796.16,100990.0,396.71999999999997,87900.14880962233,8778.79296,3914.2996283076927,0.0,59631,329.47600000000006,912.0,32.144,2719.255236923078,4881.38,5626.32,3427.2000000000007,0.0,41703.286153846166,50107,50107.49124923078,0.0,401.0,Punkt,Schlaufe,60000.0,4728.0,4102.0,2720.0,7776.0,7177.846153846155,5742.2769230769245,0.1296,0.3888,3.0,23328.0,26199.138461538463,18662.4,22269.26769230769,0.5185185185185185,24.0,41.0,455.180487804878,239.2615384615385,17.256098996535414,True,11550.0,844.24,844.24,381.28,2.44,37.75,34.41,96.75,5.3,28.09,23.41,42.88,12.81,0.44,58.37,1.71,36.9,221.87,0.87,193.11,19.29,8.6,0.0,131.01,0.72,2.0,0.07,5.97,10.72,12.36,7.53,0.0,91.62,110.08,110.08,0.0
PM15LGSC,PM15LGSC,PH,Massiv,15 kWh,LW Wärmepumpe,gering,Kurve,Schlaufe,319847,319847.2221508019,173552.17384087914,1109.4079015384618,17184.96,15664.401969230768,44039.41100307692,2412.9969230769234,12787.2,10657.56342857143,19519.488000000005,5829.846646153846,200.9796923076923,26569.998276923074,779.76,16796.16,22592.1,396.71999999999997,9502.300274452373,8778.79296,3914.2996283076927,0.0,59631,329.47600000000006,912.0,32.144,2719.255236923078,4881.38,5626.32,3427.2000000000007,0.0,41703.286153846166,64072,64071.874056393455,0.0,401.0,Punkt,Schlaufe,60000.0,4728.0,4102.0,2720.0,7776.0,7177.846153846155,5742.2769230769245,0.1296,0.3888,3.0,23328.0,26199.138461538463,18662.4,22269.26769230769,0.5185185185185185,24.0,41.0,455.180487804878,239.2615384615385,14.362718458913868,True,11550.0,702.68,702.68,381.28,2.44,37.75,34.41,96.75,5.3,28.09,23.41,42.88,12.81,0.44,58.37,1.71,36.9,49.63,0.87,20.88,19.29,8.6,0.0,131.01,0.72,2.0,0.07,5.97,10.72,12.36,7.53,0.0,91.62,140.76,140.76,0.0
PM15EGSC,PM15EGSC,PH,Massiv,15 kWh,Erdgas,gering,Kurve,Schlaufe,371390,371390.08817441575,173552.17384087914,1109.4079015384618,17184.96,15664.401969230768,44039.41100307692,2412.9969230769234,12787.2,10657.56342857143,19519.488000000005,5829.846646153846,200.9796923076923,26569.998276923074,779.76,16796.16,23355.2,396.71999999999997,10265.395938459684,8778.79296,3914.2996283076927,0.0,59631,329.47600000000006,912.0,32.144,2719.255236923078,4881.38,5626.32,3427.2000000000007,0.0,41703.286153846166,114852,114851.64441600001,0.0,401.0,Punkt,Schlaufe,60000.0,4728.0,4102.0,2720.0,7776.0,7177.846153846155,5742.2769230769245,0.1296,0.3888,3.0,23328.0,26199.138461538463,18662.4,22269.26769230769,0.5185185185185185,24.0,41.0,455.180487804878,239.2615384615385,16.67724746524567,True,11550.0,815.92,815.92,381.28,2.44,37.75,34.41,96.75,5.3,28.09,23.41,42.88,12.81,0.44,58.37,1.71,36.9,51.31,0.87,22.55,19.29,8.6,0.0,131.01,0.72,2.0,0.07,5.97,10.72,12.36,7.53,0.0,91.62,252.32,252.32,0.0
PM30NGSC,PM30NGSC,PH,Massiv,30 kWh,Nahwärme kalt,gering,Kurve,Schlaufe,406083,406082.88573477906,166781.8072193407,1109.4079015384618,15863.04,15664.401969230768,39368.56438153846,2412.9969230769234,12787.2,10657.56342857143,19519.488000000005,5829.846646153846,200.9796923076923,26569.998276923074,779.76,16018.560000000001,102286.7,396.71999999999997,89196.89790251524,8778.79296,3914.2996283076927,0.0,59631,329.47600000000006,912.0,32.144,2719.255236923078,4881.38,5626.32,3427.2000000000007,0.0,41703.286153846166,77383,77383.30663384616,0.0,401.0,Punkt,Schlaufe,60000.0,4728.0,4102.0,2720.0,7776.0,7177.846153846155,5742.2769230769245,0.1296,0.3888,3.0,23328.0,26199.138461538463,18662.4,22269.26769230769,0.5185185185185185,24.0,41.0,455.180487804878,239.2615384615385,18.235125256276355,True,11550.0,892.14,892.14,366.41,2.44,34.85,34.41,86.49,5.3,28.09,23.41,42.88,12.81,0.44,58.37,1.71,35.19,224.72,0.87,195.96,19.29,8.6,0.0,131.01,0.72,2.0,0.07,5.97,10.72,12.36,7.53,0.0,91.62,170.01,170.01,0.0
PM30LGSC,PM30LGSC,PH,Massiv,30 kWh,LW Wärmepumpe,gering,Kurve,Schlaufe,348671,348671.40503286186,166781.8072193407,1109.4079015384618,15863.04,15664.401969230768,39368.56438153846,2412.9969230769234,12787.2,10657.56342857143,19519.488000000005,5829.846646153846,200.9796923076923,26569.998276923074,779.76,16018.560000000001,23309.4,396.71999999999997,10219.577646903197,8778.79296,3914.2996283076927,0.0,59631,329.47600000000006,912.0,32.144,2719.255236923078,4881.38,5626.32,3427.2000000000007,0.0,41703.286153846166,98949,98949.146187541,0.0,401.0,Punkt,Schlaufe,60000.0,4728.0,4102.0,2720.0,7776.0,7177.846153846155,5742.2769230769245,0.1296,0.3888,3.0,23328.0,26199.138461538463,18662.4,22269.26769230769,0.5185185185185185,24.0,41.0,455.180487804878,239.2615384615385,15.657066494076984,True,11550.0,766.01,766.01,366.41,2.44,34.85,34.41,86.49,5.3,28.09,23.41,42.88,12.81,0.44,58.37,1.71,35.19,51.21,0.87,22.45,19.29,8.6,0.0,131.01,0.72,2.0,0.07,5.97,10.72,12.36,7.53,0.0,91.62,217.38,217.38,0.0
PM30EGSC,PM30EGSC,PH,Massiv,30 kWh,Erdgas,gering,Kurve,Schlaufe,427496,427496.4718155173,166781.8072193407,1109.4079015384618,15863.04,15664.401969230768,39368.56438153846,2412.9969230769234,12787.2,10657.56342857143,19519.488000000005,5829.846646153846,200.9796923076923,26569.998276923074,779.76,16018.560000000001,23712.9,396.71999999999997,10623.10620109959,8778.79296,3914.2996283076927,0.0,59631,329.47600000000006,912.0,32.144,2719.255236923078,4881.38,5626.32,3427.2000000000007,0.0,41703.286153846166,177371,177370.684416,0.0,401.0,Punkt,Schlaufe,60000.0,4728.0,4102.0,2720.0,7776.0,7177.846153846155,5742.2769230769245,0.1296,0.3888,3.0,23328.0,26199.138461538463,18662.4,22269.26769230769,0.5185185185185185,24.0,41.0,455.180487804878,239.2615384615385,19.196700929828246,True,11550.0,939.18,939.18,366.41,2.44,34.85,34.41,86.49,5.3,28.09,23.41,42.88,12.81,0.44,58.37,1.71,35.19,52.1,0.87,23.34,19.29,8.6,0.0,131.01,0.72,2.0,0.07,5.97,10.72,12.36,7.53,0.0,91.62,389.67,389.67,0.0
PM70NGSC,PM70NGSC,PH,Massiv,70 kWh,Nahwärme kalt,gering,Kurve,Schlaufe,476712,476711.58353480615,159990.16035164837,1109.4079015384618,14541.12,15664.401969230768,35531.797513846155,2412.9969230769234,12787.2,10657.56342857143,19519.488000000005,5829.846646153846,200.9796923076923,26569.998276923074,779.76,14385.6,106971.5,396.71999999999997,93881.73487792694,8778.79296,3914.2996283076927,0.0,59631,329.47600000000006,912.0,32.144,2719.255236923078,4881.38,5626.32,3427.2000000000007,0.0,41703.286153846166,150119,150118.81432615386,0.0,401.0,Punkt,Schlaufe,60000.0,4728.0,4102.0,2720.0,7776.0,7177.846153846155,5742.2769230769245,0.1296,0.3888,3.0,23328.0,26199.138461538463,18662.4,22269.26769230769,0.5185185185185185,24.0,41.0,455.180487804878,239.2615384615385,21.406702282332933,True,11550.0,1047.3,1047.3,351.49,2.44,31.95,34.41,78.06,5.3,28.09,23.41,42.88,12.81,0.44,58.37,1.71,31.6,235.01,0.87,206.25,19.29,8.6,0.0,131.01,0.72,2.0,0.07,5.97,10.72,12.36,7.53,0.0,91.62,329.8,329.8,0.0
PM70LGSC,PM70LGSC,PH,Massiv,70 kWh,LW Wärmepumpe,gering,Kurve,Schlaufe,438296,438296.2414075507,159990.16035164837,1109.4079015384618,14541.12,15664.401969230768,35531.797513846155,2412.9969230769234,12787.2,10657.56342857143,19519.488000000005,5829.846646153846,200.9796923076923,26569.998276923074,779.76,14385.6,26719.8,396.71999999999997,13630.001872890905,8778.79296,3914.2996283076927,0.0,59631,329.47600000000006,912.0,32.144,2719.255236923078,4881.38,5626.32,3427.2000000000007,0.0,41703.286153846166,191955,191955.20520393446,0.0,401.0,Punkt,Schlaufe,60000.0,4728.0,4102.0,2720.0,7776.0,7177.846153846155,5742.2769230769245,0.1296,0.3888,3.0,23328.0,26199.138461538463,18662.4,22269.26769230769,0.5185185185185185,24.0,41.0,455.180487804878,239.2615384615385,19.681663872537133,True,11550.0,962.91,962.91,351.49,2.44,31.95,34.41,78.06,5.3,28.09,23.41,42.88,12.81,0.44,58.37,1.71,31.6,58.7,0.87,29.94,19.29,8.6,0.0,131.01,0.72,2.0,0.07,5.97,10.72,12.36,7.53,0.0,91.62,421.71,421.71,0.0
PM70EGSC,PM70EGSC,PH,Massiv,70 kWh,Erdgas,gering,Kurve,Schlaufe,593203,593202.5528693215,159990.16035164837,1109.4079015384618,14541.12,15664.401969230768,35531.797513846155,2412.9969230769234,12787.2,10657.56342857143,19519.488000000005,5829.846646153846,200.9796923076923,26569.998276923074,779.76,14385.6,29493.2,396.71999999999997,16403.394122596157,8778.79296,3914.2996283076927,0.0,59631,329.47600000000006,912.0,32.144,2719.255236923078,4881.38,5626.32,3427.2000000000007,0.0,41703.286153846166,344088,344088.12441600004,0.0,401.0,Punkt,Schlaufe,60000.0,4728.0,4102.0,2720.0,7776.0,7177.846153846155,5742.2769230769245,0.1296,0.3888,3.0,23328.0,26199.138461538463,18662.4,22269.26769230769,0.5185185185185185,24.0,41.0,455.180487804878,239.2615384615385,26.63772159307363,True,11550.0,1303.23,1303.22,351.49,2.44,31.95,34.41,78.06,5.3,28.09,23.41,42.88,12.81,0.44,58.37,1.71,31.6,64.79,0.87,36.04,19.29,8.6,0.0,131.01,0.72,2.0,0.07,5.97,10.72,12.36,7.53,0.0,91.62,755.94,755.94,0.0
BH15NGSC,BH15NGSC,BW,Holz,15 kWh,Nahwärme kalt,gering,Kurve,Schlaufe,761969,761969.0925673028,257336.65933450553,2809.472787692309,32639.489999999998,39526.97424615385,19132.63852923077,5207.224615384615,6373.25,26989.292571428574,11185.661538461538,24775.56553846154,636.203076923077,61041.65643076923,2945.76,24073.469999999998,250121.8,83.78999999999999,214625.1541592587,22231.480320000002,9912.601373538462,3268.8,127618,250.69450000000003,912.0,24.458000000000002,6886.262104615387,4881.38,5626.32,3427.2000000000007,0.0,105609.7107692308,126893,126892.58200615387,0.0,601.0,BW,Schlaufe,60000.0,4728.0,4102.0,2720.0,14769.0,18177.230769230773,14541.784615384619,0.24615,0.9846,4.0,59076.0,66346.89230769231,47260.8,56394.85846153846,0.32217256866860766,7.0,41.0,1152.7024390243905,605.9076923076924,13.511322013281921,True,11550.0,661.03,661.03,223.25,2.44,28.32,34.29,16.6,4.52,5.53,23.41,9.7,21.49,0.55,52.96,2.56,20.88,216.99,0.07,186.19,19.29,8.6,2.84,110.71,0.22,0.79,0.02,5.97,4.23,4.88,2.97,0.0,91.62,110.08,110.08,0.0
BH15LGSC,BH15LGSC,BW,Holz,15 kWh,LW Wärmepumpe,gering,Kurve,Schlaufe,607295,607295.3357060086,257336.65933450553,2809.472787692309,32639.489999999998,39526.97424615385,19132.63852923077,5207.224615384615,6373.25,26989.292571428574,11185.661538461538,24775.56553846154,636.203076923077,61041.65643076923,2945.76,24073.469999999998,60084.6,83.78999999999999,24587.890837233106,22231.480320000002,9912.601373538462,3268.8,127618,250.69450000000003,912.0,24.458000000000002,6886.262104615387,4881.38,5626.32,3427.2000000000007,0.0,105609.7107692308,162256,162256.08846688527,0.0,601.0,BW,Schlaufe,60000.0,4728.0,4102.0,2720.0,14769.0,18177.230769230773,14541.784615384619,0.24615,0.9846,4.0,59076.0,66346.89230769231,47260.8,56394.85846153846,0.32217256866860766,7.0,41.0,1152.7024390243905,605.9076923076924,10.7686294863243,True,11550.0,526.84,526.84,223.25,2.44,28.32,34.29,16.6,4.52,5.53,23.41,9.7,21.49,0.55,52.96,2.56,20.88,52.12,0.07,21.33,19.29,8.6,2.84,110.71,0.22,0.79,0.02,5.97,4.23,4.88,2.97,0.0,91.62,140.76,140.76,0.0
BH15EGSC,BH15EGSC,BW,Holz,15 kWh,Erdgas,gering,Kurve,Schlaufe,744560,744559.5114502206,257336.65933450553,2809.472787692309,32639.489999999998,39526.97424615385,19132.63852923077,5207.224615384615,6373.25,26989.292571428574,11185.661538461538,24775.56553846154,636.203076923077,61041.65643076923,2945.76,24073.469999999998,68753.7,83.78999999999999,33256.99997633038,22231.480320000002,9912.601373538462,3268.8,127618,250.69450000000003,912.0,24.458000000000002,6886.262104615387,4881.38,5626.32,3427.2000000000007,0.0,105609.7107692308,290851,290851.15507200005,0.0,601.0,BW,Schlaufe,60000.0,4728.0,4102.0,2720.0,14769.0,18177.230769230773,14541.784615384619,0.24615,0.9846,4.0,59076.0,66346.89230769231,47260.8,56394.85846153846,0.32217256866860766,7.0,41.0,1152.7024390243905,605.9076923076924,13.202613354513751,True,11550.0,645.93,645.93,223.25,2.44,28.32,34.29,16.6,4.52,5.53,23.41,9.7,21.49,0.55,52.96,2.56,20.88,59.65,0.07,28.85,19.29,8.6,2.84,110.71,0.22,0.79,0.02,5.97,4.23,4.88,2.97,0.0,91.62,252.32,252.32,0.0
BH30NGSC,BH30NGSC,BW,Holz,30 kWh,Nahwärme kalt,gering,Kurve,Schlaufe,825787,825787.0297595097,247890.6446637363,2809.472787692309,30128.760000000002,39526.97424615385,15446.53385846154,5207.224615384615,6373.25,26989.292571428574,11185.661538461538,24775.56553846154,636.203076923077,61041.65643076923,2945.76,20824.289999999997,254312.3,83.78999999999999,218815.629099158,22231.480320000002,9912.601373538462,3268.8,127618,250.69450000000003,912.0,24.458000000000002,6886.262104615387,4881.38,5626.32,3427.2000000000007,0.0,105609.7107692308,195966,195966.05892923078,0.0,601.0,BW,Schlaufe,60000.0,4728.0,4102.0,2720.0,14769.0,18177.230769230773,14541.784615384619,0.24615,0.9846,4.0,59076.0,66346.89230769231,47260.8,56394.85846153846,0.32217256866860766,7.0,41.0,1152.7024390243905,605.9076923076924,14.642948883765708,True,11550.0,716.39,716.39,215.05,2.44,26.14,34.29,13.4,4.52,5.53,23.41,9.7,21.49,0.55,52.96,2.56,18.07,220.62,0.07,189.83,19.29,8.6,2.84,110.71,0.22,0.79,0.02,5.97,4.23,4.88,2.97,0.0,91.62,170.01,170.01,0.0
BH30LGSC,BH30LGSC,BW,Holz,30 kWh,LW Wärmepumpe,gering,Kurve,Schlaufe,688900,688899.8615860564,247890.6446637363,2809.472787692309,30128.760000000002,39526.97424615385,15446.53385846154,5207.224615384615,6373.25,26989.292571428574,11185.661538461538,24775.56553846154,636.203076923077,61041.65643076923,2945.76,20824.289999999997,62811.6,83.78999999999999,27314.96909296821,22231.480320000002,9912.601373538462,3268.8,127618,250.69450000000003,912.0,24.458000000000002,6886.262104615387,4881.38,5626.32,3427.2000000000007,0.0,105609.7107692308,250580,250579.55076196723,0.0,601.0,BW,Schlaufe,60000.0,4728.0,4102.0,2720.0,14769.0,18177.230769230773,14541.784615384619,0.24615,0.9846,4.0,59076.0,66346.89230769231,47260.8,56394.85846153846,0.32217256866860766,7.0,41.0,1152.7024390243905,605.9076923076924,12.215650156403692,True,11550.0,597.64,597.64,215.05,2.44,26.14,34.29,13.4,4.52,5.53,23.41,9.7,21.49,0.55,52.96,2.56,18.07,54.49,0.07,23.7,19.29,8.6,2.84,110.71,0.22,0.79,0.02,5.97,4.23,4.88,2.97,0.0,91.62,217.38,217.38,0.0
BH30EGSC,BH30EGSC,BW,Holz,30 kWh,Erdgas,gering,Kurve,Schlaufe,895224,895223.9051968651,247890.6446637363,2809.472787692309,30128.760000000002,39526.97424615385,15446.53385846154,5207.224615384615,6373.25,26989.292571428574,11185.661538461538,24775.56553846154,636.203076923077,61041.65643076923,2945.76,20824.289999999997,70540.4,83.78999999999999,35043.7283937442,22231.480320000002,9912.601373538462,3268.8,127618,250.69450000000003,912.0,24.458000000000002,6886.262104615387,4881.38,5626.32,3427.2000000000007,0.0,105609.7107692308,449175,449174.835072,0.0,601.0,BW,Schlaufe,60000.0,4728.0,4102.0,2720.0,14769.0,18177.230769230773,14541.784615384619,0.24615,0.9846,4.0,59076.0,66346.89230769231,47260.8,56394.85846153846,0.32217256866860766,7.0,41.0,1152.7024390243905,605.9076923076924,15.87421140186763,True,11550.0,776.63,776.63,215.05,2.44,26.14,34.29,13.4,4.52,5.53,23.41,9.7,21.49,0.55,52.96,2.56,18.07,61.2,0.07,30.4,19.29,8.6,2.84,110.71,0.22,0.79,0.02,5.97,4.23,4.88,2.97,0.0,91.62,389.67,389.67,0.0
BH70NGSC,BH70NGSC,BW,Holz,70 kWh,Nahwärme kalt,gering,Kurve,Schlaufe,1012913,1012912.7007906314,239664.83551912094,2809.472787692309,27618.030000000002,39526.97424615385,13866.774713846155,5207.224615384615,6373.25,26989.292571428574,11185.661538461538,24775.56553846154,636.203076923077,61041.65643076923,2945.76,16688.969999999998,265467.8,83.78999999999999,229971.17081335647,22231.480320000002,9912.601373538462,3268.8,127618,250.69450000000003,912.0,24.458000000000002,6886.262104615387,4881.38,5626.32,3427.2000000000007,0.0,105609.7107692308,380162,380161.99739076925,0.0,601.0,BW,Schlaufe,60000.0,4728.0,4102.0,2720.0,14769.0,18177.230769230773,14541.784615384619,0.24615,0.9846,4.0,59076.0,66346.89230769231,47260.8,56394.85846153846,0.32217256866860766,7.0,41.0,1152.7024390243905,605.9076923076924,17.96108241820382,True,11550.0,878.73,878.73,207.92,2.44,23.96,34.29,12.03,4.52,5.53,23.41,9.7,21.49,0.55,52.96,2.56,14.48,230.3,0.07,199.51,19.29,8.6,2.84,110.71,0.22,0.79,0.02,5.97,4.23,4.88,2.97,0.0,91.62,329.8,329.8,0.0
BH70LGSC,BH70LGSC,BW,Holz,70 kWh,LW Wärmepumpe,gering,Kurve,Schlaufe,923459,923458.6830210674,239664.83551912094,2809.472787692309,27618.030000000002,39526.97424615385,13866.774713846155,5207.224615384615,6373.25,26989.292571428574,11185.661538461538,24775.56553846154,636.203076923077,61041.65643076923,2945.76,16688.969999999998,70067.0,83.78999999999999,34570.366885709416,22231.480320000002,9912.601373538462,3268.8,127618,250.69450000000003,912.0,24.458000000000002,6886.262104615387,4881.38,5626.32,3427.2000000000007,0.0,105609.7107692308,486109,486108.7835488525,0.0,601.0,BW,Schlaufe,60000.0,4728.0,4102.0,2720.0,14769.0,18177.230769230773,14541.784615384619,0.24615,0.9846,4.0,59076.0,66346.89230769231,47260.8,56394.85846153846,0.32217256866860766,7.0,41.0,1152.7024390243905,605.9076923076924,16.374873671344886,True,11550.0,801.13,801.12,207.92,2.44,23.96,34.29,12.03,4.52,5.53,23.41,9.7,21.49,0.55,52.96,2.56,14.48,60.78,0.07,29.99,19.29,8.6,2.84,110.71,0.22,0.79,0.02,5.97,4.23,4.88,2.97,0.0,91.62,421.71,421.71,0.0
BH70EGSC,BH70EGSC,BW,Holz,70 kWh,Erdgas,gering,Kurve,Schlaufe,1313993,1313993.1047434364,239664.83551912094,2809.472787692309,27618.030000000002,39526.97424615385,13866.774713846155,5207.224615384615,6373.25,26989.292571428574,11185.661538461538,24775.56553846154,636.203076923077,61041.65643076923,2945.76,16688.969999999998,75338.9,83.78999999999999,39842.25708493081,22231.480320000002,9912.601373538462,3268.8,127618,250.69450000000003,912.0,24.458000000000002,6886.262104615387,4881.38,5626.32,3427.2000000000007,0.0,105609.7107692308,871371,871371.3150720001,0.0,601.0,BW,Schlaufe,60000.0,4728.0,4102.0,2720.0,14769.0,18177.230769230773,14541.784615384619,0.24615,0.9846,4.0,59076.0,66346.89230769231,47260.8,56394.85846153846,0.32217256866860766,7.0,41.0,1152.7024390243905,605.9076923076924,23.29987414791697,True,11550.0,1139.92,1139.92,207.92,2.44,23.96,34.29,12.03,4.52,5.53,23.41,9.7,21.49,0.55,52.96,2.56,14.48,65.36,0.07,34.56,19.29,8.6,2.84,110.71,0.22,0.79,0.02,5.97,4.23,4.88,2.97,0.0,91.62,755.94,755.94,0.0
BM15NGSC,BM15NGSC,BW,Massiv,15 kWh,Nahwärme kalt,gering,Kurve,Schlaufe,817883,817882.7568134565,313250.32358065934,2809.472787692309,32639.489999999998,39526.97424615385,46339.60157538462,5207.224615384615,6373.25,26989.292571428574,18153.6,32682.660923076925,636.203076923077,67045.75378461539,2945.76,31901.04,250121.8,83.78999999999999,214625.1541592587,22231.480320000002,9912.601373538462,3268.8,127618,250.69450000000003,912.0,24.458000000000002,6886.262104615387,4881.38,5626.32,3427.2000000000007,0.0,105609.7107692308,126893,126892.58200615387,0.0,601.0,BW,Schlaufe,60000.0,4728.0,4102.0,2720.0,14769.0,18177.230769230773,14541.784615384619,0.24615,0.9846,4.0,59076.0,66346.89230769231,47260.8,56394.85846153846,0.32217256866860766,7.0,41.0,1152.7024390243905,605.9076923076924,14.50278942310417,True,11550.0,709.54,709.54,271.75,2.44,28.32,34.29,40.2,4.52,5.53,23.41,15.75,28.35,0.55,58.16,2.56,27.67,216.99,0.07,186.19,19.29,8.6,2.84,110.71,0.22,0.79,0.02,5.97,4.23,4.88,2.97,0.0,91.62,110.08,110.08,0.0
BM15LGSC,BM15LGSC,BW,Massiv,15 kWh,LW Wärmepumpe,gering,Kurve,Schlaufe,663209,663208.9999521624,313250.32358065934,2809.472787692309,32639.489999999998,39526.97424615385,46339.60157538462,5207.224615384615,6373.25,26989.292571428574,18153.6,32682.660923076925,636.203076923077,67045.75378461539,2945.76,31901.04,60084.6,83.78999999999999,24587.890837233106,22231.480320000002,9912.601373538462,3268.8,127618,250.69450000000003,912.0,24.458000000000002,6886.262104615387,4881.38,5626.32,3427.2000000000007,0.0,105609.7107692308,162256,162256.08846688527,0.0,601.0,BW,Schlaufe,60000.0,4728.0,4102.0,2720.0,14769.0,18177.230769230773,14541.784615384619,0.24615,0.9846,4.0,59076.0,66346.89230769231,47260.8,56394.85846153846,0.32217256866860766,7.0,41.0,1152.7024390243905,605.9076923076924,11.76009689614655,True,11550.0,575.35,575.35,271.75,2.44,28.32,34.29,40.2,4.52,5.53,23.41,15.75,28.35,0.55,58.16,2.56,27.67,52.12,0.07,21.33,19.29,8.6,2.84,110.71,0.22,0.79,0.02,5.97,4.23,4.88,2.97,0.0,91.62,140.76,140.76,0.0
BM15EGSC,BM15EGSC,BW,Massiv,15 kWh,Erdgas,gering,Kurve,Schlaufe,800473,800473.1756963744,313250.32358065934,2809.472787692309,32639.489999999998,39526.97424615385,46339.60157538462,5207.224615384615,6373.25,26989.292571428574,18153.6,32682.660923076925,636.203076923077,67045.75378461539,2945.76,31901.04,68753.7,83.78999999999999,33256.99997633038,22231.480320000002,9912.601373538462,3268.8,127618,250.69450000000003,912.0,24.458000000000002,6886.262104615387,4881.38,5626.32,3427.2000000000007,0.0,105609.7107692308,290851,290851.15507200005,0.0,601.0,BW,Schlaufe,60000.0,4728.0,4102.0,2720.0,14769.0,18177.230769230773,14541.784615384619,0.24615,0.9846,4.0,59076.0,66346.89230769231,47260.8,56394.85846153846,0.32217256866860766,7.0,41.0,1152.7024390243905,605.9076923076924,14.194080764336,True,11550.0,694.43,694.43,271.75,2.44,28.32,34.29,40.2,4.52,5.53,23.41,15.75,28.35,0.55,58.16,2.56,27.67,59.65,0.07,28.85,19.29,8.6,2.84,110.71,0.22,0.79,0.02,5.97,4.23,4.88,2.97,0.0,91.62,252.32,252.32,0.0
BM30NGSC,BM30NGSC,BW,Massiv,30 kWh,Nahwärme kalt,gering,Kurve,Schlaufe,882244,882244.2724487404,304347.88735296705,2809.472787692309,30128.760000000002,39526.97424615385,41424.79534769231,5207.224615384615,6373.25,26989.292571428574,18153.6,32682.660923076925,636.203076923077,67045.75378461539,2945.76,30424.14,254312.3,83.78999999999999,218815.629099158,22231.480320000002,9912.601373538462,3268.8,127618,250.69450000000003,912.0,24.458000000000002,6886.262104615387,4881.38,5626.32,3427.2000000000007,0.0,105609.7107692308,195966,195966.05892923078,0.0,601.0,BW,Schlaufe,60000.0,4728.0,4102.0,2720.0,14769.0,18177.230769230773,14541.784615384619,0.24615,0.9846,4.0,59076.0,66346.89230769231,47260.8,56394.85846153846,0.32217256866860766,7.0,41.0,1152.7024390243905,605.9076923076924,15.644055087937403,True,11550.0,765.37,765.37,264.03,2.44,26.14,34.29,35.94,4.52,5.53,23.41,15.75,28.35,0.55,58.16,2.56,26.39,220.62,0.07,189.83,19.29,8.6,2.84,110.71,0.22,0.79,0.02,5.97,4.23,4.88,2.97,0.0,91.62,170.01,170.01,0.0
BM30LGSC,BM30LGSC,BW,Massiv,30 kWh,LW Wärmepumpe,gering,Kurve,Schlaufe,745357,745357.1042752871,304347.88735296705,2809.472787692309,30128.760000000002,39526.97424615385,41424.79534769231,5207.224615384615,6373.25,26989.292571428574,18153.6,32682.660923076925,636.203076923077,67045.75378461539,2945.76,30424.14,62811.6,83.78999999999999,27314.96909296821,22231.480320000002,9912.601373538462,3268.8,127618,250.69450000000003,912.0,24.458000000000002,6886.262104615387,4881.38,5626.32,3427.2000000000007,0.0,105609.7107692308,250580,250579.55076196723,0.0,601.0,BW,Schlaufe,60000.0,4728.0,4102.0,2720.0,14769.0,18177.230769230773,14541.784615384619,0.24615,0.9846,4.0,59076.0,66346.89230769231,47260.8,56394.85846153846,0.32217256866860766,7.0,41.0,1152.7024390243905,605.9076923076924,13.216756360575388,True,11550.0,646.62,646.62,264.03,2.44,26.14,34.29,35.94,4.52,5.53,23.41,15.75,28.35,0.55,58.16,2.56,26.39,54.49,0.07,23.7,19.29,8.6,2.84,110.71,0.22,0.79,0.02,5.97,4.23,4.88,2.97,0.0,91.62,217.38,217.38,0.0
BM30EGSC,BM30EGSC,BW,Massiv,30 kWh,Erdgas,gering,Kurve,Schlaufe,951681,951681.1478860958,304347.88735296705,2809.472787692309,30128.760000000002,39526.97424615385,41424.79534769231,5207.224615384615,6373.25,26989.292571428574,18153.6,32682.660923076925,636.203076923077,67045.75378461539,2945.76,30424.14,70540.4,83.78999999999999,35043.7283937442,22231.480320000002,9912.601373538462,3268.8,127618,250.69450000000003,912.0,24.458000000000002,6886.262104615387,4881.38,5626.32,3427.2000000000007,0.0,105609.7107692308,449175,449174.835072,0.0,601.0,BW,Schlaufe,60000.0,4728.0,4102.0,2720.0,14769.0,18177.230769230773,14541.784615384619,0.24615,0.9846,4.0,59076.0,66346.89230769231,47260.8,56394.85846153846,0.32217256866860766,7.0,41.0,1152.7024390243905,605.9076923076924,16.875317606039324,True,11550.0,825.61,825.61,264.03,2.44,26.14,34.29,35.94,4.52,5.53,23.41,15.75,28.35,0.55,58.16,2.56,26.39,61.2,0.07,30.4,19.29,8.6,2.84,110.71,0.22,0.79,0.02,5.97,4.23,4.88,2.97,0.0,91.62,389.67,389.67,0.0
BM70NGSC,BM70NGSC,BW,Massiv,70 kWh,Nahwärme kalt,gering,Kurve,Schlaufe,1067946,1067946.370366016,294698.50509450556,2809.472787692309,27618.030000000002,39526.97424615385,37387.63308923077,5207.224615384615,6373.25,26989.292571428574,18153.6,32682.660923076925,636.203076923077,67045.75378461539,2945.76,27322.65,265467.8,83.78999999999999,229971.17081335647,22231.480320000002,9912.601373538462,3268.8,127618,250.69450000000003,912.0,24.458000000000002,6886.262104615387,4881.38,5626.32,3427.2000000000007,0.0,105609.7107692308,380162,380161.99739076925,0.0,601.0,BW,Schlaufe,60000.0,4728.0,4102.0,2720.0,14769.0,18177.230769230773,14541.784615384619,0.24615,0.9846,4.0,59076.0,66346.89230769231,47260.8,56394.85846153846,0.32217256866860766,7.0,41.0,1152.7024390243905,605.9076923076924,18.936945663129205,True,11550.0,926.47,926.47,255.66,2.44,23.96,34.29,32.43,4.52,5.53,23.41,15.75,28.35,0.55,58.16,2.56,23.7,230.3,0.07,199.51,19.29,8.6,2.84,110.71,0.22,0.79,0.02,5.97,4.23,4.88,2.97,0.0,91.62,329.8,329.8,0.0
BM70LGSC,BM70LGSC,BW,Massiv,70 kWh,LW Wärmepumpe,gering,Kurve,Schlaufe,978492,978492.3525964521,294698.50509450556,2809.472787692309,27618.030000000002,39526.97424615385,37387.63308923077,5207.224615384615,6373.25,26989.292571428574,18153.6,32682.660923076925,636.203076923077,67045.75378461539,2945.76,27322.65,70067.0,83.78999999999999,34570.366885709416,22231.480320000002,9912.601373538462,3268.8,127618,250.69450000000003,912.0,24.458000000000002,6886.262104615387,4881.38,5626.32,3427.2000000000007,0.0,105609.7107692308,486109,486108.7835488525,0.0,601.0,BW,Schlaufe,60000.0,4728.0,4102.0,2720.0,14769.0,18177.230769230773,14541.784615384619,0.24615,0.9846,4.0,59076.0,66346.89230769231,47260.8,56394.85846153846,0.32217256866860766,7.0,41.0,1152.7024390243905,605.9076923076924,17.35073691627027,True,11550.0,848.87,848.87,255.66,2.44,23.96,34.29,32.43,4.52,5.53,23.41,15.75,28.35,0.55,58.16,2.56,23.7,60.78,0.07,29.99,19.29,8.6,2.84,110.71,0.22,0.79,0.02,5.97,4.23,4.88,2.97,0.0,91.62,421.71,421.71,0.0
BM70EGSC,BM70EGSC,BW,Massiv,70 kWh,Erdgas,gering,Kurve,Schlaufe,1369027,1369026.7743188213,294698.50509450556,2809.472787692309,27618.030000000002,39526.97424615385,37387.63308923077,5207.224615384615,6373.25,26989.292571428574,18153.6,32682.660923076925,636.203076923077,67045.75378461539,2945.76,27322.65,75338.9,83.78999999999999,39842.25708493081,22231.480320000002,9912.601373538462,3268.8,127618,250.69450000000003,912.0,24.458000000000002,6886.262104615387,4881.38,5626.32,3427.2000000000007,0.0,105609.7107692308,871371,871371.3150720001,0.0,601.0,BW,Schlaufe,60000.0,4728.0,4102.0,2720.0,14769.0,18177.230769230773,14541.784615384619,0.24615,0.9846,4.0,59076.0,66346.89230769231,47260.8,56394.85846153846,0.32217256866860766,7.0,41.0,1152.7024390243905,605.9076923076924,24.275737392842352,True,11550.0,1187.67,1187.67,255.66,2.44,23.96,34.29,32.43,4.52,5.53,23.41,15.75,28.35,0.55,58.16,2.56,23.7,65.36,0.07,34.56,19.29,8.6,2.84,110.71,0.22,0.79,0.02,5.97,4.23,4.88,2.97,0.0,91.62,755.94,755.94,0.0
EH15NGSA,EH15NGSA,EFH,Holz,15 kWh,Nahwärme kalt,gering,Wendehammer,Sackgasse,141829,141829.03010909617,51019.68388571428,981.0696,11222.38,4731.784000000001,6669.331999999999,873.6,3978.2599999999998,3866.534285714287,1634.88,1867.216,87.36,4209.732,30.68,10866.856,56524.3,741.0,52968.23287692032,1535.5872000000002,1279.444688,0.0,17924,404.6700000000001,866.4000000000001,39.480000000000004,30.139200000000002,4229.26,6406.96,3326.4000000000005,2620.7999999999997,0.0,16361,16360.97225846154,0.0,102.0,EFH,Sackgasse,60000.0,5384.0,3554.0,2640.0,5078.0,,,0.09763333333333334,0.13995,1.5,8397.0,10156.0,6093.6,8124.800000000001,0.7693960659383594,52.0,51.0,119.48235294117649,52.0,17.456310322604388,False,11578.0,1187.03,1187.03,427.01,8.21,93.92,39.6,55.82,7.31,33.3,32.36,13.68,15.63,0.73,35.23,0.26,90.95,473.08,6.2,443.31,12.85,10.71,0.0,150.01,3.39,7.25,0.33,0.25,35.4,53.62,27.84,21.93,0.0,136.93,136.93,0.0
EH15LGSA,EH15LGSA,EFH,Holz,15 kWh,LW Wärmepumpe,gering,Wendehammer,Sackgasse,97542,97542.20700354771,51019.68388571428,981.0696,11222.38,4731.784000000001,6669.331999999999,873.6,3978.2599999999998,3866.534285714287,1634.88,1867.216,87.36,4209.732,30.68,10866.856,7677.8,741.0,4121.79455180064,1535.5872000000002,1279.444688,0.0,17924,404.6700000000001,866.4000000000001,39.480000000000004,30.139200000000002,4229.26,6406.96,3326.4000000000005,2620.7999999999997,0.0,20921,20920.587478032787,0.0,102.0,EFH,Sackgasse,60000.0,5384.0,3554.0,2640.0,5078.0,,,0.09763333333333334,0.13995,1.5,8397.0,10156.0,6093.6,8124.800000000001,0.7693960659383594,52.0,51.0,119.48235294117649,52.0,12.005490227888403,False,11578.0,816.37,816.37,427.01,8.21,93.92,39.6,55.82,7.31,33.3,32.36,13.68,15.63,0.73,35.23,0.26,90.95,64.26,6.2,34.5,12.85,10.71,0.0,150.01,3.39,7.25,0.33,0.25,35.4,53.62,27.84,21.93,0.0,175.1,175.09,0.0
EH15EGSA,EH15EGSA,EFH,Holz,15 kWh,Erdgas,gering,Wendehammer,Sackgasse,116845,116844.83981004292,51019.68388571428,981.0696,11222.38,4731.784000000001,6669.331999999999,873.6,3978.2599999999998,3866.534285714287,1634.88,1867.216,87.36,4209.732,30.68,10866.856,10400.0,741.0,6843.944212328641,1535.5872000000002,1279.444688,0.0,17924,404.6700000000001,866.4000000000001,39.480000000000004,30.139200000000002,4229.26,6406.96,3326.4000000000005,2620.7999999999997,0.0,37501,37501.070624,0.0,102.0,EFH,Sackgasse,60000.0,5384.0,3554.0,2640.0,5078.0,,,0.09763333333333334,0.13995,1.5,8397.0,10156.0,6093.6,8124.800000000001,0.7693960659383594,52.0,51.0,119.48235294117649,52.0,14.381257361417255,False,11578.0,977.93,977.93,427.01,8.21,93.92,39.6,55.82,7.31,33.3,32.36,13.68,15.63,0.73,35.23,0.26,90.95,87.04,6.2,57.28,12.85,10.71,0.0,150.01,3.39,7.25,0.33,0.25,35.4,53.62,27.84,21.93,0.0,313.86,313.86,0.0
EH30NGSA,EH30NGSA,EFH,Holz,30 kWh,Nahwärme kalt,gering,Wendehammer,Sackgasse,149440,149439.8114733311,49325.92788571428,981.0696,10359.12,4731.784000000001,6050.527999999999,873.6,3978.2599999999998,3866.534285714287,1634.88,1867.216,87.36,4209.732,30.68,10655.163999999999,56922.8,741.0,53366.739471924484,1535.5872000000002,1279.444688,0.0,17924,404.6700000000001,866.4000000000001,39.480000000000004,30.139200000000002,4229.26,6406.96,3326.4000000000005,2620.7999999999997,0.0,25267,25267.00302769231,0.0,102.0,EFH,Sackgasse,60000.0,5384.0,3554.0,2640.0,5078.0,,,0.09763333333333334,0.13995,1.5,8397.0,10156.0,6093.6,8124.800000000001,0.7693960659383594,52.0,51.0,119.48235294117649,52.0,18.393044933208333,False,11578.0,1250.73,1250.73,412.83,8.21,86.7,39.6,50.64,7.31,33.3,32.36,13.68,15.63,0.73,35.23,0.26,89.18,476.41,6.2,446.65,12.85,10.71,0.0,150.01,3.39,7.25,0.33,0.25,35.4,53.62,27.84,21.93,0.0,211.47,211.47,0.0
EH30LGSA,EH30LGSA,EFH,Holz,30 kWh,LW Wärmepumpe,gering,Wendehammer,Sackgasse,107424,107424.20987198249,49325.92788571428,981.0696,10359.12,4731.784000000001,6050.527999999999,873.6,3978.2599999999998,3866.534285714287,1634.88,1867.216,87.36,4209.732,30.68,10655.163999999999,7865.5,741.0,4309.51407597312,1535.5872000000002,1279.444688,0.0,17924,404.6700000000001,866.4000000000001,39.480000000000004,30.139200000000002,4229.26,6406.96,3326.4000000000005,2620.7999999999997,0.0,32309,32308.626822295086,0.0,102.0,EFH,Sackgasse,60000.0,5384.0,3554.0,2640.0,5078.0,,,0.09763333333333334,0.13995,1.5,8397.0,10156.0,6093.6,8124.800000000001,0.7693960659383594,52.0,51.0,119.48235294117649,52.0,13.2217666738852,False,11578.0,899.08,899.08,412.83,8.21,86.7,39.6,50.64,7.31,33.3,32.36,13.68,15.63,0.73,35.23,0.26,89.18,65.83,6.2,36.07,12.85,10.71,0.0,150.01,3.39,7.25,0.33,0.25,35.4,53.62,27.84,21.93,0.0,270.41,270.41,0.0
EH30EGSA,EH30EGSA,EFH,Holz,30 kWh,Erdgas,gering,Wendehammer,Sackgasse,135565,135564.64381004294,49325.92788571428,981.0696,10359.12,4731.784000000001,6050.527999999999,873.6,3978.2599999999998,3866.534285714287,1634.88,1867.216,87.36,4209.732,30.68,10655.163999999999,10400.0,741.0,6843.944212328641,1535.5872000000002,1279.444688,0.0,17924,404.6700000000001,866.4000000000001,39.480000000000004,30.139200000000002,4229.26,6406.96,3326.4000000000005,2620.7999999999997,0.0,57915,57914.630624,0.0,102.0,EFH,Sackgasse,60000.0,5384.0,3554.0,2640.0,5078.0,,,0.09763333333333334,0.13995,1.5,8397.0,10156.0,6093.6,8124.800000000001,0.7693960659383594,52.0,51.0,119.48235294117649,52.0,16.68528995298874,False,11578.0,1134.6,1134.6,412.83,8.21,86.7,39.6,50.64,7.31,33.3,32.36,13.68,15.63,0.73,35.23,0.26,89.18,87.04,6.2,57.28,12.85,10.71,0.0,150.01,3.39,7.25,0.33,0.25,35.4,53.62,27.84,21.93,0.0,484.72,484.71,0.0
EH70NGSA,EH70NGSA,EFH,Holz,70 kWh,Nahwärme kalt,gering,Wendehammer,Sackgasse,172762,172761.8780601676,47420.47988571428,981.0696,9495.86,4731.784000000001,5431.724,873.6,3978.2599999999998,3866.534285714287,1634.88,1867.216,87.36,4209.732,30.68,10231.779999999999,58400.9,741.0,54844.838674145605,1535.5872000000002,1279.444688,0.0,17924,404.6700000000001,866.4000000000001,39.480000000000004,30.139200000000002,4229.26,6406.96,3326.4000000000005,2620.7999999999997,0.0,49016,49016.41841230771,0.0,102.0,EFH,Sackgasse,60000.0,5384.0,3554.0,2640.0,5078.0,,,0.09763333333333334,0.13995,1.5,8397.0,10156.0,6093.6,8124.800000000001,0.7693960659383594,52.0,51.0,119.48235294117649,52.0,21.26352378645229,False,11578.0,1445.92,1445.92,396.88,8.21,79.47,39.6,45.46,7.31,33.3,32.36,13.68,15.63,0.73,35.23,0.26,85.63,488.78,6.2,459.02,12.85,10.71,0.0,150.01,3.39,7.25,0.33,0.25,35.4,53.62,27.84,21.93,0.0,410.24,410.24,0.0
EH70LGSA,EH70LGSA,EFH,Holz,70 kWh,LW Wärmepumpe,gering,Wendehammer,Sackgasse,136801,136800.5279894473,47420.47988571428,981.0696,9495.86,4731.784000000001,5431.724,873.6,3978.2599999999998,3866.534285714287,1634.88,1867.216,87.36,4209.732,30.68,10231.779999999999,8779.2,741.0,5223.17527540512,1535.5872000000002,1279.444688,0.0,17924,404.6700000000001,866.4000000000001,39.480000000000004,30.139200000000002,4229.26,6406.96,3326.4000000000005,2620.7999999999997,0.0,62677,62676.73174032789,0.0,102.0,EFH,Sackgasse,60000.0,5384.0,3554.0,2640.0,5078.0,,,0.09763333333333334,0.13995,1.5,8397.0,10156.0,6093.6,8124.800000000001,0.7693960659383594,52.0,51.0,119.48235294117649,52.0,16.837402519378603,False,11578.0,1144.95,1144.94,396.88,8.21,79.47,39.6,45.46,7.31,33.3,32.36,13.68,15.63,0.73,35.23,0.26,85.63,73.48,6.2,43.72,12.85,10.71,0.0,150.01,3.39,7.25,0.33,0.25,35.4,53.62,27.84,21.93,0.0,524.57,524.57,0.0
EH70EGSA,EH70EGSA,EFH,Holz,70 kWh,Erdgas,gering,Wendehammer,Sackgasse,188386,188385.53977744904,47420.47988571428,981.0696,9495.86,4731.784000000001,5431.724,873.6,3978.2599999999998,3866.534285714287,1634.88,1867.216,87.36,4209.732,30.68,10231.779999999999,10690.2,741.0,7134.12817973472,1535.5872000000002,1279.444688,0.0,17924,404.6700000000001,866.4000000000001,39.480000000000004,30.139200000000002,4229.26,6406.96,3326.4000000000005,2620.7999999999997,0.0,112351,112350.79062400002,0.0,102.0,EFH,Sackgasse,60000.0,5384.0,3554.0,2640.0,5078.0,,,0.09763333333333334,0.13995,1.5,8397.0,10156.0,6093.6,8124.800000000001,0.7693960659383594,52.0,51.0,119.48235294117649,52.0,23.186483332198822,False,11578.0,1576.68,1576.68,396.88,8.21,79.47,39.6,45.46,7.31,33.3,32.36,13.68,15.63,0.73,35.23,0.26,85.63,89.47,6.2,59.71,12.85,10.71,0.0,150.01,3.39,7.25,0.33,0.25,35.4,53.62,27.84,21.93,0.0,940.31,940.31,0.0
EM15NGSA,EM15NGSA,EFH,Massiv,15 kWh,Nahwärme kalt,gering,Wendehammer,Sackgasse,151201,151200.67010909616,60391.323885714286,981.0696,11222.38,4731.784000000001,14094.979999999998,873.6,3978.2599999999998,3866.534285714287,2570.88,2463.136,87.36,4623.804000000001,30.68,10866.856,56524.3,741.0,52968.23287692032,1535.5872000000002,1279.444688,0.0,17924,404.6700000000001,866.4000000000001,39.480000000000004,30.139200000000002,4229.26,6406.96,3326.4000000000005,2620.7999999999997,0.0,16361,16360.97225846154,0.0,102.0,EFH,Sackgasse,60000.0,5384.0,3554.0,2640.0,5078.0,,,0.09763333333333334,0.13995,1.5,8397.0,10156.0,6093.6,8124.800000000001,0.7693960659383594,52.0,51.0,119.48235294117649,52.0,18.60977133087536,False,11578.0,1265.47,1265.46,505.44,8.21,93.92,39.6,117.97,7.31,33.3,32.36,21.52,20.62,0.73,38.7,0.26,90.95,473.08,6.2,443.31,12.85,10.71,0.0,150.01,3.39,7.25,0.33,0.25,35.4,53.62,27.84,21.93,0.0,136.93,136.93,0.0
EM15LGSA,EM15LGSA,EFH,Massiv,15 kWh,LW Wärmepumpe,gering,Wendehammer,Sackgasse,106914,106913.84700354772,60391.323885714286,981.0696,11222.38,4731.784000000001,14094.979999999998,873.6,3978.2599999999998,3866.534285714287,2570.88,2463.136,87.36,4623.804000000001,30.68,10866.856,7677.8,741.0,4121.79455180064,1535.5872000000002,1279.444688,0.0,17924,404.6700000000001,866.4000000000001,39.480000000000004,30.139200000000002,4229.26,6406.96,3326.4000000000005,2620.7999999999997,0.0,20921,20920.587478032787,0.0,102.0,EFH,Sackgasse,60000.0,5384.0,3554.0,2640.0,5078.0,,,0.09763333333333334,0.13995,1.5,8397.0,10156.0,6093.6,8124.800000000001,0.7693960659383594,52.0,51.0,119.48235294117649,52.0,13.158951236159375,False,11578.0,894.81,894.81,505.44,8.21,93.92,39.6,117.97,7.31,33.3,32.36,21.52,20.62,0.73,38.7,0.26,90.95,64.26,6.2,34.5,12.85,10.71,0.0,150.01,3.39,7.25,0.33,0.25,35.4,53.62,27.84,21.93,0.0,175.1,175.09,0.0
EM15EGSA,EM15EGSA,EFH,Massiv,15 kWh,Erdgas,gering,Wendehammer,Sackgasse,126216,126216.47981004293,60391.323885714286,981.0696,11222.38,4731.784000000001,14094.979999999998,873.6,3978.2599999999998,3866.534285714287,2570.88,2463.136,87.36,4623.804000000001,30.68,10866.856,10400.0,741.0,6843.944212328641,1535.5872000000002,1279.444688,0.0,17924,404.6700000000001,866.4000000000001,39.480000000000004,30.139200000000002,4229.26,6406.96,3326.4000000000005,2620.7999999999997,0.0,37501,37501.070624,0.0,102.0,EFH,Sackgasse,60000.0,5384.0,3554.0,2640.0,5078.0,,,0.09763333333333334,0.13995,1.5,8397.0,10156.0,6093.6,8124.800000000001,0.7693960659383594,52.0,51.0,119.48235294117649,52.0,15.534718369688228,False,11578.0,1056.36,1056.36,505.44,8.21,93.92,39.6,117.97,7.31,33.3,32.36,21.52,20.62,0.73,38.7,0.26,90.95,87.04,6.2,57.28,12.85,10.71,0.0,150.01,3.39,7.25,0.33,0.25,35.4,53.62,27.84,21.93,0.0,313.86,313.86,0.0
EM30NGSA,EM30NGSA,EFH,Massiv,30 kWh,Nahwärme kalt,gering,Wendehammer,Sackgasse,158674,158673.9394733311,58560.05588571429,981.0696,10359.12,4731.784000000001,13338.663999999999,873.6,3978.2599999999998,3866.534285714287,2570.88,2463.136,87.36,4623.804000000001,30.68,10655.163999999999,56922.8,741.0,53366.739471924484,1535.5872000000002,1279.444688,0.0,17924,404.6700000000001,866.4000000000001,39.480000000000004,30.139200000000002,4229.26,6406.96,3326.4000000000005,2620.7999999999997,0.0,25267,25267.00302769231,0.0,102.0,EFH,Sackgasse,60000.0,5384.0,3554.0,2640.0,5078.0,,,0.09763333333333334,0.13995,1.5,8397.0,10156.0,6093.6,8124.800000000001,0.7693960659383594,52.0,51.0,119.48235294117649,52.0,19.529580971018493,False,11578.0,1328.01,1328.01,490.11,8.21,86.7,39.6,111.64,7.31,33.3,32.36,21.52,20.62,0.73,38.7,0.26,89.18,476.41,6.2,446.65,12.85,10.71,0.0,150.01,3.39,7.25,0.33,0.25,35.4,53.62,27.84,21.93,0.0,211.47,211.47,0.0
EM30LGSA,EM30LGSA,EFH,Massiv,30 kWh,LW Wärmepumpe,gering,Wendehammer,Sackgasse,116658,116658.3378719825,58560.05588571429,981.0696,10359.12,4731.784000000001,13338.663999999999,873.6,3978.2599999999998,3866.534285714287,2570.88,2463.136,87.36,4623.804000000001,30.68,10655.163999999999,7865.5,741.0,4309.51407597312,1535.5872000000002,1279.444688,0.0,17924,404.6700000000001,866.4000000000001,39.480000000000004,30.139200000000002,4229.26,6406.96,3326.4000000000005,2620.7999999999997,0.0,32309,32308.626822295086,0.0,102.0,EFH,Sackgasse,60000.0,5384.0,3554.0,2640.0,5078.0,,,0.09763333333333334,0.13995,1.5,8397.0,10156.0,6093.6,8124.800000000001,0.7693960659383594,52.0,51.0,119.48235294117649,52.0,14.358302711695362,False,11578.0,976.36,976.36,490.11,8.21,86.7,39.6,111.64,7.31,33.3,32.36,21.52,20.62,0.73,38.7,0.26,89.18,65.83,6.2,36.07,12.85,10.71,0.0,150.01,3.39,7.25,0.33,0.25,35.4,53.62,27.84,21.93,0.0,270.41,270.41,0.0
EM30EGSA,EM30EGSA,EFH,Massiv,30 kWh,Erdgas,gering,Wendehammer,Sackgasse,144799,144798.77181004293,58560.05588571429,981.0696,10359.12,4731.784000000001,13338.663999999999,873.6,3978.2599999999998,3866.534285714287,2570.88,2463.136,87.36,4623.804000000001,30.68,10655.163999999999,10400.0,741.0,6843.944212328641,1535.5872000000002,1279.444688,0.0,17924,404.6700000000001,866.4000000000001,39.480000000000004,30.139200000000002,4229.26,6406.96,3326.4000000000005,2620.7999999999997,0.0,57915,57914.630624,0.0,102.0,EFH,Sackgasse,60000.0,5384.0,3554.0,2640.0,5078.0,,,0.09763333333333334,0.13995,1.5,8397.0,10156.0,6093.6,8124.800000000001,0.7693960659383594,52.0,51.0,119.48235294117649,52.0,17.8218259907989,False,11578.0,1211.89,1211.88,490.11,8.21,86.7,39.6,111.64,7.31,33.3,32.36,21.52,20.62,0.73,38.7,0.26,89.18,87.04,6.2,57.28,12.85,10.71,0.0,150.01,3.39,7.25,0.33,0.25,35.4,53.62,27.84,21.93,0.0,484.72,484.71,0.0
EM70NGSA,EM70NGSA,EFH,Massiv,70 kWh,Nahwärme kalt,gering,Wendehammer,Sackgasse,181033,181033.42206016762,55692.02388571428,981.0696,9495.86,4731.784000000001,11757.275999999998,873.6,3978.2599999999998,3866.534285714287,2570.88,2463.136,87.36,4623.804000000001,30.68,10231.779999999999,58400.9,741.0,54844.838674145605,1535.5872000000002,1279.444688,0.0,17924,404.6700000000001,866.4000000000001,39.480000000000004,30.139200000000002,4229.26,6406.96,3326.4000000000005,2620.7999999999997,0.0,49016,49016.41841230771,0.0,102.0,EFH,Sackgasse,60000.0,5384.0,3554.0,2640.0,5078.0,,,0.09763333333333334,0.13995,1.5,8397.0,10156.0,6093.6,8124.800000000001,0.7693960659383594,52.0,51.0,119.48235294117649,52.0,22.281585031036776,False,11578.0,1515.14,1515.15,466.11,8.21,79.47,39.6,98.4,7.31,33.3,32.36,21.52,20.62,0.73,38.7,0.26,85.63,488.78,6.2,459.02,12.85,10.71,0.0,150.01,3.39,7.25,0.33,0.25,35.4,53.62,27.84,21.93,0.0,410.24,410.24,0.0
EM70LGSA,EM70LGSA,EFH,Massiv,70 kWh,LW Wärmepumpe,gering,Wendehammer,Sackgasse,145072,145072.0719894473,55692.02388571428,981.0696,9495.86,4731.784000000001,11757.275999999998,873.6,3978.2599999999998,3866.534285714287,2570.88,2463.136,87.36,4623.804000000001,30.68,10231.779999999999,8779.2,741.0,5223.17527540512,1535.5872000000002,1279.444688,0.0,17924,404.6700000000001,866.4000000000001,39.480000000000004,30.139200000000002,4229.26,6406.96,3326.4000000000005,2620.7999999999997,0.0,62677,62676.73174032789,0.0,102.0,EFH,Sackgasse,60000.0,5384.0,3554.0,2640.0,5078.0,,,0.09763333333333334,0.13995,1.5,8397.0,10156.0,6093.6,8124.800000000001,0.7693960659383594,52.0,51.0,119.48235294117649,52.0,17.855463763963083,False,11578.0,1214.17,1214.17,466.11,8.21,79.47,39.6,98.4,7.31,33.3,32.36,21.52,20.62,0.73,38.7,0.26,85.63,73.48,6.2,43.72,12.85,10.71,0.0,150.01,3.39,7.25,0.33,0.25,35.4,53.62,27.84,21.93,0.0,524.57,524.57,0.0
EM70EGSA,EM70EGSA,EFH,Massiv,70 kWh,Erdgas,gering,Wendehammer,Sackgasse,196657,196657.08377744904,55692.02388571428,981.0696,9495.86,4731.784000000001,11757.275999999998,873.6,3978.2599999999998,3866.534285714287,2570.88,2463.136,87.36,4623.804000000001,30.68,10231.779999999999,10690.2,741.0,7134.12817973472,1535.5872000000002,1279.444688,0.0,17924,404.6700000000001,866.4000000000001,39.480000000000004,30.139200000000002,4229.26,6406.96,3326.4000000000005,2620.7999999999997,0.0,112351,112350.79062400002,0.0,102.0,EFH,Sackgasse,60000.0,5384.0,3554.0,2640.0,5078.0,,,0.09763333333333334,0.13995,1.5,8397.0,10156.0,6093.6,8124.800000000001,0.7693960659383594,52.0,51.0,119.48235294117649,52.0,24.204544576783306,False,11578.0,1645.91,1645.91,466.11,8.21,79.47,39.6,98.4,7.31,33.3,32.36,21.52,20.62,0.73,38.7,0.26,85.63,89.47,6.2,59.71,12.85,10.71,0.0,150.01,3.39,7.25,0.33,0.25,35.4,53.62,27.84,21.93,0.0,940.31,940.31,0.0
DH15NGSA,DH15NGSA,DH,Holz,15 kWh,Nahwärme kalt,gering,Wendehammer,Sackgasse,157928,157928.27483498133,56876.39131428572,1174.6560000000002,13436.8,5713.280000000001,5529.4656,806.4000000000001,3523.52,4629.4857142857145,2009.6000000000001,2677.12,80.64,5114.24,18.88,12162.304,62879.4,912.0,58594.80500992639,1838.592,1534.0236800000002,0.0,18583,447.72,866.4000000000001,43.68,37.09440000000001,4229.26,6406.96,3326.4000000000005,3225.6,0.0,19589,19589.348430769234,0.0,202.0,DH,Sackgasse,60000.0,5384.0,3554.0,2640.0,6080.0,,,0.11733333333333333,0.168,1.5,10080.0,12160.0,7296.0,9728.0,0.6285176470588235,32.0,47.0,155.2340425531915,64.0,16.234403251951207,False,11578.0,1017.35,1017.36,366.39,7.57,86.56,36.8,35.62,5.19,22.7,29.82,12.95,17.25,0.52,32.95,0.12,78.35,405.06,5.88,377.46,11.84,9.88,0.0,119.71,2.88,5.58,0.28,0.24,27.24,41.27,21.43,20.78,0.0,126.19,126.19,0.0
DH15LGSA,DH15LGSA,DH,Holz,15 kWh,LW Wärmepumpe,gering,Wendehammer,Sackgasse,108746,108746.18762432627,56876.39131428572,1174.6560000000002,13436.8,5713.280000000001,5529.4656,806.4000000000001,3523.52,4629.4857142857145,2009.6000000000001,2677.12,80.64,5114.24,18.88,12162.304,8238.0,912.0,3953.3911874176,1838.592,1534.0236800000002,0.0,18583,447.72,866.4000000000001,43.68,37.09440000000001,4229.26,6406.96,3326.4000000000005,3225.6,0.0,25049,25048.67504262295,0.0,202.0,DH,Sackgasse,60000.0,5384.0,3554.0,2640.0,6080.0,,,0.11733333333333333,0.168,1.5,10080.0,12160.0,7296.0,9728.0,0.6285176470588235,32.0,47.0,155.2340425531915,64.0,11.178678826513803,False,11578.0,700.53,700.53,366.39,7.57,86.56,36.8,35.62,5.19,22.7,29.82,12.95,17.25,0.52,32.95,0.12,78.35,53.07,5.88,25.47,11.84,9.88,0.0,119.71,2.88,5.58,0.28,0.24,27.24,41.27,21.43,20.78,0.0,161.36,161.36,0.0
DH15EGSA,DH15EGSA,DH,Holz,15 kWh,Erdgas,gering,Wendehammer,Sackgasse,130258,130258.32246979294,56876.39131428572,1174.6560000000002,13436.8,5713.280000000001,5529.4656,806.4000000000001,3523.52,4629.4857142857145,2009.6000000000001,2677.12,80.64,5114.24,18.88,12162.304,9898.0,912.0,5613.3524355071995,1838.592,1534.0236800000002,0.0,18583,447.72,866.4000000000001,43.68,37.09440000000001,4229.26,6406.96,3326.4000000000005,3225.6,0.0,44901,44900.848640000004,0.0,202.0,DH,Sackgasse,60000.0,5384.0,3554.0,2640.0,6080.0,,,0.11733333333333333,0.168,1.5,10080.0,12160.0,7296.0,9728.0,0.6285176470588235,32.0,47.0,155.2340425531915,64.0,13.390041372306015,False,11578.0,839.11,839.11,366.39,7.57,86.56,36.8,35.62,5.19,22.7,29.82,12.95,17.25,0.52,32.95,0.12,78.35,63.76,5.88,36.16,11.84,9.88,0.0,119.71,2.88,5.58,0.28,0.24,27.24,41.27,21.43,20.78,0.0,289.25,289.25,0.0
DH30NGSA,DH30NGSA,DH,Holz,30 kWh,Nahwärme kalt,gering,Wendehammer,Sackgasse,167540,167540.08285204275,55092.820114285714,1174.6560000000002,12403.2,5713.280000000001,5016.4224,806.4000000000001,3523.52,4629.4857142857145,2009.6000000000001,2677.12,80.64,5114.24,18.88,11925.376,63611.4,912.0,59326.7996116032,1838.592,1534.0236800000002,0.0,18583,447.72,866.4000000000001,43.68,37.09440000000001,4229.26,6406.96,3326.4000000000005,3225.6,0.0,30253,30252.733046153848,0.0,202.0,DH,Sackgasse,60000.0,5384.0,3554.0,2640.0,6080.0,,,0.11733333333333333,0.168,1.5,10080.0,12160.0,7296.0,9728.0,0.6285176470588235,32.0,47.0,155.2340425531915,64.0,17.222459174757685,False,11578.0,1079.27,1079.27,354.9,7.57,79.9,36.8,32.32,5.19,22.7,29.82,12.95,17.25,0.52,32.95,0.12,76.82,409.78,5.88,382.18,11.84,9.88,0.0,119.71,2.88,5.58,0.28,0.24,27.24,41.27,21.43,20.78,0.0,194.89,194.88,0.0
DH30LGSA,DH30LGSA,DH,Holz,30 kWh,LW Wärmepumpe,gering,Wendehammer,Sackgasse,121076,121076.46449359147,55092.820114285714,1174.6560000000002,12403.2,5713.280000000001,5016.4224,806.4000000000001,3523.52,4629.4857142857145,2009.6000000000001,2677.12,80.64,5114.24,18.88,11925.376,8716.7,912.0,4432.0917156992,1838.592,1534.0236800000002,0.0,18583,447.72,866.4000000000001,43.68,37.09440000000001,4229.26,6406.96,3326.4000000000005,3225.6,0.0,38684,38683.822583606554,0.0,202.0,DH,Sackgasse,60000.0,5384.0,3554.0,2640.0,6080.0,,,0.11733333333333333,0.168,1.5,10080.0,12160.0,7296.0,9728.0,0.6285176470588235,32.0,47.0,155.2340425531915,64.0,12.446182616528729,False,11578.0,779.96,779.96,354.9,7.57,79.9,36.8,32.32,5.19,22.7,29.82,12.95,17.25,0.52,32.95,0.12,76.82,56.15,5.88,28.55,11.84,9.88,0.0,119.71,2.88,5.58,0.28,0.24,27.24,41.27,21.43,20.78,0.0,249.2,249.2,0.0
DH30EGSA,DH30EGSA,DH,Holz,30 kWh,Erdgas,gering,Wendehammer,Sackgasse,153207,153206.62812611292,55092.820114285714,1174.6560000000002,12403.2,5713.280000000001,5016.4224,806.4000000000001,3523.52,4629.4857142857145,2009.6000000000001,2677.12,80.64,5114.24,18.88,11925.376,10188.2,912.0,5903.6292918272,1838.592,1534.0236800000002,0.0,18583,447.72,866.4000000000001,43.68,37.09440000000001,4229.26,6406.96,3326.4000000000005,3225.6,0.0,69342,69342.44864,0.0,202.0,DH,Sackgasse,60000.0,5384.0,3554.0,2640.0,6080.0,,,0.11733333333333333,0.168,1.5,10080.0,12160.0,7296.0,9728.0,0.6285176470588235,32.0,47.0,155.2340425531915,64.0,15.749036608358647,False,11578.0,986.94,986.94,354.9,7.57,79.9,36.8,32.32,5.19,22.7,29.82,12.95,17.25,0.52,32.95,0.12,76.82,65.63,5.88,38.03,11.84,9.88,0.0,119.71,2.88,5.58,0.28,0.24,27.24,41.27,21.43,20.78,0.0,446.69,446.7,0.0
DH70NGSA,DH70NGSA,DH,Holz,70 kWh,Nahwärme kalt,gering,Wendehammer,Sackgasse,195905,195904.62929646464,53072.32091428571,1174.6560000000002,11369.6,5713.280000000001,4503.3792,806.4000000000001,3523.52,4629.4857142857145,2009.6000000000001,2677.12,80.64,5114.24,18.88,11451.52,65560.8,912.0,61276.152948332805,1838.592,1534.0236800000002,0.0,18583,447.72,866.4000000000001,43.68,37.09440000000001,4229.26,6406.96,3326.4000000000005,3225.6,0.0,58688,58688.42535384614,0.0,202.0,DH,Sackgasse,60000.0,5384.0,3554.0,2640.0,6080.0,,,0.11733333333333333,0.168,1.5,10080.0,12160.0,7296.0,9728.0,0.6285176470588235,32.0,47.0,155.2340425531915,64.0,20.13822258392934,False,11578.0,1262.0,1262.0,341.89,7.57,73.24,36.8,29.01,5.19,22.7,29.82,12.95,17.25,0.52,32.95,0.12,73.77,422.34,5.88,394.73,11.84,9.88,0.0,119.71,2.88,5.58,0.28,0.24,27.24,41.27,21.43,20.78,0.0,378.06,378.06,0.0
DH70LGSA,DH70LGSA,DH,Holz,70 kWh,LW Wärmepumpe,gering,Wendehammer,Sackgasse,156690,156690.2612115296,53072.32091428571,1174.6560000000002,11369.6,5713.280000000001,4503.3792,806.4000000000001,3523.52,4629.4857142857145,2009.6000000000001,2677.12,80.64,5114.24,18.88,11451.52,9990.6,912.0,5705.994191014401,1838.592,1534.0236800000002,0.0,18583,447.72,866.4000000000001,43.68,37.09440000000001,4229.26,6406.96,3326.4000000000005,3225.6,0.0,75044,75044.21602622951,0.0,202.0,DH,Sackgasse,60000.0,5384.0,3554.0,2640.0,6080.0,,,0.11733333333333333,0.168,1.5,10080.0,12160.0,7296.0,9728.0,0.6285176470588235,32.0,47.0,155.2340425531915,64.0,16.107140338356253,False,11578.0,1009.38,1009.38,341.89,7.57,73.24,36.8,29.01,5.19,22.7,29.82,12.95,17.25,0.52,32.95,0.12,73.77,64.36,5.88,36.76,11.84,9.88,0.0,119.71,2.88,5.58,0.28,0.24,27.24,41.27,21.43,20.78,0.0,483.42,483.43,0.0
DH70EGSA,DH70EGSA,DH,Holz,70 kWh,Erdgas,gering,Wendehammer,Sackgasse,217140,217140.1788350025,53072.32091428571,1174.6560000000002,11369.6,5713.280000000001,4503.3792,806.4000000000001,3523.52,4629.4857142857145,2009.6000000000001,2677.12,80.64,5114.24,18.88,11451.52,10964.7,912.0,6680.0792007168,1838.592,1534.0236800000002,0.0,18583,447.72,866.4000000000001,43.68,37.09440000000001,4229.26,6406.96,3326.4000000000005,3225.6,0.0,134520,134520.04864,0.0,202.0,DH,Sackgasse,60000.0,5384.0,3554.0,2640.0,6080.0,,,0.11733333333333333,0.168,1.5,10080.0,12160.0,7296.0,9728.0,0.6285176470588235,32.0,47.0,155.2340425531915,64.0,22.321153251953383,False,11578.0,1398.79,1398.79,341.89,7.57,73.24,36.8,29.01,5.19,22.7,29.82,12.95,17.25,0.52,32.95,0.12,73.77,70.63,5.88,43.03,11.84,9.88,0.0,119.71,2.88,5.58,0.28,0.24,27.24,41.27,21.43,20.78,0.0,866.56,866.56,0.0
DM15NGSA,DM15NGSA,DH,Massiv,15 kWh,Nahwärme kalt,gering,Wendehammer,Sackgasse,166645,166645.43323498132,65593.5497142857,1174.6560000000002,13436.8,5713.280000000001,11685.984,806.4000000000001,3523.52,4629.4857142857145,3212.8,3531.52,80.64,5617.280000000001,18.88,12162.304,62879.4,912.0,58594.80500992639,1838.592,1534.0236800000002,0.0,18583,447.72,866.4000000000001,43.68,37.09440000000001,4229.26,6406.96,3326.4000000000005,3225.6,0.0,19589,19589.348430769234,0.0,202.0,DH,Sackgasse,60000.0,5384.0,3554.0,2640.0,6080.0,,,0.11733333333333333,0.168,1.5,10080.0,12160.0,7296.0,9728.0,0.6285176470588235,32.0,47.0,155.2340425531915,64.0,17.130492725635417,False,11578.0,1073.51,1073.51,422.55,7.57,86.56,36.8,75.28,5.19,22.7,29.82,20.7,22.75,0.52,36.19,0.12,78.35,405.06,5.88,377.46,11.84,9.88,0.0,119.71,2.88,5.58,0.28,0.24,27.24,41.27,21.43,20.78,0.0,126.19,126.19,0.0
DM15LGSA,DM15LGSA,DH,Massiv,15 kWh,LW Wärmepumpe,gering,Wendehammer,Sackgasse,117463,117463.34602432625,65593.5497142857,1174.6560000000002,13436.8,5713.280000000001,11685.984,806.4000000000001,3523.52,4629.4857142857145,3212.8,3531.52,80.64,5617.280000000001,18.88,12162.304,8238.0,912.0,3953.3911874176,1838.592,1534.0236800000002,0.0,18583,447.72,866.4000000000001,43.68,37.09440000000001,4229.26,6406.96,3326.4000000000005,3225.6,0.0,25049,25048.67504262295,0.0,202.0,DH,Sackgasse,60000.0,5384.0,3554.0,2640.0,6080.0,,,0.11733333333333333,0.168,1.5,10080.0,12160.0,7296.0,9728.0,0.6285176470588235,32.0,47.0,155.2340425531915,64.0,12.074768300198013,False,11578.0,756.68,756.69,422.55,7.57,86.56,36.8,75.28,5.19,22.7,29.82,20.7,22.75,0.52,36.19,0.12,78.35,53.07,5.88,25.47,11.84,9.88,0.0,119.71,2.88,5.58,0.28,0.24,27.24,41.27,21.43,20.78,0.0,161.36,161.36,0.0
DM15EGSA,DM15EGSA,DH,Massiv,15 kWh,Erdgas,gering,Wendehammer,Sackgasse,138975,138975.48086979293,65593.5497142857,1174.6560000000002,13436.8,5713.280000000001,11685.984,806.4000000000001,3523.52,4629.4857142857145,3212.8,3531.52,80.64,5617.280000000001,18.88,12162.304,9898.0,912.0,5613.3524355071995,1838.592,1534.0236800000002,0.0,18583,447.72,866.4000000000001,43.68,37.09440000000001,4229.26,6406.96,3326.4000000000005,3225.6,0.0,44901,44900.848640000004,0.0,202.0,DH,Sackgasse,60000.0,5384.0,3554.0,2640.0,6080.0,,,0.11733333333333333,0.168,1.5,10080.0,12160.0,7296.0,9728.0,0.6285176470588235,32.0,47.0,155.2340425531915,64.0,14.286130845990225,False,11578.0,895.26,895.26,422.55,7.57,86.56,36.8,75.28,5.19,22.7,29.82,20.7,22.75,0.52,36.19,0.12,78.35,63.76,5.88,36.16,11.84,9.88,0.0,119.71,2.88,5.58,0.28,0.24,27.24,41.27,21.43,20.78,0.0,289.25,289.25,0.0
DM30NGSA,DM30NGSA,DH,Massiv,30 kWh,Nahwärme kalt,gering,Wendehammer,Sackgasse,176143,176143.23165204274,63695.96891428571,1174.6560000000002,12403.2,5713.280000000001,11058.9312,806.4000000000001,3523.52,4629.4857142857145,3212.8,3531.52,80.64,5617.280000000001,18.88,11925.376,63611.4,912.0,59326.7996116032,1838.592,1534.0236800000002,0.0,18583,447.72,866.4000000000001,43.68,37.09440000000001,4229.26,6406.96,3326.4000000000005,3225.6,0.0,30253,30252.733046153848,0.0,202.0,DH,Sackgasse,60000.0,5384.0,3554.0,2640.0,6080.0,,,0.11733333333333333,0.168,1.5,10080.0,12160.0,7296.0,9728.0,0.6285176470588235,32.0,47.0,155.2340425531915,64.0,18.10682891159979,False,11578.0,1134.69,1134.69,410.32,7.57,79.9,36.8,71.24,5.19,22.7,29.82,20.7,22.75,0.52,36.19,0.12,76.82,409.78,5.88,382.18,11.84,9.88,0.0,119.71,2.88,5.58,0.28,0.24,27.24,41.27,21.43,20.78,0.0,194.89,194.88,0.0
DM30LGSA,DM30LGSA,DH,Massiv,30 kWh,LW Wärmepumpe,gering,Wendehammer,Sackgasse,129680,129679.61329359145,63695.96891428571,1174.6560000000002,12403.2,5713.280000000001,11058.9312,806.4000000000001,3523.52,4629.4857142857145,3212.8,3531.52,80.64,5617.280000000001,18.88,11925.376,8716.7,912.0,4432.0917156992,1838.592,1534.0236800000002,0.0,18583,447.72,866.4000000000001,43.68,37.09440000000001,4229.26,6406.96,3326.4000000000005,3225.6,0.0,38684,38683.822583606554,0.0,202.0,DH,Sackgasse,60000.0,5384.0,3554.0,2640.0,6080.0,,,0.11733333333333333,0.168,1.5,10080.0,12160.0,7296.0,9728.0,0.6285176470588235,32.0,47.0,155.2340425531915,64.0,13.330552353370834,False,11578.0,835.38,835.38,410.32,7.57,79.9,36.8,71.24,5.19,22.7,29.82,20.7,22.75,0.52,36.19,0.12,76.82,56.15,5.88,28.55,11.84,9.88,0.0,119.71,2.88,5.58,0.28,0.24,27.24,41.27,21.43,20.78,0.0,249.2,249.2,0.0
DM30EGSA,DM30EGSA,DH,Massiv,30 kWh,Erdgas,gering,Wendehammer,Sackgasse,161810,161809.77692611289,63695.96891428571,1174.6560000000002,12403.2,5713.280000000001,11058.9312,806.4000000000001,3523.52,4629.4857142857145,3212.8,3531.52,80.64,5617.280000000001,18.88,11925.376,10188.2,912.0,5903.6292918272,1838.592,1534.0236800000002,0.0,18583,447.72,866.4000000000001,43.68,37.09440000000001,4229.26,6406.96,3326.4000000000005,3225.6,0.0,69342,69342.44864,0.0,202.0,DH,Sackgasse,60000.0,5384.0,3554.0,2640.0,6080.0,,,0.11733333333333333,0.168,1.5,10080.0,12160.0,7296.0,9728.0,0.6285176470588235,32.0,47.0,155.2340425531915,64.0,16.633406345200754,False,11578.0,1042.36,1042.36,410.32,7.57,79.9,36.8,71.24,5.19,22.7,29.82,20.7,22.75,0.52,36.19,0.12,76.82,65.63,5.88,38.03,11.84,9.88,0.0,119.71,2.88,5.58,0.28,0.24,27.24,41.27,21.43,20.78,0.0,446.69,446.7,0.0
DM70NGSA,DM70NGSA,DH,Massiv,70 kWh,Nahwärme kalt,gering,Wendehammer,Sackgasse,203710,203709.71089646465,60877.40251428571,1174.6560000000002,11369.6,5713.280000000001,9747.820800000001,806.4000000000001,3523.52,4629.4857142857145,3212.8,3531.52,80.64,5617.280000000001,18.88,11451.52,65560.8,912.0,61276.152948332805,1838.592,1534.0236800000002,0.0,18583,447.72,866.4000000000001,43.68,37.09440000000001,4229.26,6406.96,3326.4000000000005,3225.6,0.0,58688,58688.42535384614,0.0,202.0,DH,Sackgasse,60000.0,5384.0,3554.0,2640.0,6080.0,,,0.11733333333333333,0.168,1.5,10080.0,12160.0,7296.0,9728.0,0.6285176470588235,32.0,47.0,155.2340425531915,64.0,20.940554162876715,False,11578.0,1312.28,1312.27,392.17,7.57,73.24,36.8,62.79,5.19,22.7,29.82,20.7,22.75,0.52,36.19,0.12,73.77,422.34,5.88,394.73,11.84,9.88,0.0,119.71,2.88,5.58,0.28,0.24,27.24,41.27,21.43,20.78,0.0,378.06,378.06,0.0
DM70LGSA,DM70LGSA,DH,Massiv,70 kWh,LW Wärmepumpe,gering,Wendehammer,Sackgasse,164495,164495.34281152964,60877.40251428571,1174.6560000000002,11369.6,5713.280000000001,9747.820800000001,806.4000000000001,3523.52,4629.4857142857145,3212.8,3531.52,80.64,5617.280000000001,18.88,11451.52,9990.6,912.0,5705.994191014401,1838.592,1534.0236800000002,0.0,18583,447.72,866.4000000000001,43.68,37.09440000000001,4229.26,6406.96,3326.4000000000005,3225.6,0.0,75044,75044.21602622951,0.0,202.0,DH,Sackgasse,60000.0,5384.0,3554.0,2640.0,6080.0,,,0.11733333333333333,0.168,1.5,10080.0,12160.0,7296.0,9728.0,0.6285176470588235,32.0,47.0,155.2340425531915,64.0,16.90947191730362,False,11578.0,1059.66,1059.66,392.17,7.57,73.24,36.8,62.79,5.19,22.7,29.82,20.7,22.75,0.52,36.19,0.12,73.77,64.36,5.88,36.76,11.84,9.88,0.0,119.71,2.88,5.58,0.28,0.24,27.24,41.27,21.43,20.78,0.0,483.42,483.43,0.0
DM70EGSA,DM70EGSA,DH,Massiv,70 kWh,Erdgas,gering,Wendehammer,Sackgasse,224945,224945.2604350025,60877.40251428571,1174.6560000000002,11369.6,5713.280000000001,9747.820800000001,806.4000000000001,3523.52,4629.4857142857145,3212.8,3531.52,80.64,5617.280000000001,18.88,11451.52,10964.7,912.0,6680.0792007168,1838.592,1534.0236800000002,0.0,18583,447.72,866.4000000000001,43.68,37.09440000000001,4229.26,6406.96,3326.4000000000005,3225.6,0.0,134520,134520.04864,0.0,202.0,DH,Sackgasse,60000.0,5384.0,3554.0,2640.0,6080.0,,,0.11733333333333333,0.168,1.5,10080.0,12160.0,7296.0,9728.0,0.6285176470588235,32.0,47.0,155.2340425531915,64.0,23.12348483090075,False,11578.0,1449.07,1449.07,392.17,7.57,73.24,36.8,62.79,5.19,22.7,29.82,20.7,22.75,0.52,36.19,0.12,73.77,70.63,5.88,43.03,11.84,9.88,0.0,119.71,2.88,5.58,0.28,0.24,27.24,41.27,21.43,20.78,0.0,866.56,866.56,0.0
RH15NGSA,RH15NGSA,RH,Holz,15 kWh,Nahwärme kalt,gering,Wendehammer,Sackgasse,243648,243647.5184639018,87579.08964285714,1982.2320000000002,22674.6,9682.24,5929.629400000001,915.6,4213.351999999999,7812.257142857144,1752.2399999999998,3263.7410999999997,119.07,8693.72,16.52,20523.888000000003,103456.4,1292.76,96401.81498412159,3206.0447999999997,2555.8059600000006,0.0,19555,543.5780000000001,866.4000000000001,53.032000000000004,46.94760000000001,4229.26,6406.96,3326.4000000000005,4082.3999999999996,0.0,33057,33057.025476923074,0.0,302.0,RH,Sackgasse,60000.0,5384.0,3554.0,2640.0,10260.0,,,0.19125,0.27675,1.5,16605.0,20520.0,12312.0,16416.0,0.5651679831563683,28.0,47.0,261.95744680851067,81.0,14.84207592981858,False,11578.0,930.11,930.1,334.33,7.57,86.56,36.96,22.64,3.5,16.08,29.82,6.69,12.46,0.45,33.19,0.06,78.35,394.94,4.93,368.01,12.24,9.76,0.0,74.65,2.08,3.31,0.2,0.18,16.14,24.46,12.7,15.58,0.0,126.19,126.19,0.0
RH15LGSA,RH15LGSA,RH,Holz,15 kWh,LW Wärmepumpe,gering,Wendehammer,Sackgasse,162853,162852.83349543696,87579.08964285714,1982.2320000000002,22674.6,9682.24,5929.629400000001,915.6,4213.351999999999,7812.257142857144,1752.2399999999998,3263.7410999999997,119.07,8693.72,16.52,20523.888000000003,13449.1,1292.76,6394.5163581536,3206.0447999999997,2555.8059600000006,0.0,19555,543.5780000000001,866.4000000000001,53.032000000000004,46.94760000000001,4229.26,6406.96,3326.4000000000005,4082.3999999999996,0.0,42270,42269.63913442622,0.0,302.0,RH,Sackgasse,60000.0,5384.0,3554.0,2640.0,10260.0,,,0.19125,0.27675,1.5,16605.0,20520.0,12312.0,16416.0,0.5651679831563683,28.0,47.0,261.95744680851067,81.0,9.920372410784417,False,11578.0,621.68,621.68,334.33,7.57,86.56,36.96,22.64,3.5,16.08,29.82,6.69,12.46,0.45,33.19,0.06,78.35,51.34,4.93,24.41,12.24,9.76,0.0,74.65,2.08,3.31,0.2,0.18,16.14,24.46,12.7,15.58,0.0,161.36,161.36,0.0
RH15EGSA,RH15EGSA,RH,Holz,15 kWh,Erdgas,gering,Wendehammer,Sackgasse,197709,197709.2145552379,87579.08964285714,1982.2320000000002,22674.6,9682.24,5929.629400000001,915.6,4213.351999999999,7812.257142857144,1752.2399999999998,3263.7410999999997,119.07,8693.72,16.52,20523.888000000003,14805.0,1292.76,7750.354472380799,3206.0447999999997,2555.8059600000006,0.0,19555,543.5780000000001,866.4000000000001,53.032000000000004,46.94760000000001,4229.26,6406.96,3326.4000000000005,4082.3999999999996,0.0,75770,75770.18207999998,0.0,302.0,RH,Sackgasse,60000.0,5384.0,3554.0,2640.0,10260.0,,,0.19125,0.27675,1.5,16605.0,20520.0,12312.0,16416.0,0.5651679831563683,28.0,47.0,261.95744680851067,81.0,12.043689970470147,False,11578.0,754.74,754.74,334.33,7.57,86.56,36.96,22.64,3.5,16.08,29.82,6.69,12.46,0.45,33.19,0.06,78.35,56.52,4.93,29.59,12.24,9.76,0.0,74.65,2.08,3.31,0.2,0.18,16.14,24.46,12.7,15.58,0.0,289.25,289.25,0.0
RH30NGSA,RH30NGSA,RH,Holz,30 kWh,Nahwärme kalt,gering,Wendehammer,Sackgasse,260263,260262.62914334895,84884.90184285714,1982.2320000000002,20930.4,9682.24,5379.457600000002,915.6,4213.351999999999,7812.257142857144,1752.2399999999998,3263.7410999999997,119.07,8693.72,16.52,20124.072,104771.3,1292.76,97716.6519251072,3206.0447999999997,2555.8059600000006,0.0,19555,543.5780000000001,866.4000000000001,53.032000000000004,46.94760000000001,4229.26,6406.96,3326.4000000000005,4082.3999999999996,0.0,51051,51051.48701538461,0.0,302.0,RH,Sackgasse,60000.0,5384.0,3554.0,2640.0,10260.0,,,0.19125,0.27675,1.5,16605.0,20520.0,12312.0,16416.0,0.5651679831563683,28.0,47.0,261.95744680851067,81.0,15.85420499167574,False,11578.0,993.53,993.53,324.04,7.57,79.9,36.96,20.54,3.5,16.08,29.82,6.69,12.46,0.45,33.19,0.06,76.82,399.96,4.93,373.02,12.24,9.76,0.0,74.65,2.08,3.31,0.2,0.18,16.14,24.46,12.7,15.58,0.0,194.88,194.88,0.0
RH30LGSA,RH30LGSA,RH,Holz,30 kWh,LW Wärmepumpe,gering,Wendehammer,Sackgasse,184055,184055.25614989322,84884.90184285714,1982.2320000000002,20930.4,9682.24,5379.457600000002,915.6,4213.351999999999,7812.257142857144,1752.2399999999998,3263.7410999999997,119.07,8693.72,16.52,20124.072,14336.4,1292.76,7281.8153372,3206.0447999999997,2555.8059600000006,0.0,19555,543.5780000000001,866.4000000000001,53.032000000000004,46.94760000000001,4229.26,6406.96,3326.4000000000005,4082.3999999999996,0.0,65279,65278.95060983608,0.0,302.0,RH,Sackgasse,60000.0,5384.0,3554.0,2640.0,10260.0,,,0.19125,0.27675,1.5,16605.0,20520.0,12312.0,16416.0,0.5651679831563683,28.0,47.0,261.95744680851067,81.0,11.211942991587064,False,11578.0,702.61,702.62,324.04,7.57,79.9,36.96,20.54,3.5,16.08,29.82,6.69,12.46,0.45,33.19,0.06,76.82,54.73,4.93,27.8,12.24,9.76,0.0,74.65,2.08,3.31,0.2,0.18,16.14,24.46,12.7,15.58,0.0,249.2,249.2,0.0
RH30EGSA,RH30EGSA,RH,Holz,30 kWh,Erdgas,gering,Wendehammer,Sackgasse,236831,236831.3543533755,84884.90184285714,1982.2320000000002,20930.4,9682.24,5379.457600000002,915.6,4213.351999999999,7812.257142857144,1752.2399999999998,3263.7410999999997,119.07,8693.72,16.52,20124.072,15376.1,1292.76,8321.4820705184,3206.0447999999997,2555.8059600000006,0.0,19555,543.5780000000001,866.4000000000001,53.032000000000004,46.94760000000001,4229.26,6406.96,3326.4000000000005,4082.3999999999996,0.0,117015,117015.38207999998,0.0,302.0,RH,Sackgasse,60000.0,5384.0,3554.0,2640.0,10260.0,,,0.19125,0.27675,1.5,16605.0,20520.0,12312.0,16416.0,0.5651679831563683,28.0,47.0,261.95744680851067,81.0,14.426861254469756,False,11578.0,904.08,904.08,324.04,7.57,79.9,36.96,20.54,3.5,16.08,29.82,6.69,12.46,0.45,33.19,0.06,76.82,58.7,4.93,31.77,12.24,9.76,0.0,74.65,2.08,3.31,0.2,0.18,16.14,24.46,12.7,15.58,0.0,446.69,446.7,0.0
RH70NGSA,RH70NGSA,RH,Holz,70 kWh,Nahwärme kalt,gering,Wendehammer,Sackgasse,307744,307743.5668274245,81790.89804285714,1982.2320000000002,19186.2,9682.24,4829.2858000000015,915.6,4213.351999999999,7812.257142857144,1752.2399999999998,3263.7410999999997,119.07,8693.72,16.52,19324.44,107361.0,1292.76,100306.362639952,3206.0447999999997,2555.8059600000006,0.0,19555,543.5780000000001,866.4000000000001,53.032000000000004,46.94760000000001,4229.26,6406.96,3326.4000000000005,4082.3999999999996,0.0,99037,99036.7177846154,0.0,302.0,RH,Sackgasse,60000.0,5384.0,3554.0,2640.0,10260.0,,,0.19125,0.27675,1.5,16605.0,20520.0,12312.0,16416.0,0.5651679831563683,28.0,47.0,261.95744680851067,81.0,18.746562306738824,False,11578.0,1174.79,1174.78,312.23,7.57,73.24,36.96,18.44,3.5,16.08,29.82,6.69,12.46,0.45,33.19,0.06,73.77,409.84,4.93,382.91,12.24,9.76,0.0,74.65,2.08,3.31,0.2,0.18,16.14,24.46,12.7,15.58,0.0,378.07,378.06,0.0
RH70LGSA,RH70LGSA,RH,Holz,70 kWh,LW Wärmepumpe,gering,Wendehammer,Sackgasse,243769,243769.26377526985,81790.89804285714,1982.2320000000002,19186.2,9682.24,4829.2858000000015,915.6,4213.351999999999,7812.257142857144,1752.2399999999998,3263.7410999999997,119.07,8693.72,16.52,19324.44,15786.3,1292.76,8731.6628281504,3206.0447999999997,2555.8059600000006,0.0,19555,543.5780000000001,866.4000000000001,53.032000000000004,46.94760000000001,4229.26,6406.96,3326.4000000000005,4082.3999999999996,0.0,126637,126637.1145442623,0.0,302.0,RH,Sackgasse,60000.0,5384.0,3554.0,2640.0,10260.0,,,0.19125,0.27675,1.5,16605.0,20520.0,12312.0,16416.0,0.5651679831563683,28.0,47.0,261.95744680851067,81.0,14.849492189039342,False,11578.0,930.57,930.57,312.23,7.57,73.24,36.96,18.44,3.5,16.08,29.82,6.69,12.46,0.45,33.19,0.06,73.77,60.26,4.93,33.33,12.24,9.76,0.0,74.65,2.08,3.31,0.2,0.18,16.14,24.46,12.7,15.58,0.0,483.43,483.43,0.0
RH70EGSA,RH70EGSA,RH,Holz,70 kWh,Erdgas,gering,Wendehammer,Sackgasse,344306,344305.63400772115,81790.89804285714,1982.2320000000002,19186.2,9682.24,4829.2858000000015,915.6,4213.351999999999,7812.257142857144,1752.2399999999998,3263.7410999999997,119.07,8693.72,16.52,19324.44,15957.2,1292.76,8902.565524864,3206.0447999999997,2555.8059600000006,0.0,19555,543.5780000000001,866.4000000000001,53.032000000000004,46.94760000000001,4229.26,6406.96,3326.4000000000005,4082.3999999999996,0.0,227003,227002.58208000002,0.0,302.0,RH,Sackgasse,60000.0,5384.0,3554.0,2640.0,10260.0,,,0.19125,0.27675,1.5,16605.0,20520.0,12312.0,16416.0,0.5651679831563683,28.0,47.0,261.95744680851067,81.0,20.973783748033696,False,11578.0,1314.36,1314.36,312.23,7.57,73.24,36.96,18.44,3.5,16.08,29.82,6.69,12.46,0.45,33.19,0.06,73.77,60.92,4.93,33.98,12.24,9.76,0.0,74.65,2.08,3.31,0.2,0.18,16.14,24.46,12.7,15.58,0.0,866.56,866.56,0.0
RM15NGSA,RM15NGSA,RH,Massiv,15 kWh,Nahwärme kalt,gering,Wendehammer,Sackgasse,253195,253195.2695639018,97126.84074285717,1982.2320000000002,22674.6,9682.24,12531.691000000003,915.6,4213.351999999999,7812.257142857144,2801.1899999999996,4305.3606,119.07,9548.84,16.52,20523.888000000003,103456.4,1292.76,96401.81498412159,3206.0447999999997,2555.8059600000006,0.0,19555,543.5780000000001,866.4000000000001,53.032000000000004,46.94760000000001,4229.26,6406.96,3326.4000000000005,4082.3999999999996,0.0,33057,33057.025476923074,0.0,302.0,RH,Sackgasse,60000.0,5384.0,3554.0,2640.0,10260.0,,,0.19125,0.27675,1.5,16605.0,20520.0,12312.0,16416.0,0.5651679831563683,28.0,47.0,261.95744680851067,81.0,15.423688448093435,False,11578.0,966.55,966.55,370.77,7.57,86.56,36.96,47.84,3.5,16.08,29.82,10.69,16.44,0.45,36.45,0.06,78.35,394.94,4.93,368.01,12.24,9.76,0.0,74.65,2.08,3.31,0.2,0.18,16.14,24.46,12.7,15.58,0.0,126.19,126.19,0.0
RM15LGSA,RM15LGSA,RH,Massiv,15 kWh,LW Wärmepumpe,gering,Wendehammer,Sackgasse,172401,172400.584595437,97126.84074285717,1982.2320000000002,22674.6,9682.24,12531.691000000003,915.6,4213.351999999999,7812.257142857144,2801.1899999999996,4305.3606,119.07,9548.84,16.52,20523.888000000003,13449.1,1292.76,6394.5163581536,3206.0447999999997,2555.8059600000006,0.0,19555,543.5780000000001,866.4000000000001,53.032000000000004,46.94760000000001,4229.26,6406.96,3326.4000000000005,4082.3999999999996,0.0,42270,42269.63913442622,0.0,302.0,RH,Sackgasse,60000.0,5384.0,3554.0,2640.0,10260.0,,,0.19125,0.27675,1.5,16605.0,20520.0,12312.0,16416.0,0.5651679831563683,28.0,47.0,261.95744680851067,81.0,10.50198492905927,False,11578.0,658.13,658.12,370.77,7.57,86.56,36.96,47.84,3.5,16.08,29.82,10.69,16.44,0.45,36.45,0.06,78.35,51.34,4.93,24.41,12.24,9.76,0.0,74.65,2.08,3.31,0.2,0.18,16.14,24.46,12.7,15.58,0.0,161.36,161.36,0.0
RM15EGSA,RM15EGSA,RH,Massiv,15 kWh,Erdgas,gering,Wendehammer,Sackgasse,207257,207256.96565523796,97126.84074285717,1982.2320000000002,22674.6,9682.24,12531.691000000003,915.6,4213.351999999999,7812.257142857144,2801.1899999999996,4305.3606,119.07,9548.84,16.52,20523.888000000003,14805.0,1292.76,7750.354472380799,3206.0447999999997,2555.8059600000006,0.0,19555,543.5780000000001,866.4000000000001,53.032000000000004,46.94760000000001,4229.26,6406.96,3326.4000000000005,4082.3999999999996,0.0,75770,75770.18207999998,0.0,302.0,RH,Sackgasse,60000.0,5384.0,3554.0,2640.0,10260.0,,,0.19125,0.27675,1.5,16605.0,20520.0,12312.0,16416.0,0.5651679831563683,28.0,47.0,261.95744680851067,81.0,12.625302488745001,False,11578.0,791.19,791.19,370.77,7.57,86.56,36.96,47.84,3.5,16.08,29.82,10.69,16.44,0.45,36.45,0.06,78.35,56.52,4.93,29.59,12.24,9.76,0.0,74.65,2.08,3.31,0.2,0.18,16.14,24.46,12.7,15.58,0.0,289.25,289.25,0.0
RM30NGSA,RM30NGSA,RH,Massiv,30 kWh,Nahwärme kalt,gering,Wendehammer,Sackgasse,269688,269688.1198433489,94310.39254285715,1982.2320000000002,20930.4,9682.24,11859.258800000001,915.6,4213.351999999999,7812.257142857144,2801.1899999999996,4305.3606,119.07,9548.84,16.52,20124.072,104771.3,1292.76,97716.6519251072,3206.0447999999997,2555.8059600000006,0.0,19555,543.5780000000001,866.4000000000001,53.032000000000004,46.94760000000001,4229.26,6406.96,3326.4000000000005,4082.3999999999996,0.0,51051,51051.48701538461,0.0,302.0,RH,Sackgasse,60000.0,5384.0,3554.0,2640.0,10260.0,,,0.19125,0.27675,1.5,16605.0,20520.0,12312.0,16416.0,0.5651679831563683,28.0,47.0,261.95744680851067,81.0,16.42836987349835,False,11578.0,1029.51,1029.51,360.02,7.57,79.9,36.96,45.27,3.5,16.08,29.82,10.69,16.44,0.45,36.45,0.06,76.82,399.96,4.93,373.02,12.24,9.76,0.0,74.65,2.08,3.31,0.2,0.18,16.14,24.46,12.7,15.58,0.0,194.88,194.88,0.0
RM30LGSA,RM30LGSA,RH,Massiv,30 kWh,LW Wärmepumpe,gering,Wendehammer,Sackgasse,193481,193480.74684989324,94310.39254285715,1982.2320000000002,20930.4,9682.24,11859.258800000001,915.6,4213.351999999999,7812.257142857144,2801.1899999999996,4305.3606,119.07,9548.84,16.52,20124.072,14336.4,1292.76,7281.8153372,3206.0447999999997,2555.8059600000006,0.0,19555,543.5780000000001,866.4000000000001,53.032000000000004,46.94760000000001,4229.26,6406.96,3326.4000000000005,4082.3999999999996,0.0,65279,65278.95060983608,0.0,302.0,RH,Sackgasse,60000.0,5384.0,3554.0,2640.0,10260.0,,,0.19125,0.27675,1.5,16605.0,20520.0,12312.0,16416.0,0.5651679831563683,28.0,47.0,261.95744680851067,81.0,11.786107873409675,False,11578.0,738.6,738.6,360.02,7.57,79.9,36.96,45.27,3.5,16.08,29.82,10.69,16.44,0.45,36.45,0.06,76.82,54.73,4.93,27.8,12.24,9.76,0.0,74.65,2.08,3.31,0.2,0.18,16.14,24.46,12.7,15.58,0.0,249.2,249.2,0.0
RM30EGSA,RM30EGSA,RH,Massiv,30 kWh,Erdgas,gering,Wendehammer,Sackgasse,246257,246256.84505337552,94310.39254285715,1982.2320000000002,20930.4,9682.24,11859.258800000001,915.6,4213.351999999999,7812.257142857144,2801.1899999999996,4305.3606,119.07,9548.84,16.52,20124.072,15376.1,1292.76,8321.4820705184,3206.0447999999997,2555.8059600000006,0.0,19555,543.5780000000001,866.4000000000001,53.032000000000004,46.94760000000001,4229.26,6406.96,3326.4000000000005,4082.3999999999996,0.0,117015,117015.38207999998,0.0,302.0,RH,Sackgasse,60000.0,5384.0,3554.0,2640.0,10260.0,,,0.19125,0.27675,1.5,16605.0,20520.0,12312.0,16416.0,0.5651679831563683,28.0,47.0,261.95744680851067,81.0,15.001026136292369,False,11578.0,940.06,940.06,360.02,7.57,79.9,36.96,45.27,3.5,16.08,29.82,10.69,16.44,0.45,36.45,0.06,76.82,58.7,4.93,31.77,12.24,9.76,0.0,74.65,2.08,3.31,0.2,0.18,16.14,24.46,12.7,15.58,0.0,446.69,446.7,0.0
RM70NGSA,RM70NGSA,RH,Massiv,70 kWh,Nahwärme kalt,gering,Wendehammer,Sackgasse,316313,316313.23472742457,90360.56594285715,1982.2320000000002,19186.2,9682.24,10453.264200000001,915.6,4213.351999999999,7812.257142857144,2801.1899999999996,4305.3606,119.07,9548.84,16.52,19324.44,107361.0,1292.76,100306.362639952,3206.0447999999997,2555.8059600000006,0.0,19555,543.5780000000001,866.4000000000001,53.032000000000004,46.94760000000001,4229.26,6406.96,3326.4000000000005,4082.3999999999996,0.0,99037,99036.7177846154,0.0,302.0,RH,Sackgasse,60000.0,5384.0,3554.0,2640.0,10260.0,,,0.19125,0.27675,1.5,16605.0,20520.0,12312.0,16416.0,0.5651679831563683,28.0,47.0,261.95744680851067,81.0,19.268593733395743,False,11578.0,1207.5,1207.5,344.94,7.57,73.24,36.96,39.9,3.5,16.08,29.82,10.69,16.44,0.45,36.45,0.06,73.77,409.84,4.93,382.91,12.24,9.76,0.0,74.65,2.08,3.31,0.2,0.18,16.14,24.46,12.7,15.58,0.0,378.07,378.06,0.0
RM70LGSA,RM70LGSA,RH,Massiv,70 kWh,LW Wärmepumpe,gering,Wendehammer,Sackgasse,252339,252338.93167526985,90360.56594285715,1982.2320000000002,19186.2,9682.24,10453.264200000001,915.6,4213.351999999999,7812.257142857144,2801.1899999999996,4305.3606,119.07,9548.84,16.52,19324.44,15786.3,1292.76,8731.6628281504,3206.0447999999997,2555.8059600000006,0.0,19555,543.5780000000001,866.4000000000001,53.032000000000004,46.94760000000001,4229.26,6406.96,3326.4000000000005,4082.3999999999996,0.0,126637,126637.1145442623,0.0,302.0,RH,Sackgasse,60000.0,5384.0,3554.0,2640.0,10260.0,,,0.19125,0.27675,1.5,16605.0,20520.0,12312.0,16416.0,0.5651679831563683,28.0,47.0,261.95744680851067,81.0,15.371523615696262,False,11578.0,963.28,963.28,344.94,7.57,73.24,36.96,39.9,3.5,16.08,29.82,10.69,16.44,0.45,36.45,0.06,73.77,60.26,4.93,33.33,12.24,9.76,0.0,74.65,2.08,3.31,0.2,0.18,16.14,24.46,12.7,15.58,0.0,483.43,483.43,0.0
RM70EGSA,RM70EGSA,RH,Massiv,70 kWh,Erdgas,gering,Wendehammer,Sackgasse,352875,352875.30190772115,90360.56594285715,1982.2320000000002,19186.2,9682.24,10453.264200000001,915.6,4213.351999999999,7812.257142857144,2801.1899999999996,4305.3606,119.07,9548.84,16.52,19324.44,15957.2,1292.76,8902.565524864,3206.0447999999997,2555.8059600000006,0.0,19555,543.5780000000001,866.4000000000001,53.032000000000004,46.94760000000001,4229.26,6406.96,3326.4000000000005,4082.3999999999996,0.0,227003,227002.58208000002,0.0,302.0,RH,Sackgasse,60000.0,5384.0,3554.0,2640.0,10260.0,,,0.19125,0.27675,1.5,16605.0,20520.0,12312.0,16416.0,0.5651679831563683,28.0,47.0,261.95744680851067,81.0,21.495815174690616,False,11578.0,1347.07,1347.07,344.94,7.57,73.24,36.96,39.9,3.5,16.08,29.82,10.69,16.44,0.45,36.45,0.06,73.77,60.92,4.93,33.98,12.24,9.76,0.0,74.65,2.08,3.31,0.2,0.18,16.14,24.46,12.7,15.58,0.0,866.56,866.56,0.0
ZH15NGSA,ZH15NGSA,ZH,Holz,15 kWh,Nahwärme kalt,gering,Wendehammer,Sackgasse,509936,509936.2779629115,178042.70248439562,1664.1118523076925,25777.44,23477.642953846156,14666.15995076923,3283.495384615385,11988.0,15986.345142857144,15088.027569230771,8940.007384615386,602.939076923077,36256.61316923077,1299.6,19012.32,174962.1,246.23999999999998,155676.18763605438,13168.189440000002,5871.449442461539,0.0,81770,280.112,866.4000000000001,27.328,4078.8828553846165,4229.26,6406.96,3326.4000000000005,0.0,62554.929230769245,75161,75161.23687384615,0.0,502.0,Zeile,Sackgasse,60000.0,5384.0,3554.0,2640.0,11664.0,10766.769230769232,8613.415384615386,0.1944,0.5832,3.0,34992.0,39298.7076923077,27993.600000000002,33403.90153846154,0.4074074074074074,16.0,41.0,682.7707317073172,358.8923076923077,15.26576999922499,True,11578.0,746.86,746.86,260.76,2.44,37.75,34.39,21.48,4.81,17.56,23.41,22.1,13.09,0.88,53.1,1.9,27.85,256.25,0.36,228.01,19.29,8.6,0.0,119.76,0.41,1.27,0.04,5.97,6.19,9.38,4.87,0.0,91.62,110.08,110.08,0.0
ZH15LGSA,ZH15LGSA,ZH,Holz,15 kWh,LW Wärmepumpe,gering,Wendehammer,Sackgasse,389145,389144.86475202924,178042.70248439562,1664.1118523076925,25777.44,23477.642953846156,14666.15995076923,3283.495384615385,11988.0,15986.345142857144,15088.027569230771,8940.007384615386,602.939076923077,36256.61316923077,1299.6,19012.32,33224.1,246.23999999999998,13938.200214428067,13168.189440000002,5871.449442461539,0.0,81770,280.112,866.4000000000001,27.328,4078.8828553846165,4229.26,6406.96,3326.4000000000005,0.0,62554.929230769245,96108,96107.81108459017,0.0,502.0,Zeile,Sackgasse,60000.0,5384.0,3554.0,2640.0,11664.0,10766.769230769232,8613.415384615386,0.1944,0.5832,3.0,34992.0,39298.7076923077,27993.600000000002,33403.90153846154,0.4074074074074074,16.0,41.0,682.7707317073172,358.8923076923077,11.649683025917332,True,11578.0,569.95,569.95,260.76,2.44,37.75,34.39,21.48,4.81,17.56,23.41,22.1,13.09,0.88,53.1,1.9,27.85,48.66,0.36,20.41,19.29,8.6,0.0,119.76,0.41,1.27,0.04,5.97,6.19,9.38,4.87,0.0,91.62,140.76,140.76,0.0
ZH15EGSA,ZH15EGSA,ZH,Holz,15 kWh,Erdgas,gering,Wendehammer,Sackgasse,465748,465748.0786750156,178042.70248439562,1664.1118523076925,25777.44,23477.642953846156,14666.15995076923,3283.495384615385,11988.0,15986.345142857144,15088.027569230771,8940.007384615386,602.939076923077,36256.61316923077,1299.6,19012.32,33657.6,246.23999999999998,14371.758598004591,13168.189440000002,5871.449442461539,0.0,81770,280.112,866.4000000000001,27.328,4078.8828553846165,4229.26,6406.96,3326.4000000000005,0.0,62554.929230769245,172277,172277.46662400002,0.0,502.0,Zeile,Sackgasse,60000.0,5384.0,3554.0,2640.0,11664.0,10766.769230769232,8613.415384615386,0.1944,0.5832,3.0,34992.0,39298.7076923077,27993.600000000002,33403.90153846154,0.4074074074074074,16.0,41.0,682.7707317073172,358.8923076923077,13.942924545468117,True,11578.0,682.14,682.14,260.76,2.44,37.75,34.39,21.48,4.81,17.56,23.41,22.1,13.09,0.88,53.1,1.9,27.85,49.3,0.36,21.05,19.29,8.6,0.0,119.76,0.41,1.27,0.04,5.97,6.19,9.38,4.87,0.0,91.62,252.32,252.32,0.0
ZH30NGSA,ZH30NGSA,ZH,Holz,30 kWh,Nahwärme kalt,gering,Wendehammer,Sackgasse,546322,546322.4264314725,170668.15203516485,1664.1118523076925,23794.56,23477.642953846156,11840.56950153846,3283.495384615385,11988.0,15986.345142857144,15088.027569230771,8940.007384615386,602.939076923077,36256.61316923077,1299.6,16446.239999999998,177809.0,246.23999999999998,158523.16347692307,13168.189440000002,5871.449442461539,0.0,81770,280.112,866.4000000000001,27.328,4078.8828553846165,4229.26,6406.96,3326.4000000000005,0.0,62554.929230769245,116075,116074.95995076923,0.0,502.0,Zeile,Sackgasse,60000.0,5384.0,3554.0,2640.0,11664.0,10766.769230769232,8613.415384615386,0.1944,0.5832,3.0,34992.0,39298.7076923077,27993.600000000002,33403.90153846154,0.4074074074074074,16.0,41.0,682.7707317073172,358.8923076923077,16.355048400631652,True,11578.0,800.15,800.16,249.96,2.44,34.85,34.39,17.34,4.81,17.56,23.41,22.1,13.09,0.88,53.1,1.9,24.09,260.42,0.36,232.18,19.29,8.6,0.0,119.76,0.41,1.27,0.04,5.97,6.19,9.38,4.87,0.0,91.62,170.01,170.01,0.0
ZH30LGSA,ZH30LGSA,ZH,Holz,30 kWh,LW Wärmepumpe,gering,Wendehammer,Sackgasse,436105,436105.3099136979,170668.15203516485,1664.1118523076925,23794.56,23477.642953846156,11840.56950153846,3283.495384615385,11988.0,15986.345142857144,15088.027569230771,8940.007384615386,602.939076923077,36256.61316923077,1299.6,16446.239999999998,35243.2,246.23999999999998,15957.287628606176,13168.189440000002,5871.449442461539,0.0,81770,280.112,866.4000000000001,27.328,4078.8828553846165,4229.26,6406.96,3326.4000000000005,0.0,62554.929230769245,148424,148423.7192813115,0.0,502.0,Zeile,Sackgasse,60000.0,5384.0,3554.0,2640.0,11664.0,10766.769230769232,8613.415384615386,0.1944,0.5832,3.0,34992.0,39298.7076923077,27993.600000000002,33403.90153846154,0.4074074074074074,16.0,41.0,682.7707317073172,358.8923076923077,13.055520158672557,True,11578.0,638.73,638.73,249.96,2.44,34.85,34.39,17.34,4.81,17.56,23.41,22.1,13.09,0.88,53.1,1.9,24.09,51.62,0.36,23.37,19.29,8.6,0.0,119.76,0.41,1.27,0.04,5.97,6.19,9.38,4.87,0.0,91.62,217.38,217.38,0.0
ZH30EGSA,ZH30EGSA,ZH,Holz,30 kWh,Erdgas,gering,Wendehammer,Sackgasse,556279,556278.8257505405,170668.15203516485,1664.1118523076925,23794.56,23477.642953846156,11840.56950153846,3283.495384615385,11988.0,15986.345142857144,15088.027569230771,8940.007384615386,602.939076923077,36256.61316923077,1299.6,16446.239999999998,37784.4,246.23999999999998,18498.496122760207,13168.189440000002,5871.449442461539,0.0,81770,280.112,866.4000000000001,27.328,4078.8828553846165,4229.26,6406.96,3326.4000000000005,0.0,62554.929230769245,266056,266056.026624,0.0,502.0,Zeile,Sackgasse,60000.0,5384.0,3554.0,2640.0,11664.0,10766.769230769232,8613.415384615386,0.1944,0.5832,3.0,34992.0,39298.7076923077,27993.600000000002,33403.90153846154,0.4074074074074074,16.0,41.0,682.7707317073172,358.8923076923077,16.65310937137197,True,11578.0,814.74,814.74,249.96,2.44,34.85,34.39,17.34,4.81,17.56,23.41,22.1,13.09,0.88,53.1,1.9,24.09,55.34,0.36,27.09,19.29,8.6,0.0,119.76,0.41,1.27,0.04,5.97,6.19,9.38,4.87,0.0,91.62,389.67,389.67,0.0
ZH70NGSA,ZH70NGSA,ZH,Holz,70 kWh,Nahwärme kalt,gering,Wendehammer,Sackgasse,656678,656677.6720582335,164208.38469978023,1664.1118523076925,21811.68,23477.642953846156,10629.602166153845,3283.495384615385,11988.0,15986.345142857144,15088.027569230771,8940.007384615386,602.939076923077,36256.61316923077,1299.6,13180.319999999998,185520.8,246.23999999999998,166234.91490060708,13168.189440000002,5871.449442461539,0.0,81770,280.112,866.4000000000001,27.328,4078.8828553846165,4229.26,6406.96,3326.4000000000005,0.0,62554.929230769245,225178,225178.2214892308,0.0,502.0,Zeile,Sackgasse,60000.0,5384.0,3554.0,2640.0,11664.0,10766.769230769232,8613.415384615386,0.1944,0.5832,3.0,34992.0,39298.7076923077,27993.600000000002,33403.90153846154,0.4074074074074074,16.0,41.0,682.7707317073172,358.8923076923077,19.65871176162249,True,11578.0,961.78,961.78,240.5,2.44,31.95,34.39,15.57,4.81,17.56,23.41,22.1,13.09,0.88,53.1,1.9,19.3,271.72,0.36,243.47,19.29,8.6,0.0,119.76,0.41,1.27,0.04,5.97,6.19,9.38,4.87,0.0,91.62,329.8,329.8,0.0
ZH70LGSA,ZH70LGSA,ZH,Holz,70 kWh,LW Wärmepumpe,gering,Wendehammer,Sackgasse,574524,574524.1204982253,164208.38469978023,1664.1118523076925,21811.68,23477.642953846156,10629.602166153845,3283.495384615385,11988.0,15986.345142857144,15088.027569230771,8940.007384615386,602.939076923077,36256.61316923077,1299.6,13180.319999999998,40612.7,246.23999999999998,21326.77702392793,13168.189440000002,5871.449442461539,0.0,81770,280.112,866.4000000000001,27.328,4078.8828553846165,4229.26,6406.96,3326.4000000000005,0.0,62554.929230769245,287933,287932.8078059017,0.0,502.0,Zeile,Sackgasse,60000.0,5384.0,3554.0,2640.0,11664.0,10766.769230769232,8613.415384615386,0.1944,0.5832,3.0,34992.0,39298.7076923077,27993.600000000002,33403.90153846154,0.4074074074074074,16.0,41.0,682.7707317073172,358.8923076923077,17.199311877886878,True,11578.0,841.46,841.46,240.5,2.44,31.95,34.39,15.57,4.81,17.56,23.41,22.1,13.09,0.88,53.1,1.9,19.3,59.48,0.36,31.24,19.29,8.6,0.0,119.76,0.41,1.27,0.04,5.97,6.19,9.38,4.87,0.0,91.62,421.71,421.71,0.0
ZH70EGSA,ZH70EGSA,ZH,Holz,70 kWh,Erdgas,gering,Wendehammer,Sackgasse,807149,807149.0562339111,164208.38469978023,1664.1118523076925,21811.68,23477.642953846156,10629.602166153845,3283.495384615385,11988.0,15986.345142857144,15088.027569230771,8940.007384615386,602.939076923077,36256.61316923077,1299.6,13180.319999999998,45038.2,246.23999999999998,25752.33394151542,13168.189440000002,5871.449442461539,0.0,81770,280.112,866.4000000000001,27.328,4078.8828553846165,4229.26,6406.96,3326.4000000000005,0.0,62554.929230769245,516132,516132.18662399997,0.0,502.0,Zeile,Sackgasse,60000.0,5384.0,3554.0,2640.0,11664.0,10766.769230769232,8613.415384615386,0.1944,0.5832,3.0,34992.0,39298.7076923077,27993.600000000002,33403.90153846154,0.4074074074074074,16.0,41.0,682.7707317073172,358.8923076923077,24.163316830058086,True,11578.0,1182.17,1182.17,240.5,2.44,31.95,34.39,15.57,4.81,17.56,23.41,22.1,13.09,0.88,53.1,1.9,19.3,65.96,0.36,37.72,19.29,8.6,0.0,119.76,0.41,1.27,0.04,5.97,6.19,9.38,4.87,0.0,91.62,755.94,755.94,0.0
ZM15NGSA,ZM15NGSA,ZH,Massiv,15 kWh,Nahwärme kalt,gering,Wendehammer,Sackgasse,552784,552783.5818398346,220890.00636131866,1664.1118523076925,25777.44,23477.642953846156,35521.70850461538,3283.495384615385,11988.0,15986.345142857144,24478.444800000005,11793.201230769233,602.939076923077,39822.837415384616,1299.6,25194.24,174962.1,246.23999999999998,155676.18763605438,13168.189440000002,5871.449442461539,0.0,81770,280.112,866.4000000000001,27.328,4078.8828553846165,4229.26,6406.96,3326.4000000000005,0.0,62554.929230769245,75161,75161.23687384615,0.0,502.0,Zeile,Sackgasse,60000.0,5384.0,3554.0,2640.0,11664.0,10766.769230769232,8613.415384615386,0.1944,0.5832,3.0,34992.0,39298.7076923077,27993.600000000002,33403.90153846154,0.4074074074074074,16.0,41.0,682.7707317073172,358.8923076923077,16.54847357286558,True,11578.0,809.62,809.62,323.52,2.44,37.75,34.39,52.03,4.81,17.56,23.41,35.85,17.27,0.88,58.33,1.9,36.9,256.25,0.36,228.01,19.29,8.6,0.0,119.76,0.41,1.27,0.04,5.97,6.19,9.38,4.87,0.0,91.62,110.08,110.08,0.0
ZM15LGSA,ZM15LGSA,ZH,Massiv,15 kWh,LW Wärmepumpe,gering,Wendehammer,Sackgasse,431992,431992.1686289523,220890.00636131866,1664.1118523076925,25777.44,23477.642953846156,35521.70850461538,3283.495384615385,11988.0,15986.345142857144,24478.444800000005,11793.201230769233,602.939076923077,39822.837415384616,1299.6,25194.24,33224.1,246.23999999999998,13938.200214428067,13168.189440000002,5871.449442461539,0.0,81770,280.112,866.4000000000001,27.328,4078.8828553846165,4229.26,6406.96,3326.4000000000005,0.0,62554.929230769245,96108,96107.81108459017,0.0,502.0,Zeile,Sackgasse,60000.0,5384.0,3554.0,2640.0,11664.0,10766.769230769232,8613.415384615386,0.1944,0.5832,3.0,34992.0,39298.7076923077,27993.600000000002,33403.90153846154,0.4074074074074074,16.0,41.0,682.7707317073172,358.8923076923077,12.932386599557923,True,11578.0,632.7,632.7,323.52,2.44,37.75,34.39,52.03,4.81,17.56,23.41,35.85,17.27,0.88,58.33,1.9,36.9,48.66,0.36,20.41,19.29,8.6,0.0,119.76,0.41,1.27,0.04,5.97,6.19,9.38,4.87,0.0,91.62,140.76,140.76,0.0
ZM15EGSA,ZM15EGSA,ZH,Massiv,15 kWh,Erdgas,gering,Wendehammer,Sackgasse,508595,508595.38255193864,220890.00636131866,1664.1118523076925,25777.44,23477.642953846156,35521.70850461538,3283.495384615385,11988.0,15986.345142857144,24478.444800000005,11793.201230769233,602.939076923077,39822.837415384616,1299.6,25194.24,33657.6,246.23999999999998,14371.758598004591,13168.189440000002,5871.449442461539,0.0,81770,280.112,866.4000000000001,27.328,4078.8828553846165,4229.26,6406.96,3326.4000000000005,0.0,62554.929230769245,172277,172277.46662400002,0.0,502.0,Zeile,Sackgasse,60000.0,5384.0,3554.0,2640.0,11664.0,10766.769230769232,8613.415384615386,0.1944,0.5832,3.0,34992.0,39298.7076923077,27993.600000000002,33403.90153846154,0.4074074074074074,16.0,41.0,682.7707317073172,358.8923076923077,15.225628119108709,True,11578.0,744.9,744.9,323.52,2.44,37.75,34.39,52.03,4.81,17.56,23.41,35.85,17.27,0.88,58.33,1.9,36.9,49.3,0.36,21.05,19.29,8.6,0.0,119.76,0.41,1.27,0.04,5.97,6.19,9.38,4.87,0.0,91.62,252.32,252.32,0.0
ZM30NGSA,ZM30NGSA,ZH,Massiv,30 kWh,Nahwärme kalt,gering,Wendehammer,Sackgasse,589628,589627.5468253186,213973.27242901098,1664.1118523076925,23794.56,23477.642953846156,31754.254572307687,3283.495384615385,11988.0,15986.345142857144,24478.444800000005,11793.201230769233,602.939076923077,39822.837415384616,1299.6,24027.84,177809.0,246.23999999999998,158523.16347692307,13168.189440000002,5871.449442461539,0.0,81770,280.112,866.4000000000001,27.328,4078.8828553846165,4229.26,6406.96,3326.4000000000005,0.0,62554.929230769245,116075,116074.95995076923,0.0,502.0,Zeile,Sackgasse,60000.0,5384.0,3554.0,2640.0,11664.0,10766.769230769232,8613.415384615386,0.1944,0.5832,3.0,34992.0,39298.7076923077,27993.600000000002,33403.90153846154,0.4074074074074074,16.0,41.0,682.7707317073172,358.8923076923077,17.651457454645424,True,11578.0,863.58,863.58,313.39,2.44,34.85,34.39,46.51,4.81,17.56,23.41,35.85,17.27,0.88,58.33,1.9,35.19,260.42,0.36,232.18,19.29,8.6,0.0,119.76,0.41,1.27,0.04,5.97,6.19,9.38,4.87,0.0,91.62,170.01,170.01,0.0
ZM30LGSA,ZM30LGSA,ZH,Massiv,30 kWh,LW Wärmepumpe,gering,Wendehammer,Sackgasse,479410,479410.43030754407,213973.27242901098,1664.1118523076925,23794.56,23477.642953846156,31754.254572307687,3283.495384615385,11988.0,15986.345142857144,24478.444800000005,11793.201230769233,602.939076923077,39822.837415384616,1299.6,24027.84,35243.2,246.23999999999998,15957.287628606176,13168.189440000002,5871.449442461539,0.0,81770,280.112,866.4000000000001,27.328,4078.8828553846165,4229.26,6406.96,3326.4000000000005,0.0,62554.929230769245,148424,148423.7192813115,0.0,502.0,Zeile,Sackgasse,60000.0,5384.0,3554.0,2640.0,11664.0,10766.769230769232,8613.415384615386,0.1944,0.5832,3.0,34992.0,39298.7076923077,27993.600000000002,33403.90153846154,0.4074074074074074,16.0,41.0,682.7707317073172,358.8923076923077,14.35192921268633,True,11578.0,702.15,702.15,313.39,2.44,34.85,34.39,46.51,4.81,17.56,23.41,35.85,17.27,0.88,58.33,1.9,35.19,51.62,0.36,23.37,19.29,8.6,0.0,119.76,0.41,1.27,0.04,5.97,6.19,9.38,4.87,0.0,91.62,217.38,217.38,0.0
ZM30EGSA,ZM30EGSA,ZH,Massiv,30 kWh,Erdgas,gering,Wendehammer,Sackgasse,599584,599583.9461443867,213973.27242901098,1664.1118523076925,23794.56,23477.642953846156,31754.254572307687,3283.495384615385,11988.0,15986.345142857144,24478.444800000005,11793.201230769233,602.939076923077,39822.837415384616,1299.6,24027.84,37784.4,246.23999999999998,18498.496122760207,13168.189440000002,5871.449442461539,0.0,81770,280.112,866.4000000000001,27.328,4078.8828553846165,4229.26,6406.96,3326.4000000000005,0.0,62554.929230769245,266056,266056.026624,0.0,502.0,Zeile,Sackgasse,60000.0,5384.0,3554.0,2640.0,11664.0,10766.769230769232,8613.415384615386,0.1944,0.5832,3.0,34992.0,39298.7076923077,27993.600000000002,33403.90153846154,0.4074074074074074,16.0,41.0,682.7707317073172,358.8923076923077,17.94951842538574,True,11578.0,878.16,878.16,313.39,2.44,34.85,34.39,46.51,4.81,17.56,23.41,35.85,17.27,0.88,58.33,1.9,35.19,55.34,0.36,27.09,19.29,8.6,0.0,119.76,0.41,1.27,0.04,5.97,6.19,9.38,4.87,0.0,91.62,389.67,389.67,0.0
ZM70NGSA,ZM70NGSA,ZH,Massiv,70 kWh,Nahwärme kalt,gering,Wendehammer,Sackgasse,698916,698915.5454859259,206446.2581274725,1664.1118523076925,21811.68,23477.642953846156,28659.560270769227,3283.495384615385,11988.0,15986.345142857144,24478.444800000005,11793.201230769233,602.939076923077,39822.837415384616,1299.6,21578.4,185520.8,246.23999999999998,166234.91490060708,13168.189440000002,5871.449442461539,0.0,81770,280.112,866.4000000000001,27.328,4078.8828553846165,4229.26,6406.96,3326.4000000000005,0.0,62554.929230769245,225178,225178.2214892308,0.0,502.0,Zeile,Sackgasse,60000.0,5384.0,3554.0,2640.0,11664.0,10766.769230769232,8613.415384615386,0.1944,0.5832,3.0,34992.0,39298.7076923077,27993.600000000002,33403.90153846154,0.4074074074074074,16.0,41.0,682.7707317073172,358.8923076923077,20.92317104578902,True,11578.0,1023.65,1023.65,302.37,2.44,31.95,34.39,41.98,4.81,17.56,23.41,35.85,17.27,0.88,58.33,1.9,31.6,271.72,0.36,243.47,19.29,8.6,0.0,119.76,0.41,1.27,0.04,5.97,6.19,9.38,4.87,0.0,91.62,329.8,329.8,0.0
ZM70LGSA,ZM70LGSA,ZH,Massiv,70 kWh,LW Wärmepumpe,gering,Wendehammer,Sackgasse,616762,616761.9939259174,206446.2581274725,1664.1118523076925,21811.68,23477.642953846156,28659.560270769227,3283.495384615385,11988.0,15986.345142857144,24478.444800000005,11793.201230769233,602.939076923077,39822.837415384616,1299.6,21578.4,40612.7,246.23999999999998,21326.77702392793,13168.189440000002,5871.449442461539,0.0,81770,280.112,866.4000000000001,27.328,4078.8828553846165,4229.26,6406.96,3326.4000000000005,0.0,62554.929230769245,287933,287932.8078059017,0.0,502.0,Zeile,Sackgasse,60000.0,5384.0,3554.0,2640.0,11664.0,10766.769230769232,8613.415384615386,0.1944,0.5832,3.0,34992.0,39298.7076923077,27993.600000000002,33403.90153846154,0.4074074074074074,16.0,41.0,682.7707317073172,358.8923076923077,18.463771162053405,True,11578.0,903.32,903.32,302.37,2.44,31.95,34.39,41.98,4.81,17.56,23.41,35.85,17.27,0.88,58.33,1.9,31.6,59.48,0.36,31.24,19.29,8.6,0.0,119.76,0.41,1.27,0.04,5.97,6.19,9.38,4.87,0.0,91.62,421.71,421.71,0.0
ZM70EGSA,ZM70EGSA,ZH,Massiv,70 kWh,Erdgas,gering,Wendehammer,Sackgasse,849387,849386.9296616033,206446.2581274725,1664.1118523076925,21811.68,23477.642953846156,28659.560270769227,3283.495384615385,11988.0,15986.345142857144,24478.444800000005,11793.201230769233,602.939076923077,39822.837415384616,1299.6,21578.4,45038.2,246.23999999999998,25752.33394151542,13168.189440000002,5871.449442461539,0.0,81770,280.112,866.4000000000001,27.328,4078.8828553846165,4229.26,6406.96,3326.4000000000005,0.0,62554.929230769245,516132,516132.18662399997,0.0,502.0,Zeile,Sackgasse,60000.0,5384.0,3554.0,2640.0,11664.0,10766.769230769232,8613.415384615386,0.1944,0.5832,3.0,34992.0,39298.7076923077,27993.600000000002,33403.90153846154,0.4074074074074074,16.0,41.0,682.7707317073172,358.8923076923077,25.427776114224617,True,11578.0,1244.03,1244.03,302.37,2.44,31.95,34.39,41.98,4.81,17.56,23.41,35.85,17.27,0.88,58.33,1.9,31.6,65.96,0.36,37.72,19.29,8.6,0.0,119.76,0.41,1.27,0.04,5.97,6.19,9.38,4.87,0.0,91.62,755.94,755.94,0.0
PH15NGSA,PH15NGSA,PH,Holz,15 kWh,Nahwärme kalt,gering,Wendehammer,Sackgasse,342940,342939.80871147825,132313.63033318683,1109.4079015384618,17184.96,15664.401969230768,18182.938633846155,2412.9969230769234,12787.2,10657.56342857143,12048.546461538464,4419.399876923077,200.9796923076923,24190.595446153842,779.76,12674.88,100918.1,396.71999999999997,87828.29314998363,8778.79296,3914.2996283076927,0.0,59601,317.99600000000004,866.4000000000001,31.024,2719.255236923078,4229.26,6406.96,3326.4000000000005,0.0,41703.286153846166,50107,50107.49124923078,0.0,402.0,Punkt,Sackgasse,60000.0,5384.0,3554.0,2640.0,7776.0,7177.846153846155,5742.2769230769245,0.1296,0.3888,3.0,23328.0,26199.138461538463,18662.4,22269.26769230769,0.5185185185185185,24.0,41.0,455.180487804878,239.2615384615385,15.399689538508595,True,11578.0,753.42,753.42,290.68,2.44,37.75,34.41,39.95,5.3,28.09,23.41,26.47,9.71,0.44,53.15,1.71,27.85,221.71,0.87,192.95,19.29,8.6,0.0,130.94,0.7,1.9,0.07,5.97,9.29,14.08,7.31,0.0,91.62,110.08,110.08,0.0
PH15LGSA,PH15LGSA,PH,Holz,15 kWh,LW Wärmepumpe,gering,Wendehammer,Sackgasse,278578,278578.1986431096,132313.63033318683,1109.4079015384618,17184.96,15664.401969230768,18182.938633846155,2412.9969230769234,12787.2,10657.56342857143,12048.546461538464,4419.399876923077,200.9796923076923,24190.595446153842,779.76,12674.88,22592.1,396.71999999999997,9502.300274452373,8778.79296,3914.2996283076927,0.0,59601,317.99600000000004,866.4000000000001,31.024,2719.255236923078,4229.26,6406.96,3326.4000000000005,0.0,41703.286153846166,64072,64071.874056393455,0.0,402.0,Punkt,Sackgasse,60000.0,5384.0,3554.0,2640.0,7776.0,7177.846153846155,5742.2769230769245,0.1296,0.3888,3.0,23328.0,26199.138461538463,18662.4,22269.26769230769,0.5185185185185185,24.0,41.0,455.180487804878,239.2615384615385,12.509535674553717,True,11578.0,612.02,612.02,290.68,2.44,37.75,34.41,39.95,5.3,28.09,23.41,26.47,9.71,0.44,53.15,1.71,27.85,49.63,0.87,20.88,19.29,8.6,0.0,130.94,0.7,1.9,0.07,5.97,9.29,14.08,7.31,0.0,91.62,140.76,140.76,0.0
PH15EGSA,PH15EGSA,PH,Holz,15 kWh,Erdgas,gering,Wendehammer,Sackgasse,330117,330117.13212338014,132313.63033318683,1109.4079015384618,17184.96,15664.401969230768,18182.938633846155,2412.9969230769234,12787.2,10657.56342857143,12048.546461538464,4419.399876923077,200.9796923076923,24190.595446153842,779.76,12674.88,23351.3,396.71999999999997,10261.46339511634,8778.79296,3914.2996283076927,0.0,59601,317.99600000000004,866.4000000000001,31.024,2719.255236923078,4229.26,6406.96,3326.4000000000005,0.0,41703.286153846166,114852,114851.64441600001,0.0,402.0,Punkt,Sackgasse,60000.0,5384.0,3554.0,2640.0,7776.0,7177.846153846155,5742.2769230769245,0.1296,0.3888,3.0,23328.0,26199.138461538463,18662.4,22269.26769230769,0.5185185185185185,24.0,41.0,455.180487804878,239.2615384615385,14.823888090285521,True,11578.0,725.24,725.24,290.68,2.44,37.75,34.41,39.95,5.3,28.09,23.41,26.47,9.71,0.44,53.15,1.71,27.85,51.3,0.87,22.54,19.29,8.6,0.0,130.94,0.7,1.9,0.07,5.97,9.29,14.08,7.31,0.0,91.62,252.32,252.32,0.0
PH30NGSA,PH30NGSA,PH,Holz,30 kWh,Nahwärme kalt,gering,Wendehammer,Sackgasse,364977,364976.598221348,125777.85536703297,1109.4079015384618,15863.04,15664.401969230768,14679.803667692307,2412.9969230769234,12787.2,10657.56342857143,12048.546461538464,4419.399876923077,200.9796923076923,24190.595446153842,779.76,10964.16,102214.9,396.71999999999997,89125.0422413919,8778.79296,3914.2996283076927,0.0,59601,317.99600000000004,866.4000000000001,31.024,2719.255236923078,4229.26,6406.96,3326.4000000000005,0.0,41703.286153846166,77383,77383.30663384616,0.0,402.0,Punkt,Sackgasse,60000.0,5384.0,3554.0,2640.0,7776.0,7177.846153846155,5742.2769230769245,0.1296,0.3888,3.0,23328.0,26199.138461538463,18662.4,22269.26769230769,0.5185185185185185,24.0,41.0,455.180487804878,239.2615384615385,16.389250121027516,True,11578.0,801.83,801.83,276.33,2.44,34.85,34.41,32.25,5.3,28.09,23.41,26.47,9.71,0.44,53.15,1.71,24.09,224.56,0.87,195.8,19.29,8.6,0.0,130.94,0.7,1.9,0.07,5.97,9.29,14.08,7.31,0.0,91.62,170.01,170.01,0.0
PH30LGSA,PH30LGSA,PH,Holz,30 kWh,LW Wärmepumpe,gering,Wendehammer,Sackgasse,307637,307636.9731805541,125777.85536703297,1109.4079015384618,15863.04,15664.401969230768,14679.803667692307,2412.9969230769234,12787.2,10657.56342857143,12048.546461538464,4419.399876923077,200.9796923076923,24190.595446153842,779.76,10964.16,23309.4,396.71999999999997,10219.577646903197,8778.79296,3914.2996283076927,0.0,59601,317.99600000000004,866.4000000000001,31.024,2719.255236923078,4229.26,6406.96,3326.4000000000005,0.0,41703.286153846166,98949,98949.146187541,0.0,402.0,Punkt,Sackgasse,60000.0,5384.0,3554.0,2640.0,7776.0,7177.846153846155,5742.2769230769245,0.1296,0.3888,3.0,23328.0,26199.138461538463,18662.4,22269.26769230769,0.5185185185185185,24.0,41.0,455.180487804878,239.2615384615385,13.814418032561479,True,11578.0,675.86,675.86,276.33,2.44,34.85,34.41,32.25,5.3,28.09,23.41,26.47,9.71,0.44,53.15,1.71,24.09,51.21,0.87,22.45,19.29,8.6,0.0,130.94,0.7,1.9,0.07,5.97,9.29,14.08,7.31,0.0,91.62,217.38,217.38,0.0
PH30EGSA,PH30EGSA,PH,Holz,30 kWh,Erdgas,gering,Wendehammer,Sackgasse,386458,386458.10741986614,125777.85536703297,1109.4079015384618,15863.04,15664.401969230768,14679.803667692307,2412.9969230769234,12787.2,10657.56342857143,12048.546461538464,4419.399876923077,200.9796923076923,24190.595446153842,779.76,10964.16,23709.0,396.71999999999997,10619.173657756246,8778.79296,3914.2996283076927,0.0,59601,317.99600000000004,866.4000000000001,31.024,2719.255236923078,4229.26,6406.96,3326.4000000000005,0.0,41703.286153846166,177371,177370.684416,0.0,402.0,Punkt,Sackgasse,60000.0,5384.0,3554.0,2640.0,7776.0,7177.846153846155,5742.2769230769245,0.1296,0.3888,3.0,23328.0,26199.138461538463,18662.4,22269.26769230769,0.5185185185185185,24.0,41.0,455.180487804878,239.2615384615385,17.353875877712742,True,11578.0,849.02,849.02,276.33,2.44,34.85,34.41,32.25,5.3,28.09,23.41,26.47,9.71,0.44,53.15,1.71,24.09,52.09,0.87,23.33,19.29,8.6,0.0,130.94,0.7,1.9,0.07,5.97,9.29,14.08,7.31,0.0,91.62,389.67,389.67,0.0
PH70NGSA,PH70NGSA,PH,Holz,70 kWh,Nahwärme kalt,gering,Wendehammer,Sackgasse,437396,437396.39933362894,120777.3118101099,1109.4079015384618,14541.12,15664.401969230768,13178.46011076923,2412.9969230769234,12787.2,10657.56342857143,12048.546461538464,4419.399876923077,200.9796923076923,24190.595446153842,779.76,8786.88,106899.7,396.71999999999997,93809.87921828822,8778.79296,3914.2996283076927,0.0,59601,317.99600000000004,866.4000000000001,31.024,2719.255236923078,4229.26,6406.96,3326.4000000000005,0.0,41703.286153846166,150119,150118.81432615386,0.0,402.0,Punkt,Sackgasse,60000.0,5384.0,3554.0,2640.0,7776.0,7177.846153846155,5742.2769230769245,0.1296,0.3888,3.0,23328.0,26199.138461538463,18662.4,22269.26769230769,0.5185185185185185,24.0,41.0,455.180487804878,239.2615384615385,19.64125652343366,True,11578.0,960.93,960.93,265.34,2.44,31.95,34.41,28.95,5.3,28.09,23.41,26.47,9.71,0.44,53.15,1.71,19.3,234.85,0.87,206.09,19.29,8.6,0.0,130.94,0.7,1.9,0.07,5.97,9.29,14.08,7.31,0.0,91.62,329.8,329.8,0.0
PH70LGSA,PH70LGSA,PH,Holz,70 kWh,LW Wärmepumpe,gering,Wendehammer,Sackgasse,399053,399052.9128660122,120777.3118101099,1109.4079015384618,14541.12,15664.401969230768,13178.46011076923,2412.9969230769234,12787.2,10657.56342857143,12048.546461538464,4419.399876923077,200.9796923076923,24190.595446153842,779.76,8786.88,26719.8,396.71999999999997,13630.001872890905,8778.79296,3914.2996283076927,0.0,59601,317.99600000000004,866.4000000000001,31.024,2719.255236923078,4229.26,6406.96,3326.4000000000005,0.0,41703.286153846166,191955,191955.20520393446,0.0,402.0,Punkt,Sackgasse,60000.0,5384.0,3554.0,2640.0,7776.0,7177.846153846155,5742.2769230769245,0.1296,0.3888,3.0,23328.0,26199.138461538463,18662.4,22269.26769230769,0.5185185185185185,24.0,41.0,455.180487804878,239.2615384615385,17.919444787304528,True,11578.0,876.69,876.69,265.34,2.44,31.95,34.41,28.95,5.3,28.09,23.41,26.47,9.71,0.44,53.15,1.71,19.3,58.7,0.87,29.94,19.29,8.6,0.0,130.94,0.7,1.9,0.07,5.97,9.29,14.08,7.31,0.0,91.62,421.71,421.71,0.0
PH70EGSA,PH70EGSA,PH,Holz,70 kWh,Erdgas,gering,Wendehammer,Sackgasse,553955,553955.291782955,120777.3118101099,1109.4079015384618,14541.12,15664.401969230768,13178.46011076923,2412.9969230769234,12787.2,10657.56342857143,12048.546461538464,4419.399876923077,200.9796923076923,24190.595446153842,779.76,8786.88,29489.3,396.71999999999997,16399.461577768194,8778.79296,3914.2996283076927,0.0,59601,317.99600000000004,866.4000000000001,31.024,2719.255236923078,4229.26,6406.96,3326.4000000000005,0.0,41703.286153846166,344088,344088.12441600004,0.0,402.0,Punkt,Sackgasse,60000.0,5384.0,3554.0,2640.0,7776.0,7177.846153846155,5742.2769230769245,0.1296,0.3888,3.0,23328.0,26199.138461538463,18662.4,22269.26769230769,0.5185185185185185,24.0,41.0,455.180487804878,239.2615384615385,24.875325917174358,True,11578.0,1217.0,1217.0,265.34,2.44,31.95,34.41,28.95,5.3,28.09,23.41,26.47,9.71,0.44,53.15,1.71,19.3,64.79,0.87,36.03,19.29,8.6,0.0,130.94,0.7,1.9,0.07,5.97,9.29,14.08,7.31,0.0,91.62,755.94,755.94,0.0
PM15NGSA,PM15NGSA,PH,Massiv,15 kWh,Nahwärme kalt,gering,Wendehammer,Sackgasse,384178,384178.35221917054,173552.17384087914,1109.4079015384618,17184.96,15664.401969230768,44039.41100307692,2412.9969230769234,12787.2,10657.56342857143,19519.488000000005,5829.846646153846,200.9796923076923,26569.998276923074,779.76,16796.16,100918.1,396.71999999999997,87828.29314998363,8778.79296,3914.2996283076927,0.0,59601,317.99600000000004,866.4000000000001,31.024,2719.255236923078,4229.26,6406.96,3326.4000000000005,0.0,41703.286153846166,50107,50107.49124923078,0.0,402.0,Punkt,Sackgasse,60000.0,5384.0,3554.0,2640.0,7776.0,7177.846153846155,5742.2769230769245,0.1296,0.3888,3.0,23328.0,26199.138461538463,18662.4,22269.26769230769,0.5185185185185185,24.0,41.0,455.180487804878,239.2615384615385,17.251503620474885,True,11578.0,844.01,844.01,381.28,2.44,37.75,34.41,96.75,5.3,28.09,23.41,42.88,12.81,0.44,58.37,1.71,36.9,221.71,0.87,192.95,19.29,8.6,0.0,130.94,0.7,1.9,0.07,5.97,9.29,14.08,7.31,0.0,91.62,110.08,110.08,0.0
PM15LGSA,PM15LGSA,PH,Massiv,15 kWh,LW Wärmepumpe,gering,Wendehammer,Sackgasse,319817,319816.74215080193,173552.17384087914,1109.4079015384618,17184.96,15664.401969230768,44039.41100307692,2412.9969230769234,12787.2,10657.56342857143,19519.488000000005,5829.846646153846,200.9796923076923,26569.998276923074,779.76,16796.16,22592.1,396.71999999999997,9502.300274452373,8778.79296,3914.2996283076927,0.0,59601,317.99600000000004,866.4000000000001,31.024,2719.255236923078,4229.26,6406.96,3326.4000000000005,0.0,41703.286153846166,64072,64071.874056393455,0.0,402.0,Punkt,Sackgasse,60000.0,5384.0,3554.0,2640.0,7776.0,7177.846153846155,5742.2769230769245,0.1296,0.3888,3.0,23328.0,26199.138461538463,18662.4,22269.26769230769,0.5185185185185185,24.0,41.0,455.180487804878,239.2615384615385,14.361349756520006,True,11578.0,702.62,702.62,381.28,2.44,37.75,34.41,96.75,5.3,28.09,23.41,42.88,12.81,0.44,58.37,1.71,36.9,49.63,0.87,20.88,19.29,8.6,0.0,130.94,0.7,1.9,0.07,5.97,9.29,14.08,7.31,0.0,91.62,140.76,140.76,0.0
PM15EGSA,PM15EGSA,PH,Massiv,15 kWh,Erdgas,gering,Wendehammer,Sackgasse,371356,371355.67563107243,173552.17384087914,1109.4079015384618,17184.96,15664.401969230768,44039.41100307692,2412.9969230769234,12787.2,10657.56342857143,19519.488000000005,5829.846646153846,200.9796923076923,26569.998276923074,779.76,16796.16,23351.3,396.71999999999997,10261.46339511634,8778.79296,3914.2996283076927,0.0,59601,317.99600000000004,866.4000000000001,31.024,2719.255236923078,4229.26,6406.96,3326.4000000000005,0.0,41703.286153846166,114852,114851.64441600001,0.0,402.0,Punkt,Sackgasse,60000.0,5384.0,3554.0,2640.0,7776.0,7177.846153846155,5742.2769230769245,0.1296,0.3888,3.0,23328.0,26199.138461538463,18662.4,22269.26769230769,0.5185185185185185,24.0,41.0,455.180487804878,239.2615384615385,16.67570217225181,True,11578.0,815.84,815.84,381.28,2.44,37.75,34.41,96.75,5.3,28.09,23.41,42.88,12.81,0.44,58.37,1.71,36.9,51.3,0.87,22.54,19.29,8.6,0.0,130.94,0.7,1.9,0.07,5.97,9.29,14.08,7.31,0.0,91.62,252.32,252.32,0.0
PM30NGSA,PM30NGSA,PH,Massiv,30 kWh,Nahwärme kalt,gering,Wendehammer,Sackgasse,405981,405980.5500736557,166781.8072193407,1109.4079015384618,15863.04,15664.401969230768,39368.56438153846,2412.9969230769234,12787.2,10657.56342857143,19519.488000000005,5829.846646153846,200.9796923076923,26569.998276923074,779.76,16018.560000000001,102214.9,396.71999999999997,89125.0422413919,8778.79296,3914.2996283076927,0.0,59601,317.99600000000004,866.4000000000001,31.024,2719.255236923078,4229.26,6406.96,3326.4000000000005,0.0,41703.286153846166,77383,77383.30663384616,0.0,402.0,Punkt,Sackgasse,60000.0,5384.0,3554.0,2640.0,7776.0,7177.846153846155,5742.2769230769245,0.1296,0.3888,3.0,23328.0,26199.138461538463,18662.4,22269.26769230769,0.5185185185185185,24.0,41.0,455.180487804878,239.2615384615385,18.23052988014916,True,11578.0,891.91,891.91,366.41,2.44,34.85,34.41,86.49,5.3,28.09,23.41,42.88,12.81,0.44,58.37,1.71,35.19,224.56,0.87,195.8,19.29,8.6,0.0,130.94,0.7,1.9,0.07,5.97,9.29,14.08,7.31,0.0,91.62,170.01,170.01,0.0
PM30LGSA,PM30LGSA,PH,Massiv,30 kWh,LW Wärmepumpe,gering,Wendehammer,Sackgasse,348641,348640.9250328618,166781.8072193407,1109.4079015384618,15863.04,15664.401969230768,39368.56438153846,2412.9969230769234,12787.2,10657.56342857143,19519.488000000005,5829.846646153846,200.9796923076923,26569.998276923074,779.76,16018.560000000001,23309.4,396.71999999999997,10219.577646903197,8778.79296,3914.2996283076927,0.0,59601,317.99600000000004,866.4000000000001,31.024,2719.255236923078,4229.26,6406.96,3326.4000000000005,0.0,41703.286153846166,98949,98949.146187541,0.0,402.0,Punkt,Sackgasse,60000.0,5384.0,3554.0,2640.0,7776.0,7177.846153846155,5742.2769230769245,0.1296,0.3888,3.0,23328.0,26199.138461538463,18662.4,22269.26769230769,0.5185185185185185,24.0,41.0,455.180487804878,239.2615384615385,15.655697791683123,True,11578.0,765.94,765.94,366.41,2.44,34.85,34.41,86.49,5.3,28.09,23.41,42.88,12.81,0.44,58.37,1.71,35.19,51.21,0.87,22.45,19.29,8.6,0.0,130.94,0.7,1.9,0.07,5.97,9.29,14.08,7.31,0.0,91.62,217.38,217.38,0.0
PM30EGSA,PM30EGSA,PH,Massiv,30 kWh,Erdgas,gering,Wendehammer,Sackgasse,427462,427462.0592721739,166781.8072193407,1109.4079015384618,15863.04,15664.401969230768,39368.56438153846,2412.9969230769234,12787.2,10657.56342857143,19519.488000000005,5829.846646153846,200.9796923076923,26569.998276923074,779.76,16018.560000000001,23709.0,396.71999999999997,10619.173657756246,8778.79296,3914.2996283076927,0.0,59601,317.99600000000004,866.4000000000001,31.024,2719.255236923078,4229.26,6406.96,3326.4000000000005,0.0,41703.286153846166,177371,177370.684416,0.0,402.0,Punkt,Sackgasse,60000.0,5384.0,3554.0,2640.0,7776.0,7177.846153846155,5742.2769230769245,0.1296,0.3888,3.0,23328.0,26199.138461538463,18662.4,22269.26769230769,0.5185185185185185,24.0,41.0,455.180487804878,239.2615384615385,19.195155636834386,True,11578.0,939.1,939.1,366.41,2.44,34.85,34.41,86.49,5.3,28.09,23.41,42.88,12.81,0.44,58.37,1.71,35.19,52.09,0.87,23.33,19.29,8.6,0.0,130.94,0.7,1.9,0.07,5.97,9.29,14.08,7.31,0.0,91.62,389.67,389.67,0.0
PM70NGSA,PM70NGSA,PH,Massiv,70 kWh,Nahwärme kalt,gering,Wendehammer,Sackgasse,476609,476609.2478751674,159990.16035164837,1109.4079015384618,14541.12,15664.401969230768,35531.797513846155,2412.9969230769234,12787.2,10657.56342857143,19519.488000000005,5829.846646153846,200.9796923076923,26569.998276923074,779.76,14385.6,106899.7,396.71999999999997,93809.87921828822,8778.79296,3914.2996283076927,0.0,59601,317.99600000000004,866.4000000000001,31.024,2719.255236923078,4229.26,6406.96,3326.4000000000005,0.0,41703.286153846166,150119,150118.81432615386,0.0,402.0,Punkt,Sackgasse,60000.0,5384.0,3554.0,2640.0,7776.0,7177.846153846155,5742.2769230769245,0.1296,0.3888,3.0,23328.0,26199.138461538463,18662.4,22269.26769230769,0.5185185185185185,24.0,41.0,455.180487804878,239.2615384615385,21.402106906272405,True,11578.0,1047.08,1047.08,351.49,2.44,31.95,34.41,78.06,5.3,28.09,23.41,42.88,12.81,0.44,58.37,1.71,31.6,234.85,0.87,206.09,19.29,8.6,0.0,130.94,0.7,1.9,0.07,5.97,9.29,14.08,7.31,0.0,91.62,329.8,329.8,0.0
PM70LGSA,PM70LGSA,PH,Massiv,70 kWh,LW Wärmepumpe,gering,Wendehammer,Sackgasse,438266,438265.76140755066,159990.16035164837,1109.4079015384618,14541.12,15664.401969230768,35531.797513846155,2412.9969230769234,12787.2,10657.56342857143,19519.488000000005,5829.846646153846,200.9796923076923,26569.998276923074,779.76,14385.6,26719.8,396.71999999999997,13630.001872890905,8778.79296,3914.2996283076927,0.0,59601,317.99600000000004,866.4000000000001,31.024,2719.255236923078,4229.26,6406.96,3326.4000000000005,0.0,41703.286153846166,191955,191955.20520393446,0.0,402.0,Punkt,Sackgasse,60000.0,5384.0,3554.0,2640.0,7776.0,7177.846153846155,5742.2769230769245,0.1296,0.3888,3.0,23328.0,26199.138461538463,18662.4,22269.26769230769,0.5185185185185185,24.0,41.0,455.180487804878,239.2615384615385,19.68029517014327,True,11578.0,962.84,962.84,351.49,2.44,31.95,34.41,78.06,5.3,28.09,23.41,42.88,12.81,0.44,58.37,1.71,31.6,58.7,0.87,29.94,19.29,8.6,0.0,130.94,0.7,1.9,0.07,5.97,9.29,14.08,7.31,0.0,91.62,421.71,421.71,0.0
PM70EGSA,PM70EGSA,PH,Massiv,70 kWh,Erdgas,gering,Wendehammer,Sackgasse,593168,593168.1403244935,159990.16035164837,1109.4079015384618,14541.12,15664.401969230768,35531.797513846155,2412.9969230769234,12787.2,10657.56342857143,19519.488000000005,5829.846646153846,200.9796923076923,26569.998276923074,779.76,14385.6,29489.3,396.71999999999997,16399.461577768194,8778.79296,3914.2996283076927,0.0,59601,317.99600000000004,866.4000000000001,31.024,2719.255236923078,4229.26,6406.96,3326.4000000000005,0.0,41703.286153846166,344088,344088.12441600004,0.0,402.0,Punkt,Sackgasse,60000.0,5384.0,3554.0,2640.0,7776.0,7177.846153846155,5742.2769230769245,0.1296,0.3888,3.0,23328.0,26199.138461538463,18662.4,22269.26769230769,0.5185185185185185,24.0,41.0,455.180487804878,239.2615384615385,26.6361763000131,True,11578.0,1303.15,1303.15,351.49,2.44,31.95,34.41,78.06,5.3,28.09,23.41,42.88,12.81,0.44,58.37,1.71,31.6,64.79,0.87,36.03,19.29,8.6,0.0,130.94,0.7,1.9,0.07,5.97,9.29,14.08,7.31,0.0,91.62,755.94,755.94,0.0
BH15NGSA,BH15NGSA,BW,Holz,15 kWh,Nahwärme kalt,gering,Wendehammer,Sackgasse,793743,793743.0755226457,268794.43826813187,2927.604184615385,34011.9,41434.57630769231,21284.440061538466,5471.63076923077,6930.1,28124.125714285714,11670.276923076923,25817.316923076924,662.9538461538461,63987.57353846154,1386.24,25085.699999999997,260392.9,119.7,223508.72845759062,23166.259200000004,10329.401796923077,3268.8,132328,248.25500000000002,866.4000000000001,24.22,7175.812430769231,4229.26,6406.96,3326.4000000000005,0.0,110050.33846153847,132228,132228.10190769235,0.0,602.0,BW,Sackgasse,60000.0,5384.0,3554.0,2640.0,15390.0,18941.53846153846,15153.23076923077,0.2565,1.026,4.0,61560.0,69136.61538461539,49248.0,58766.123076923075,0.32893653887805935,10.0,41.0,1201.1707317073174,631.3846153846154,13.506813687260943,True,11578.0,660.81,660.81,223.78,2.44,28.32,34.5,17.72,4.56,5.77,23.41,9.72,21.49,0.55,53.27,1.15,20.88,216.78,0.1,186.08,19.29,8.6,2.72,110.17,0.21,0.72,0.02,5.97,3.52,5.33,2.77,0.0,91.62,110.08,110.08,0.0
BH15LGSA,BH15LGSA,BW,Holz,15 kWh,LW Wärmepumpe,gering,Wendehammer,Sackgasse,632668,632668.0678832147,268794.43826813187,2927.604184615385,34011.9,41434.57630769231,21284.440061538466,5471.63076923077,6930.1,28124.125714285714,11670.276923076923,25817.316923076924,662.9538461538461,63987.57353846154,1386.24,25085.699999999997,62467.4,119.7,25583.266188147118,23166.259200000004,10329.401796923077,3268.8,132328,248.25500000000002,866.4000000000001,24.22,7175.812430769231,4229.26,6406.96,3326.4000000000005,0.0,110050.33846153847,169079,169078.55653770495,0.0,602.0,BW,Sackgasse,60000.0,5384.0,3554.0,2640.0,15390.0,18941.53846153846,15153.23076923077,0.2565,1.026,4.0,61560.0,69136.61538461539,49248.0,58766.123076923075,0.32893653887805935,10.0,41.0,1201.1707317073174,631.3846153846154,10.765863643158344,True,11578.0,526.71,526.71,223.78,2.44,28.32,34.5,17.72,4.56,5.77,23.41,9.72,21.49,0.55,53.27,1.15,20.88,52.01,0.1,21.3,19.29,8.6,2.72,110.17,0.21,0.72,0.02,5.97,3.52,5.33,2.77,0.0,91.62,140.76,140.76,0.0
BH15EGSA,BH15EGSA,BW,Holz,15 kWh,Erdgas,gering,Wendehammer,Sackgasse,775631,775630.5566767943,268794.43826813187,2927.604184615385,34011.9,41434.57630769231,21284.440061538466,5471.63076923077,6930.1,28124.125714285714,11670.276923076923,25817.316923076924,662.9538461538461,63987.57353846154,1386.24,25085.699999999997,71427.7,119.7,34543.583199431756,23166.259200000004,10329.401796923077,3268.8,132328,248.25500000000002,866.4000000000001,24.22,7175.812430769231,4229.26,6406.96,3326.4000000000005,0.0,110050.33846153847,303081,303080.72831999994,0.0,602.0,BW,Sackgasse,60000.0,5384.0,3554.0,2640.0,15390.0,18941.53846153846,15153.23076923077,0.2565,1.026,4.0,61560.0,69136.61538461539,49248.0,58766.123076923075,0.32893653887805935,10.0,41.0,1201.1707317073174,631.3846153846154,13.198600078850147,True,11578.0,645.73,645.73,223.78,2.44,28.32,34.5,17.72,4.56,5.77,23.41,9.72,21.49,0.55,53.27,1.15,20.88,59.47,0.1,28.76,19.29,8.6,2.72,110.17,0.21,0.72,0.02,5.97,3.52,5.33,2.77,0.0,91.62,252.32,252.32,0.0
BH30NGSA,BH30NGSA,BW,Holz,30 kWh,Nahwärme kalt,gering,Wendehammer,Sackgasse,859942,859942.0702392131,258691.66632967032,2927.604184615385,31395.600000000002,41434.57630769231,17183.768123076923,5471.63076923077,6930.1,28124.125714285714,11670.276923076923,25817.316923076924,662.9538461538461,63987.57353846154,1386.24,21699.899999999998,264716.8,119.7,227832.64895877356,23166.259200000004,10329.401796923077,3268.8,132328,248.25500000000002,866.4000000000001,24.22,7175.812430769231,4229.26,6406.96,3326.4000000000005,0.0,110050.33846153847,204206,204205.94806153845,0.0,602.0,BW,Sackgasse,60000.0,5384.0,3554.0,2640.0,15390.0,18941.53846153846,15153.23076923077,0.2565,1.026,4.0,61560.0,69136.61538461539,49248.0,58766.123076923075,0.32893653887805935,10.0,41.0,1201.1707317073174,631.3846153846154,14.63329594013842,True,11578.0,715.92,715.92,215.37,2.44,26.14,34.5,14.31,4.56,5.77,23.41,9.72,21.49,0.55,53.27,1.15,18.07,220.38,0.1,189.68,19.29,8.6,2.72,110.17,0.21,0.72,0.02,5.97,3.52,5.33,2.77,0.0,91.62,170.01,170.01,0.0
BH30LGSA,BH30LGSA,BW,Holz,30 kWh,LW Wärmepumpe,gering,Wendehammer,Sackgasse,717418,717417.539379607,258691.66632967032,2927.604184615385,31395.600000000002,41434.57630769231,17183.768123076923,5471.63076923077,6930.1,28124.125714285714,11670.276923076923,25817.316923076924,662.9538461538461,63987.57353846154,1386.24,21699.899999999998,65282.4,119.7,28398.263721361498,23166.259200000004,10329.401796923077,3268.8,132328,248.25500000000002,866.4000000000001,24.22,7175.812430769231,4229.26,6406.96,3326.4000000000005,0.0,110050.33846153847,261116,261115.8024393443,0.0,602.0,BW,Sackgasse,60000.0,5384.0,3554.0,2640.0,15390.0,18941.53846153846,15153.23076923077,0.2565,1.026,4.0,61560.0,69136.61538461539,49248.0,58766.123076923075,0.32893653887805935,10.0,41.0,1201.1707317073174,631.3846153846154,12.208012062332733,True,11578.0,597.27,597.27,215.37,2.44,26.14,34.5,14.31,4.56,5.77,23.41,9.72,21.49,0.55,53.27,1.15,18.07,54.35,0.1,23.64,19.29,8.6,2.72,110.17,0.21,0.72,0.02,5.97,3.52,5.33,2.77,0.0,91.62,217.38,217.38,0.0
BH30EGSA,BH30EGSA,BW,Holz,30 kWh,Erdgas,gering,Wendehammer,Sackgasse,932356,932355.7503632382,258691.66632967032,2927.604184615385,31395.600000000002,41434.57630769231,17183.768123076923,5471.63076923077,6930.1,28124.125714285714,11670.276923076923,25817.316923076924,662.9538461538461,63987.57353846154,1386.24,21699.899999999998,73274.9,119.7,36390.74882433706,23166.259200000004,10329.401796923077,3268.8,132328,248.25500000000002,866.4000000000001,24.22,7175.812430769231,4229.26,6406.96,3326.4000000000005,0.0,110050.33846153847,468062,468061.52831999987,0.0,602.0,BW,Sackgasse,60000.0,5384.0,3554.0,2640.0,15390.0,18941.53846153846,15153.23076923077,0.2565,1.026,4.0,61560.0,69136.61538461539,49248.0,58766.123076923075,0.32893653887805935,10.0,41.0,1201.1707317073174,631.3846153846154,15.865531049969258,True,11578.0,776.21,776.21,215.37,2.44,26.14,34.5,14.31,4.56,5.77,23.41,9.72,21.49,0.55,53.27,1.15,18.07,61.0,0.1,30.3,19.29,8.6,2.72,110.17,0.21,0.72,0.02,5.97,3.52,5.33,2.77,0.0,91.62,389.67,389.67,0.0
BH70NGSA,BH70NGSA,BW,Holz,70 kWh,Nahwärme kalt,gering,Wendehammer,Sackgasse,1054733,1054733.00625707,250008.7354989011,2927.604184615385,28779.300000000003,41434.57630769231,15426.337292307695,5471.63076923077,6930.1,28124.125714285714,11670.276923076923,25817.316923076924,662.9538461538461,63987.57353846154,1386.24,17390.699999999997,276249.8,119.7,239365.59273047652,23166.259200000004,10329.401796923077,3268.8,132328,248.25500000000002,866.4000000000001,24.22,7175.812430769231,4229.26,6406.96,3326.4000000000005,0.0,110050.33846153847,396147,396146.8711384616,0.0,602.0,BW,Sackgasse,60000.0,5384.0,3554.0,2640.0,15390.0,18941.53846153846,15153.23076923077,0.2565,1.026,4.0,61560.0,69136.61538461539,49248.0,58766.123076923075,0.32893653887805935,10.0,41.0,1201.1707317073174,631.3846153846154,17.947976674868553,True,11578.0,878.09,878.09,208.14,2.44,23.96,34.5,12.84,4.56,5.77,23.41,9.72,21.49,0.55,53.27,1.15,14.48,229.98,0.1,199.28,19.29,8.6,2.72,110.17,0.21,0.72,0.02,5.97,3.52,5.33,2.77,0.0,91.62,329.8,329.8,0.0
BH70LGSA,BH70LGSA,BW,Holz,70 kWh,LW Wärmepumpe,gering,Wendehammer,Sackgasse,961667,961667.0132754485,250008.7354989011,2927.604184615385,28779.300000000003,41434.57630769231,15426.337292307695,5471.63076923077,6930.1,28124.125714285714,11670.276923076923,25817.316923076924,662.9538461538461,63987.57353846154,1386.24,17390.699999999997,72782.2,119.7,35898.012710267365,23166.259200000004,10329.401796923077,3268.8,132328,248.25500000000002,866.4000000000001,24.22,7175.812430769231,4229.26,6406.96,3326.4000000000005,0.0,110050.33846153847,506548,506548.4581770492,0.0,602.0,BW,Sackgasse,60000.0,5384.0,3554.0,2640.0,15390.0,18941.53846153846,15153.23076923077,0.2565,1.026,4.0,61560.0,69136.61538461539,49248.0,58766.123076923075,0.32893653887805935,10.0,41.0,1201.1707317073174,631.3846153846154,16.364309280989243,True,11578.0,800.61,800.61,208.14,2.44,23.96,34.5,12.84,4.56,5.77,23.41,9.72,21.49,0.55,53.27,1.15,14.48,60.59,0.1,29.89,19.29,8.6,2.72,110.17,0.21,0.72,0.02,5.97,3.52,5.33,2.77,0.0,91.62,421.71,421.71,0.0
BH70EGSA,BH70EGSA,BW,Holz,70 kWh,Erdgas,gering,Wendehammer,Sackgasse,1368583,1368582.5578395252,250008.7354989011,2927.604184615385,28779.300000000003,41434.57630769231,15426.337292307695,5471.63076923077,6930.1,28124.125714285714,11670.276923076923,25817.316923076924,662.9538461538461,63987.57353846154,1386.24,17390.699999999997,78235.8,119.7,41351.68713139316,23166.259200000004,10329.401796923077,3268.8,132328,248.25500000000002,866.4000000000001,24.22,7175.812430769231,4229.26,6406.96,3326.4000000000005,0.0,110050.33846153847,908010,908010.3283200001,0.0,602.0,BW,Sackgasse,60000.0,5384.0,3554.0,2640.0,15390.0,18941.53846153846,15153.23076923077,0.2565,1.026,4.0,61560.0,69136.61538461539,49248.0,58766.123076923075,0.32893653887805935,10.0,41.0,1201.1707317073174,631.3846153846154,23.288631037444688,True,11578.0,1139.37,1139.37,208.14,2.44,23.96,34.5,12.84,4.56,5.77,23.41,9.72,21.49,0.55,53.27,1.15,14.48,65.13,0.1,34.43,19.29,8.6,2.72,110.17,0.21,0.72,0.02,5.97,3.52,5.33,2.77,0.0,91.62,755.94,755.94,0.0
BM15NGSA,BM15NGSA,BW,Massiv,15 kWh,Nahwärme kalt,gering,Wendehammer,Sackgasse,853961,853960.991830338,329012.3545758242,2927.604184615385,34011.9,41434.57630769231,51551.30436923078,5471.63076923077,6930.1,28124.125714285714,18931.2,34056.88615384616,662.9538461538461,70281.43323076924,1386.24,33242.4,260392.9,119.7,223508.72845759062,23166.259200000004,10329.401796923077,3268.8,132328,248.25500000000002,866.4000000000001,24.22,7175.812430769231,4229.26,6406.96,3326.4000000000005,0.0,110050.33846153847,132228,132228.10190769235,0.0,602.0,BW,Sackgasse,60000.0,5384.0,3554.0,2640.0,15390.0,18941.53846153846,15153.23076923077,0.2565,1.026,4.0,61560.0,69136.61538461539,49248.0,58766.123076923075,0.32893653887805935,10.0,41.0,1201.1707317073174,631.3846153846154,14.531518281587656,True,11578.0,710.94,710.94,273.91,2.44,28.32,34.5,42.92,4.56,5.77,23.41,15.76,28.35,0.55,58.51,1.15,27.67,216.78,0.1,186.08,19.29,8.6,2.72,110.17,0.21,0.72,0.02,5.97,3.52,5.33,2.77,0.0,91.62,110.08,110.08,0.0
BM15LGSA,BM15LGSA,BW,Massiv,15 kWh,LW Wärmepumpe,gering,Wendehammer,Sackgasse,692886,692885.9841909071,329012.3545758242,2927.604184615385,34011.9,41434.57630769231,51551.30436923078,5471.63076923077,6930.1,28124.125714285714,18931.2,34056.88615384616,662.9538461538461,70281.43323076924,1386.24,33242.4,62467.4,119.7,25583.266188147118,23166.259200000004,10329.401796923077,3268.8,132328,248.25500000000002,866.4000000000001,24.22,7175.812430769231,4229.26,6406.96,3326.4000000000005,0.0,110050.33846153847,169079,169078.55653770495,0.0,602.0,BW,Sackgasse,60000.0,5384.0,3554.0,2640.0,15390.0,18941.53846153846,15153.23076923077,0.2565,1.026,4.0,61560.0,69136.61538461539,49248.0,58766.123076923075,0.32893653887805935,10.0,41.0,1201.1707317073174,631.3846153846154,11.790568237485061,True,11578.0,576.84,576.84,273.91,2.44,28.32,34.5,42.92,4.56,5.77,23.41,15.76,28.35,0.55,58.51,1.15,27.67,52.01,0.1,21.3,19.29,8.6,2.72,110.17,0.21,0.72,0.02,5.97,3.52,5.33,2.77,0.0,91.62,140.76,140.76,0.0
BM15EGSA,BM15EGSA,BW,Massiv,15 kWh,Erdgas,gering,Wendehammer,Sackgasse,835848,835848.4729844867,329012.3545758242,2927.604184615385,34011.9,41434.57630769231,51551.30436923078,5471.63076923077,6930.1,28124.125714285714,18931.2,34056.88615384616,662.9538461538461,70281.43323076924,1386.24,33242.4,71427.7,119.7,34543.583199431756,23166.259200000004,10329.401796923077,3268.8,132328,248.25500000000002,866.4000000000001,24.22,7175.812430769231,4229.26,6406.96,3326.4000000000005,0.0,110050.33846153847,303081,303080.72831999994,0.0,602.0,BW,Sackgasse,60000.0,5384.0,3554.0,2640.0,15390.0,18941.53846153846,15153.23076923077,0.2565,1.026,4.0,61560.0,69136.61538461539,49248.0,58766.123076923075,0.32893653887805935,10.0,41.0,1201.1707317073174,631.3846153846154,14.22330467317686,True,11578.0,695.86,695.86,273.91,2.44,28.32,34.5,42.92,4.56,5.77,23.41,15.76,28.35,0.55,58.51,1.15,27.67,59.47,0.1,28.76,19.29,8.6,2.72,110.17,0.21,0.72,0.02,5.97,3.52,5.33,2.77,0.0,91.62,252.32,252.32,0.0
BM30NGSA,BM30NGSA,BW,Massiv,30 kWh,Nahwärme kalt,gering,Wendehammer,Sackgasse,920640,920639.8959007517,319389.49199120887,2927.604184615385,31395.600000000002,41434.57630769231,46083.741784615384,5471.63076923077,6930.1,28124.125714285714,18931.2,34056.88615384616,662.9538461538461,70281.43323076924,1386.24,31703.4,264716.8,119.7,227832.64895877356,23166.259200000004,10329.401796923077,3268.8,132328,248.25500000000002,866.4000000000001,24.22,7175.812430769231,4229.26,6406.96,3326.4000000000005,0.0,110050.33846153847,204206,204205.94806153845,0.0,602.0,BW,Sackgasse,60000.0,5384.0,3554.0,2640.0,15390.0,18941.53846153846,15153.23076923077,0.2565,1.026,4.0,61560.0,69136.61538461539,49248.0,58766.123076923075,0.32893653887805935,10.0,41.0,1201.1707317073174,631.3846153846154,15.666166963161103,True,11578.0,766.45,766.45,265.9,2.44,26.14,34.5,38.37,4.56,5.77,23.41,15.76,28.35,0.55,58.51,1.15,26.39,220.38,0.1,189.68,19.29,8.6,2.72,110.17,0.21,0.72,0.02,5.97,3.52,5.33,2.77,0.0,91.62,170.01,170.01,0.0
BM30LGSA,BM30LGSA,BW,Massiv,30 kWh,LW Wärmepumpe,gering,Wendehammer,Sackgasse,778115,778115.3650411454,319389.49199120887,2927.604184615385,31395.600000000002,41434.57630769231,46083.741784615384,5471.63076923077,6930.1,28124.125714285714,18931.2,34056.88615384616,662.9538461538461,70281.43323076924,1386.24,31703.4,65282.4,119.7,28398.263721361498,23166.259200000004,10329.401796923077,3268.8,132328,248.25500000000002,866.4000000000001,24.22,7175.812430769231,4229.26,6406.96,3326.4000000000005,0.0,110050.33846153847,261116,261115.8024393443,0.0,602.0,BW,Sackgasse,60000.0,5384.0,3554.0,2640.0,15390.0,18941.53846153846,15153.23076923077,0.2565,1.026,4.0,61560.0,69136.61538461539,49248.0,58766.123076923075,0.32893653887805935,10.0,41.0,1201.1707317073174,631.3846153846154,13.240883085355417,True,11578.0,647.8,647.8,265.9,2.44,26.14,34.5,38.37,4.56,5.77,23.41,15.76,28.35,0.55,58.51,1.15,26.39,54.35,0.1,23.64,19.29,8.6,2.72,110.17,0.21,0.72,0.02,5.97,3.52,5.33,2.77,0.0,91.62,217.38,217.38,0.0
BM30EGSA,BM30EGSA,BW,Massiv,30 kWh,Erdgas,gering,Wendehammer,Sackgasse,993054,993053.5760247766,319389.49199120887,2927.604184615385,31395.600000000002,41434.57630769231,46083.741784615384,5471.63076923077,6930.1,28124.125714285714,18931.2,34056.88615384616,662.9538461538461,70281.43323076924,1386.24,31703.4,73274.9,119.7,36390.74882433706,23166.259200000004,10329.401796923077,3268.8,132328,248.25500000000002,866.4000000000001,24.22,7175.812430769231,4229.26,6406.96,3326.4000000000005,0.0,110050.33846153847,468062,468061.52831999987,0.0,602.0,BW,Sackgasse,60000.0,5384.0,3554.0,2640.0,15390.0,18941.53846153846,15153.23076923077,0.2565,1.026,4.0,61560.0,69136.61538461539,49248.0,58766.123076923075,0.32893653887805935,10.0,41.0,1201.1707317073174,631.3846153846154,16.898402072991942,True,11578.0,826.74,826.74,265.9,2.44,26.14,34.5,38.37,4.56,5.77,23.41,15.76,28.35,0.55,58.51,1.15,26.39,61.0,0.1,30.3,19.29,8.6,2.72,110.17,0.21,0.72,0.02,5.97,3.52,5.33,2.77,0.0,91.62,389.67,389.67,0.0
BM70NGSA,BM70NGSA,BW,Massiv,70 kWh,Nahwärme kalt,gering,Wendehammer,Sackgasse,1113774,1113774.3506263008,309050.0798681319,2927.604184615385,28779.300000000003,41434.57630769231,41592.529661538465,5471.63076923077,6930.1,28124.125714285714,18931.2,34056.88615384616,662.9538461538461,70281.43323076924,1386.24,28471.5,276249.8,119.7,239365.59273047652,23166.259200000004,10329.401796923077,3268.8,132328,248.25500000000002,866.4000000000001,24.22,7175.812430769231,4229.26,6406.96,3326.4000000000005,0.0,110050.33846153847,396147,396146.8711384616,0.0,602.0,BW,Sackgasse,60000.0,5384.0,3554.0,2640.0,15390.0,18941.53846153846,15153.23076923077,0.2565,1.026,4.0,61560.0,69136.61538461539,49248.0,58766.123076923075,0.32893653887805935,10.0,41.0,1201.1707317073174,631.3846153846154,18.95266000733797,True,11578.0,927.24,927.24,257.29,2.44,23.96,34.5,34.63,4.56,5.77,23.41,15.76,28.35,0.55,58.51,1.15,23.7,229.98,0.1,199.28,19.29,8.6,2.72,110.17,0.21,0.72,0.02,5.97,3.52,5.33,2.77,0.0,91.62,329.8,329.8,0.0
BM70LGSA,BM70LGSA,BW,Massiv,70 kWh,LW Wärmepumpe,gering,Wendehammer,Sackgasse,1020708,1020708.3576446793,309050.0798681319,2927.604184615385,28779.300000000003,41434.57630769231,41592.529661538465,5471.63076923077,6930.1,28124.125714285714,18931.2,34056.88615384616,662.9538461538461,70281.43323076924,1386.24,28471.5,72782.2,119.7,35898.012710267365,23166.259200000004,10329.401796923077,3268.8,132328,248.25500000000002,866.4000000000001,24.22,7175.812430769231,4229.26,6406.96,3326.4000000000005,0.0,110050.33846153847,506548,506548.4581770492,0.0,602.0,BW,Sackgasse,60000.0,5384.0,3554.0,2640.0,15390.0,18941.53846153846,15153.23076923077,0.2565,1.026,4.0,61560.0,69136.61538461539,49248.0,58766.123076923075,0.32893653887805935,10.0,41.0,1201.1707317073174,631.3846153846154,17.36899261345866,True,11578.0,849.76,849.76,257.29,2.44,23.96,34.5,34.63,4.56,5.77,23.41,15.76,28.35,0.55,58.51,1.15,23.7,60.59,0.1,29.89,19.29,8.6,2.72,110.17,0.21,0.72,0.02,5.97,3.52,5.33,2.77,0.0,91.62,421.71,421.71,0.0
BM70EGSA,BM70EGSA,BW,Massiv,70 kWh,Erdgas,gering,Wendehammer,Sackgasse,1427624,1427623.902208756,309050.0798681319,2927.604184615385,28779.300000000003,41434.57630769231,41592.529661538465,5471.63076923077,6930.1,28124.125714285714,18931.2,34056.88615384616,662.9538461538461,70281.43323076924,1386.24,28471.5,78235.8,119.7,41351.68713139316,23166.259200000004,10329.401796923077,3268.8,132328,248.25500000000002,866.4000000000001,24.22,7175.812430769231,4229.26,6406.96,3326.4000000000005,0.0,110050.33846153847,908010,908010.3283200001,0.0,602.0,BW,Sackgasse,60000.0,5384.0,3554.0,2640.0,15390.0,18941.53846153846,15153.23076923077,0.2565,1.026,4.0,61560.0,69136.61538461539,49248.0,58766.123076923075,0.32893653887805935,10.0,41.0,1201.1707317073174,631.3846153846154,24.2933143699141,True,11578.0,1188.53,1188.53,257.29,2.44,23.96,34.5,34.63,4.56,5.77,23.41,15.76,28.35,0.55,58.51,1.15,23.7,65.13,0.1,34.43,19.29,8.6,2.72,110.17,0.21,0.72,0.02,5.97,3.52,5.33,2.77,0.0,91.62,755.94,755.94,0.0
EH15NMGI,EH15NMGI,EFH,Holz,15 kWh,Nahwärme kalt,mittel,Kreuzung,Gitter,208434,208434.39747272537,82831.77028571429,1358.5824000000002,15540.72,8717.808,15693.5136,1209.6000000000001,6712.992,7139.154285714287,2263.68,2585.3759999999997,120.96,9173.424,63.72,12252.24,69594.7,1026.0,63400.217774088,2835.3023999999996,2333.1384960000005,0.0,25799,602.7,1368.0,58.800000000000004,41.73120000000001,6647.34,8310.96,5140.800000000001,3628.7999999999997,0.0,30209,30208.837316923076,0.0,110.0,EFH,Gitter,60000.0,6984.0,5586.0,4080.0,7032.0,,,0.1352,0.2524,2.0,15144.0,17580.0,11251.2,14064.0,0.6626630869954312,72.0,51.0,220.61176470588236,72.0,14.820420753180132,False,16650.0,944.8,944.8,375.46,6.16,70.44,39.52,71.14,5.48,30.43,32.36,10.26,11.72,0.55,41.58,0.29,55.54,315.46,4.65,287.38,12.85,10.58,0.0,116.94,2.73,6.2,0.27,0.19,30.13,37.67,23.3,16.45,0.0,136.93,136.93,0.0
EH15LMGI,EH15LMGI,EFH,Holz,15 kWh,LW Wärmepumpe,mittel,Kreuzung,Gitter,160084,160083.84371876455,82831.77028571429,1358.5824000000002,15540.72,8717.808,15693.5136,1209.6000000000001,6712.992,7139.154285714287,2263.68,2585.3759999999997,120.96,9173.424,63.72,12252.24,12825.2,1026.0,6630.807718689599,2835.3023999999996,2333.1384960000005,0.0,25799,602.7,1368.0,58.800000000000004,41.73120000000001,6647.34,8310.96,5140.800000000001,3628.7999999999997,0.0,38628,38627.69361836066,0.0,110.0,EFH,Gitter,60000.0,6984.0,5586.0,4080.0,7032.0,,,0.1352,0.2524,2.0,15144.0,17580.0,11251.2,14064.0,0.6626630869954312,72.0,51.0,220.61176470588236,72.0,11.382525861686899,False,16650.0,725.64,725.64,375.46,6.16,70.44,39.52,71.14,5.48,30.43,32.36,10.26,11.72,0.55,41.58,0.29,55.54,58.13,4.65,30.06,12.85,10.58,0.0,116.94,2.73,6.2,0.27,0.19,30.13,37.67,23.3,16.45,0.0,175.09,175.09,0.0
EH15EMGI,EH15EMGI,EFH,Holz,15 kWh,Erdgas,mittel,Kreuzung,Gitter,194517,194517.3379825927,82831.77028571429,1358.5824000000002,15540.72,8717.808,15693.5136,1209.6000000000001,6712.992,7139.154285714287,2263.68,2585.3759999999997,120.96,9173.424,63.72,12252.24,16644.6,1026.0,10450.1605928784,2835.3023999999996,2333.1384960000005,0.0,25799,602.7,1368.0,58.800000000000004,41.73120000000001,6647.34,8310.96,5140.800000000001,3628.7999999999997,0.0,69242,69241.83500800001,0.0,110.0,EFH,Gitter,60000.0,6984.0,5586.0,4080.0,7032.0,,,0.1352,0.2524,2.0,15144.0,17580.0,11251.2,14064.0,0.6626630869954312,72.0,51.0,220.61176470588236,72.0,13.830868741651926,False,16650.0,881.72,881.72,375.46,6.16,70.44,39.52,71.14,5.48,30.43,32.36,10.26,11.72,0.55,41.58,0.29,55.54,75.45,4.65,47.37,12.85,10.58,0.0,116.94,2.73,6.2,0.27,0.19,30.13,37.67,23.3,16.45,0.0,313.86,313.86,0.0
EH30NMGI,EH30NMGI,EFH,Holz,30 kWh,Nahwärme kalt,mittel,Kreuzung,Gitter,223249,223248.81601627648,79941.55108571428,1358.5824000000002,14345.28,8717.808,14237.414400000001,1209.6000000000001,6712.992,7139.154285714287,2263.68,2585.3759999999997,120.96,9173.424,63.72,12013.56,70855.2,1026.0,64660.7939791776,2835.3023999999996,2333.1384960000005,0.0,25799,602.7,1368.0,58.800000000000004,41.73120000000001,6647.34,8310.96,5140.800000000001,3628.7999999999997,0.0,46653,46652.89885538462,0.0,110.0,EFH,Gitter,60000.0,6984.0,5586.0,4080.0,7032.0,,,0.1352,0.2524,2.0,15144.0,17580.0,11251.2,14064.0,0.6626630869954312,72.0,51.0,220.61176470588236,72.0,15.873778158153904,False,16650.0,1011.95,1011.95,362.36,6.16,65.03,39.52,64.54,5.48,30.43,32.36,10.26,11.72,0.55,41.58,0.29,54.46,321.18,4.65,293.1,12.85,10.58,0.0,116.94,2.73,6.2,0.27,0.19,30.13,37.67,23.3,16.45,0.0,211.47,211.47,0.0
EH30LMGI,EH30LMGI,EFH,Holz,30 kWh,LW Wärmepumpe,mittel,Kreuzung,Gitter,179115,179115.3339527282,79941.55108571428,1358.5824000000002,14345.28,8717.808,14237.414400000001,1209.6000000000001,6712.992,7139.154285714287,2263.68,2585.3759999999997,120.96,9173.424,63.72,12013.56,13720.1,1026.0,7525.684365768,2835.3023999999996,2333.1384960000005,0.0,25799,602.7,1368.0,58.800000000000004,41.73120000000001,6647.34,8310.96,5140.800000000001,3628.7999999999997,0.0,59655,59654.52640524592,0.0,110.0,EFH,Gitter,60000.0,6984.0,5586.0,4080.0,7032.0,,,0.1352,0.2524,2.0,15144.0,17580.0,11251.2,14064.0,0.6626630869954312,72.0,51.0,220.61176470588236,72.0,12.735731936343019,False,16650.0,811.9,811.9,362.36,6.16,65.03,39.52,64.54,5.48,30.43,32.36,10.26,11.72,0.55,41.58,0.29,54.46,62.19,4.65,34.11,12.85,10.58,0.0,116.94,2.73,6.2,0.27,0.19,30.13,37.67,23.3,16.45,0.0,270.41,270.41,0.0
EH30EMGI,EH30EMGI,EFH,Holz,30 kWh,Erdgas,mittel,Kreuzung,Gitter,229887,229887.21821959747,79941.55108571428,1358.5824000000002,14345.28,8717.808,14237.414400000001,1209.6000000000001,6712.992,7139.154285714287,2263.68,2585.3759999999997,120.96,9173.424,63.72,12013.56,17213.2,1026.0,11018.7400298832,2835.3023999999996,2333.1384960000005,0.0,25799,602.7,1368.0,58.800000000000004,41.73120000000001,6647.34,8310.96,5140.800000000001,3628.7999999999997,0.0,106933,106933.355008,0.0,110.0,EFH,Gitter,60000.0,6984.0,5586.0,4080.0,7032.0,,,0.1352,0.2524,2.0,15144.0,17580.0,11251.2,14064.0,0.6626630869954312,72.0,51.0,220.61176470588236,72.0,16.34579196669493,False,16650.0,1042.04,1042.04,362.36,6.16,65.03,39.52,64.54,5.48,30.43,32.36,10.26,11.72,0.55,41.58,0.29,54.46,78.02,4.65,49.95,12.85,10.58,0.0,116.94,2.73,6.2,0.27,0.19,30.13,37.67,23.3,16.45,0.0,484.71,484.71,0.0
EH70NMGI,EH70NMGI,EFH,Holz,70 kWh,Nahwärme kalt,mittel,Kreuzung,Gitter,266838,266838.24918862886,76812.65188571428,1358.5824000000002,13149.84,8717.808,12781.315200000001,1209.6000000000001,6712.992,7139.154285714287,2263.68,2585.3759999999997,120.96,9173.424,63.72,11536.199999999999,73722.7,1026.0,67528.2955822992,2835.3023999999996,2333.1384960000005,0.0,25799,602.7,1368.0,58.800000000000004,41.73120000000001,6647.34,8310.96,5140.800000000001,3628.7999999999997,0.0,90504,90503.7296246154,0.0,110.0,EFH,Gitter,60000.0,6984.0,5586.0,4080.0,7032.0,,,0.1352,0.2524,2.0,15144.0,17580.0,11251.2,14064.0,0.6626630869954312,72.0,51.0,220.61176470588236,72.0,18.973140585084533,False,16650.0,1209.54,1209.54,348.18,6.16,59.61,39.52,57.94,5.48,30.43,32.36,10.26,11.72,0.55,41.58,0.29,52.29,334.17,4.65,306.1,12.85,10.58,0.0,116.94,2.73,6.2,0.27,0.19,30.13,37.67,23.3,16.45,0.0,410.24,410.24,0.0
EH70LMGI,EH70LMGI,EFH,Holz,70 kWh,LW Wärmepumpe,mittel,Kreuzung,Gitter,233950,233949.50007389206,76812.65188571428,1358.5824000000002,13149.84,8717.808,12781.315200000001,1209.6000000000001,6712.992,7139.154285714287,2263.68,2585.3759999999997,120.96,9173.424,63.72,11536.199999999999,15611.6,1026.0,9417.1955885712,2835.3023999999996,2333.1384960000005,0.0,25799,602.7,1368.0,58.800000000000004,41.73120000000001,6647.34,8310.96,5140.800000000001,3628.7999999999997,0.0,115726,115726.08050360657,0.0,110.0,EFH,Gitter,60000.0,6984.0,5586.0,4080.0,7032.0,,,0.1352,0.2524,2.0,15144.0,17580.0,11251.2,14064.0,0.6626630869954312,72.0,51.0,220.61176470588236,72.0,16.63463453312657,False,16650.0,1060.46,1060.46,348.18,6.16,59.61,39.52,57.94,5.48,30.43,32.36,10.26,11.72,0.55,41.58,0.29,52.29,70.77,4.65,42.69,12.85,10.58,0.0,116.94,2.73,6.2,0.27,0.19,30.13,37.67,23.3,16.45,0.0,524.57,524.57,0.0
EH70EMGI,EH70EMGI,EFH,Holz,70 kWh,Erdgas,mittel,Kreuzung,Gitter,328392,328392.3915643703,76812.65188571428,1358.5824000000002,13149.84,8717.808,12781.315200000001,1209.6000000000001,6712.992,7139.154285714287,2263.68,2585.3759999999997,120.96,9173.424,63.72,11536.199999999999,18336.5,1026.0,12142.092574656,2835.3023999999996,2333.1384960000005,0.0,25799,602.7,1368.0,58.800000000000004,41.73120000000001,6647.34,8310.96,5140.800000000001,3628.7999999999997,0.0,207444,207444.075008,0.0,110.0,EFH,Gitter,60000.0,6984.0,5586.0,4080.0,7032.0,,,0.1352,0.2524,2.0,15144.0,17580.0,11251.2,14064.0,0.6626630869954312,72.0,51.0,220.61176470588236,72.0,23.349857193143507,False,16650.0,1488.55,1488.55,348.18,6.16,59.61,39.52,57.94,5.48,30.43,32.36,10.26,11.72,0.55,41.58,0.29,52.29,83.12,4.65,55.04,12.85,10.58,0.0,116.94,2.73,6.2,0.27,0.19,30.13,37.67,23.3,16.45,0.0,940.31,940.31,0.0
EM15NMGI,EM15NMGI,EFH,Massiv,15 kWh,Nahwärme kalt,mittel,Kreuzung,Gitter,228931,228931.0118727254,103328.3846857143,1358.5824000000002,15540.72,8717.808,33166.704,1209.6000000000001,6712.992,7139.154285714287,3559.68,3410.496,120.96,10075.728000000001,63.72,12252.24,69594.7,1026.0,63400.217774088,2835.3023999999996,2333.1384960000005,0.0,25799,602.7,1368.0,58.800000000000004,41.73120000000001,6647.34,8310.96,5140.800000000001,3628.7999999999997,0.0,30209,30208.837316923076,0.0,110.0,EFH,Gitter,60000.0,6984.0,5586.0,4080.0,7032.0,,,0.1352,0.2524,2.0,15144.0,17580.0,11251.2,14064.0,0.6626630869954312,72.0,51.0,220.61176470588236,72.0,16.277802323146002,False,16650.0,1037.71,1037.71,468.37,6.16,70.44,39.52,150.34,5.48,30.43,32.36,16.14,15.46,0.55,45.67,0.29,55.54,315.46,4.65,287.38,12.85,10.58,0.0,116.94,2.73,6.2,0.27,0.19,30.13,37.67,23.3,16.45,0.0,136.93,136.93,0.0
EM15LMGI,EM15LMGI,EFH,Massiv,15 kWh,LW Wärmepumpe,mittel,Kreuzung,Gitter,180580,180580.45811876457,103328.3846857143,1358.5824000000002,15540.72,8717.808,33166.704,1209.6000000000001,6712.992,7139.154285714287,3559.68,3410.496,120.96,10075.728000000001,63.72,12252.24,12825.2,1026.0,6630.807718689599,2835.3023999999996,2333.1384960000005,0.0,25799,602.7,1368.0,58.800000000000004,41.73120000000001,6647.34,8310.96,5140.800000000001,3628.7999999999997,0.0,38628,38627.69361836066,0.0,110.0,EFH,Gitter,60000.0,6984.0,5586.0,4080.0,7032.0,,,0.1352,0.2524,2.0,15144.0,17580.0,11251.2,14064.0,0.6626630869954312,72.0,51.0,220.61176470588236,72.0,12.839907431652769,False,16650.0,818.54,818.54,468.37,6.16,70.44,39.52,150.34,5.48,30.43,32.36,16.14,15.46,0.55,45.67,0.29,55.54,58.13,4.65,30.06,12.85,10.58,0.0,116.94,2.73,6.2,0.27,0.19,30.13,37.67,23.3,16.45,0.0,175.09,175.09,0.0
EM15EMGI,EM15EMGI,EFH,Massiv,15 kWh,Erdgas,mittel,Kreuzung,Gitter,215014,215013.95238259272,103328.3846857143,1358.5824000000002,15540.72,8717.808,33166.704,1209.6000000000001,6712.992,7139.154285714287,3559.68,3410.496,120.96,10075.728000000001,63.72,12252.24,16644.6,1026.0,10450.1605928784,2835.3023999999996,2333.1384960000005,0.0,25799,602.7,1368.0,58.800000000000004,41.73120000000001,6647.34,8310.96,5140.800000000001,3628.7999999999997,0.0,69242,69241.83500800001,0.0,110.0,EFH,Gitter,60000.0,6984.0,5586.0,4080.0,7032.0,,,0.1352,0.2524,2.0,15144.0,17580.0,11251.2,14064.0,0.6626630869954312,72.0,51.0,220.61176470588236,72.0,15.288250311617798,False,16650.0,974.63,974.63,468.37,6.16,70.44,39.52,150.34,5.48,30.43,32.36,16.14,15.46,0.55,45.67,0.29,55.54,75.45,4.65,47.37,12.85,10.58,0.0,116.94,2.73,6.2,0.27,0.19,30.13,37.67,23.3,16.45,0.0,313.86,313.86,0.0
EM30NMGI,EM30NMGI,EFH,Massiv,30 kWh,Nahwärme kalt,mittel,Kreuzung,Gitter,243422,243421.85281627649,100114.58788571428,1358.5824000000002,14345.28,8717.808,31387.0272,1209.6000000000001,6712.992,7139.154285714287,3559.68,3410.496,120.96,10075.728000000001,63.72,12013.56,70855.2,1026.0,64660.7939791776,2835.3023999999996,2333.1384960000005,0.0,25799,602.7,1368.0,58.800000000000004,41.73120000000001,6647.34,8310.96,5140.800000000001,3628.7999999999997,0.0,46653,46652.89885538462,0.0,110.0,EFH,Gitter,60000.0,6984.0,5586.0,4080.0,7032.0,,,0.1352,0.2524,2.0,15144.0,17580.0,11251.2,14064.0,0.6626630869954312,72.0,51.0,220.61176470588236,72.0,17.308152219587353,False,16650.0,1103.4,1103.39,453.8,6.16,65.03,39.52,142.27,5.48,30.43,32.36,16.14,15.46,0.55,45.67,0.29,54.46,321.18,4.65,293.1,12.85,10.58,0.0,116.94,2.73,6.2,0.27,0.19,30.13,37.67,23.3,16.45,0.0,211.47,211.47,0.0
EM30LMGI,EM30LMGI,EFH,Massiv,30 kWh,LW Wärmepumpe,mittel,Kreuzung,Gitter,199288,199288.3707527282,100114.58788571428,1358.5824000000002,14345.28,8717.808,31387.0272,1209.6000000000001,6712.992,7139.154285714287,3559.68,3410.496,120.96,10075.728000000001,63.72,12013.56,13720.1,1026.0,7525.684365768,2835.3023999999996,2333.1384960000005,0.0,25799,602.7,1368.0,58.800000000000004,41.73120000000001,6647.34,8310.96,5140.800000000001,3628.7999999999997,0.0,59655,59654.52640524592,0.0,110.0,EFH,Gitter,60000.0,6984.0,5586.0,4080.0,7032.0,,,0.1352,0.2524,2.0,15144.0,17580.0,11251.2,14064.0,0.6626630869954312,72.0,51.0,220.61176470588236,72.0,14.170105997776464,False,16650.0,903.34,903.34,453.8,6.16,65.03,39.52,142.27,5.48,30.43,32.36,16.14,15.46,0.55,45.67,0.29,54.46,62.19,4.65,34.11,12.85,10.58,0.0,116.94,2.73,6.2,0.27,0.19,30.13,37.67,23.3,16.45,0.0,270.41,270.41,0.0
EM30EMGI,EM30EMGI,EFH,Massiv,30 kWh,Erdgas,mittel,Kreuzung,Gitter,250060,250060.25501959748,100114.58788571428,1358.5824000000002,14345.28,8717.808,31387.0272,1209.6000000000001,6712.992,7139.154285714287,3559.68,3410.496,120.96,10075.728000000001,63.72,12013.56,17213.2,1026.0,11018.7400298832,2835.3023999999996,2333.1384960000005,0.0,25799,602.7,1368.0,58.800000000000004,41.73120000000001,6647.34,8310.96,5140.800000000001,3628.7999999999997,0.0,106933,106933.355008,0.0,110.0,EFH,Gitter,60000.0,6984.0,5586.0,4080.0,7032.0,,,0.1352,0.2524,2.0,15144.0,17580.0,11251.2,14064.0,0.6626630869954312,72.0,51.0,220.61176470588236,72.0,17.780166028128377,False,16650.0,1133.48,1133.49,453.8,6.16,65.03,39.52,142.27,5.48,30.43,32.36,16.14,15.46,0.55,45.67,0.29,54.46,78.02,4.65,49.95,12.85,10.58,0.0,116.94,2.73,6.2,0.27,0.19,30.13,37.67,23.3,16.45,0.0,484.71,484.71,0.0
EM70NMGI,EM70NMGI,EFH,Massiv,70 kWh,Nahwärme kalt,mittel,Kreuzung,Gitter,284746,284746.2427886289,94720.64548571428,1358.5824000000002,13149.84,8717.808,27665.8848,1209.6000000000001,6712.992,7139.154285714287,3559.68,3410.496,120.96,10075.728000000001,63.72,11536.199999999999,73722.7,1026.0,67528.2955822992,2835.3023999999996,2333.1384960000005,0.0,25799,602.7,1368.0,58.800000000000004,41.73120000000001,6647.34,8310.96,5140.800000000001,3628.7999999999997,0.0,90504,90503.7296246154,0.0,110.0,EFH,Gitter,60000.0,6984.0,5586.0,4080.0,7032.0,,,0.1352,0.2524,2.0,15144.0,17580.0,11251.2,14064.0,0.6626630869954312,72.0,51.0,220.61176470588236,72.0,20.246462086791016,False,16650.0,1290.71,1290.71,429.35,6.16,59.61,39.52,125.41,5.48,30.43,32.36,16.14,15.46,0.55,45.67,0.29,52.29,334.17,4.65,306.1,12.85,10.58,0.0,116.94,2.73,6.2,0.27,0.19,30.13,37.67,23.3,16.45,0.0,410.24,410.24,0.0
EM70LMGI,EM70LMGI,EFH,Massiv,70 kWh,LW Wärmepumpe,mittel,Kreuzung,Gitter,251857,251857.49367389205,94720.64548571428,1358.5824000000002,13149.84,8717.808,27665.8848,1209.6000000000001,6712.992,7139.154285714287,3559.68,3410.496,120.96,10075.728000000001,63.72,11536.199999999999,15611.6,1026.0,9417.1955885712,2835.3023999999996,2333.1384960000005,0.0,25799,602.7,1368.0,58.800000000000004,41.73120000000001,6647.34,8310.96,5140.800000000001,3628.7999999999997,0.0,115726,115726.08050360657,0.0,110.0,EFH,Gitter,60000.0,6984.0,5586.0,4080.0,7032.0,,,0.1352,0.2524,2.0,15144.0,17580.0,11251.2,14064.0,0.6626630869954312,72.0,51.0,220.61176470588236,72.0,17.907956034833052,False,16650.0,1141.63,1141.63,429.35,6.16,59.61,39.52,125.41,5.48,30.43,32.36,16.14,15.46,0.55,45.67,0.29,52.29,70.77,4.65,42.69,12.85,10.58,0.0,116.94,2.73,6.2,0.27,0.19,30.13,37.67,23.3,16.45,0.0,524.57,524.57,0.0
EM70EMGI,EM70EMGI,EFH,Massiv,70 kWh,Erdgas,mittel,Kreuzung,Gitter,346300,346300.3851643703,94720.64548571428,1358.5824000000002,13149.84,8717.808,27665.8848,1209.6000000000001,6712.992,7139.154285714287,3559.68,3410.496,120.96,10075.728000000001,63.72,11536.199999999999,18336.5,1026.0,12142.092574656,2835.3023999999996,2333.1384960000005,0.0,25799,602.7,1368.0,58.800000000000004,41.73120000000001,6647.34,8310.96,5140.800000000001,3628.7999999999997,0.0,207444,207444.075008,0.0,110.0,EFH,Gitter,60000.0,6984.0,5586.0,4080.0,7032.0,,,0.1352,0.2524,2.0,15144.0,17580.0,11251.2,14064.0,0.6626630869954312,72.0,51.0,220.61176470588236,72.0,24.62317869484999,False,16650.0,1569.73,1569.73,429.35,6.16,59.61,39.52,125.41,5.48,30.43,32.36,16.14,15.46,0.55,45.67,0.29,52.29,83.12,4.65,55.04,12.85,10.58,0.0,116.94,2.73,6.2,0.27,0.19,30.13,37.67,23.3,16.45,0.0,940.31,940.31,0.0
DH15NMGI,DH15NMGI,DH,Holz,15 kWh,Nahwärme kalt,mittel,Kreuzung,Gitter,250489,250489.05061570986,98539.44182857142,1761.9840000000002,20155.2,11413.92,13909.334400000002,1209.6000000000001,6294.2880000000005,9258.971428571429,3014.4,4015.68,120.96,12063.36,42.48,15279.263999999997,85653.8,1368.0,77579.4829656,3677.184,3029.1033600000005,0.0,27117,688.8000000000001,1368.0,67.2,55.64160000000001,6647.34,8310.96,5140.800000000001,4838.4,0.0,39179,39178.69686153847,0.0,210.0,DH,Gitter,60000.0,6984.0,5586.0,4080.0,9120.0,,,0.176,0.328,2.0,19680.0,22800.0,14592.0,18240.0,0.5448123305266162,48.0,47.0,310.46808510638294,96.0,13.732952336387605,False,16650.0,806.81,806.81,317.39,5.68,64.92,36.76,44.8,3.9,20.27,29.82,9.71,12.93,0.39,38.86,0.14,49.21,275.89,4.41,249.88,11.84,9.76,0.0,87.34,2.22,4.41,0.22,0.18,21.41,26.77,16.56,15.58,0.0,126.19,126.19,0.0
DH15LMGI,DH15LMGI,DH,Holz,15 kWh,LW Wärmepumpe,mittel,Kreuzung,Gitter,191254,191254.03029896933,98539.44182857142,1761.9840000000002,20155.2,11413.92,13909.334400000002,1209.6000000000001,6294.2880000000005,9258.971428571429,3014.4,4015.68,120.96,12063.36,42.48,15279.263999999997,15500.1,1368.0,7425.809425152,3677.184,3029.1033600000005,0.0,27117,688.8000000000001,1368.0,67.2,55.64160000000001,6647.34,8310.96,5140.800000000001,4838.4,0.0,50097,50097.350085245904,0.0,210.0,DH,Gitter,60000.0,6984.0,5586.0,4080.0,9120.0,,,0.176,0.328,2.0,19680.0,22800.0,14592.0,18240.0,0.5448123305266162,48.0,47.0,310.46808510638294,96.0,10.48541832779437,False,16650.0,616.02,616.02,317.39,5.68,64.92,36.76,44.8,3.9,20.27,29.82,9.71,12.93,0.39,38.86,0.14,49.21,49.92,4.41,23.92,11.84,9.76,0.0,87.34,2.22,4.41,0.22,0.18,21.41,26.77,16.56,15.58,0.0,161.36,161.36,0.0
DH15EMGI,DH15EMGI,DH,Holz,15 kWh,Erdgas,mittel,Kreuzung,Gitter,233428,233427.80980533944,98539.44182857142,1761.9840000000002,20155.2,11413.92,13909.334400000002,1209.6000000000001,6294.2880000000005,9258.971428571429,3014.4,4015.68,120.96,12063.36,42.48,15279.263999999997,17969.5,1368.0,9895.241736768,3677.184,3029.1033600000005,0.0,27117,688.8000000000001,1368.0,67.2,55.64160000000001,6647.34,8310.96,5140.800000000001,4838.4,0.0,89802,89801.69728000001,0.0,210.0,DH,Gitter,60000.0,6984.0,5586.0,4080.0,9120.0,,,0.176,0.328,2.0,19680.0,22800.0,14592.0,18240.0,0.5448123305266162,48.0,47.0,310.46808510638294,96.0,12.7975772919594,False,16650.0,751.86,751.86,317.39,5.68,64.92,36.76,44.8,3.9,20.27,29.82,9.71,12.93,0.39,38.86,0.14,49.21,57.88,4.41,31.87,11.84,9.76,0.0,87.34,2.22,4.41,0.22,0.18,21.41,26.77,16.56,15.58,0.0,289.25,289.25,0.0
DH30NMGI,DH30NMGI,DH,Holz,30 kWh,Nahwärme kalt,mittel,Kreuzung,Gitter,269576,269575.8968113431,95400.83702857142,1761.9840000000002,18604.8,11413.92,12618.777600000001,1209.6000000000001,6294.2880000000005,9258.971428571429,3014.4,4015.68,120.96,12063.36,42.48,14981.615999999998,86552.5,1368.0,78478.164730464,3677.184,3029.1033600000005,0.0,27117,688.8000000000001,1368.0,67.2,55.64160000000001,6647.34,8310.96,5140.800000000001,4838.4,0.0,60505,60505.466092307695,0.0,210.0,DH,Gitter,60000.0,6984.0,5586.0,4080.0,9120.0,,,0.176,0.328,2.0,19680.0,22800.0,14592.0,18240.0,0.5448123305266162,48.0,47.0,310.46808510638294,96.0,14.779380307639428,False,16650.0,868.29,868.29,307.28,5.68,59.92,36.76,40.64,3.9,20.27,29.82,9.71,12.93,0.39,38.86,0.14,48.25,278.78,4.41,252.77,11.84,9.76,0.0,87.34,2.22,4.41,0.22,0.18,21.41,26.77,16.56,15.58,0.0,194.88,194.88,0.0
DH30LMGI,DH30LMGI,DH,Holz,30 kWh,LW Wärmepumpe,mittel,Kreuzung,Gitter,215809,215809.47596000854,95400.83702857142,1761.9840000000002,18604.8,11413.92,12618.777600000001,1209.6000000000001,6294.2880000000005,9258.971428571429,3014.4,4015.68,120.96,12063.36,42.48,14981.615999999998,15923.9,1368.0,7849.564804223999,3677.184,3029.1033600000005,0.0,27117,688.8000000000001,1368.0,67.2,55.64160000000001,6647.34,8310.96,5140.800000000001,4838.4,0.0,77368,77367.64516721311,0.0,210.0,DH,Gitter,60000.0,6984.0,5586.0,4080.0,9120.0,,,0.176,0.328,2.0,19680.0,22800.0,14592.0,18240.0,0.5448123305266162,48.0,47.0,310.46808510638294,96.0,11.831659866228538,False,16650.0,695.11,695.11,307.28,5.68,59.92,36.76,40.64,3.9,20.27,29.82,9.71,12.93,0.39,38.86,0.14,48.25,51.29,4.41,25.28,11.84,9.76,0.0,87.34,2.22,4.41,0.22,0.18,21.41,26.77,16.56,15.58,0.0,249.2,249.2,0.0
DH30EMGI,DH30EMGI,DH,Holz,30 kWh,Erdgas,mittel,Kreuzung,Gitter,279241,279240.8528269714,95400.83702857142,1761.9840000000002,18604.8,11413.92,12618.777600000001,1209.6000000000001,6294.2880000000005,9258.971428571429,3014.4,4015.68,120.96,12063.36,42.48,14981.615999999998,18038.0,1368.0,9963.689558400001,3677.184,3029.1033600000005,0.0,27117,688.8000000000001,1368.0,67.2,55.64160000000001,6647.34,8310.96,5140.800000000001,4838.4,0.0,138685,138684.89727999998,0.0,210.0,DH,Gitter,60000.0,6984.0,5586.0,4080.0,9120.0,,,0.176,0.328,2.0,19680.0,22800.0,14592.0,18240.0,0.5448123305266162,48.0,47.0,310.46808510638294,96.0,15.30925728218045,False,16650.0,899.42,899.42,307.28,5.68,59.92,36.76,40.64,3.9,20.27,29.82,9.71,12.93,0.39,38.86,0.14,48.25,58.1,4.41,32.09,11.84,9.76,0.0,87.34,2.22,4.41,0.22,0.18,21.41,26.77,16.56,15.58,0.0,446.7,446.7,0.0
DH70NMGI,DH70NMGI,DH,Holz,70 kWh,Nahwärme kalt,mittel,Kreuzung,Gitter,326414,326414.3555740557,91964.58422857142,1761.9840000000002,17054.4,11413.92,11328.220800000003,1209.6000000000001,6294.2880000000005,9258.971428571429,3014.4,4015.68,120.96,12063.36,42.48,14386.319999999998,89955.8,1368.0,81881.491677792,3677.184,3029.1033600000005,0.0,27117,688.8000000000001,1368.0,67.2,55.64160000000001,6647.34,8310.96,5140.800000000001,4838.4,0.0,117377,117376.85070769231,0.0,210.0,DH,Gitter,60000.0,6984.0,5586.0,4080.0,9120.0,,,0.176,0.328,2.0,19680.0,22800.0,14592.0,18240.0,0.5448123305266162,48.0,47.0,310.46808510638294,96.0,17.895523880156567,False,16650.0,1051.36,1051.36,296.21,5.68,54.93,36.76,36.49,3.9,20.27,29.82,9.71,12.93,0.39,38.86,0.14,46.34,289.74,4.41,263.74,11.84,9.76,0.0,87.34,2.22,4.41,0.22,0.18,21.41,26.77,16.56,15.58,0.0,378.06,378.06,0.0
DH70LMGI,DH70LMGI,DH,Holz,70 kWh,LW Wärmepumpe,mittel,Kreuzung,Gitter,287231,287230.8666274304,91964.58422857142,1761.9840000000002,17054.4,11413.92,11328.220800000003,1209.6000000000001,6294.2880000000005,9258.971428571429,3014.4,4015.68,120.96,12063.36,42.48,14386.319999999998,18060.7,1368.0,9986.4213864,3677.184,3029.1033600000005,0.0,27117,688.8000000000001,1368.0,67.2,55.64160000000001,6647.34,8310.96,5140.800000000001,4838.4,0.0,150088,150088.43205245901,0.0,210.0,DH,Gitter,60000.0,6984.0,5586.0,4080.0,9120.0,,,0.176,0.328,2.0,19680.0,22800.0,14592.0,18240.0,0.5448123305266162,48.0,47.0,310.46808510638294,96.0,15.7473062843986,False,16650.0,925.15,925.15,296.21,5.68,54.93,36.76,36.49,3.9,20.27,29.82,9.71,12.93,0.39,38.86,0.14,46.34,58.17,4.41,32.17,11.84,9.76,0.0,87.34,2.22,4.41,0.22,0.18,21.41,26.77,16.56,15.58,0.0,483.42,483.43,0.0
DH70EMGI,DH70EMGI,DH,Holz,70 kWh,Erdgas,mittel,Kreuzung,Gitter,407358,407358.2961684434,91964.58422857142,1761.9840000000002,17054.4,11413.92,11328.220800000003,1209.6000000000001,6294.2880000000005,9258.971428571429,3014.4,4015.68,120.96,12063.36,42.48,14386.319999999998,19236.5,1368.0,11162.185699872,3677.184,3029.1033600000005,0.0,27117,688.8000000000001,1368.0,67.2,55.64160000000001,6647.34,8310.96,5140.800000000001,4838.4,0.0,269040,269040.09728,0.0,210.0,DH,Gitter,60000.0,6984.0,5586.0,4080.0,9120.0,,,0.176,0.328,2.0,19680.0,22800.0,14592.0,18240.0,0.5448123305266162,48.0,47.0,310.46808510638294,96.0,22.33323992151554,False,16650.0,1312.08,1312.08,296.21,5.68,54.93,36.76,36.49,3.9,20.27,29.82,9.71,12.93,0.39,38.86,0.14,46.34,61.96,4.41,35.95,11.84,9.76,0.0,87.34,2.22,4.41,0.22,0.18,21.41,26.77,16.56,15.58,0.0,866.56,866.56,0.0
DM15NMGI,DM15NMGI,DH,Massiv,15 kWh,Nahwärme kalt,mittel,Kreuzung,Gitter,270249,270248.6922157099,118299.08342857142,1761.9840000000002,20155.2,11413.92,29396.016000000003,1209.6000000000001,6294.2880000000005,9258.971428571429,4819.200000000001,5297.28,120.96,13249.92,42.48,15279.263999999997,85653.8,1368.0,77579.4829656,3677.184,3029.1033600000005,0.0,27117,688.8000000000001,1368.0,67.2,55.64160000000001,6647.34,8310.96,5140.800000000001,4838.4,0.0,39179,39178.69686153847,0.0,210.0,DH,Gitter,60000.0,6984.0,5586.0,4080.0,9120.0,,,0.176,0.328,2.0,19680.0,22800.0,14592.0,18240.0,0.5448123305266162,48.0,47.0,310.46808510638294,96.0,14.816266020598132,False,16650.0,870.46,870.46,381.03,5.68,64.92,36.76,94.68,3.9,20.27,29.82,15.52,17.06,0.39,42.68,0.14,49.21,275.89,4.41,249.88,11.84,9.76,0.0,87.34,2.22,4.41,0.22,0.18,21.41,26.77,16.56,15.58,0.0,126.19,126.19,0.0
DM15LMGI,DM15LMGI,DH,Massiv,15 kWh,LW Wärmepumpe,mittel,Kreuzung,Gitter,211014,211013.67189896933,118299.08342857142,1761.9840000000002,20155.2,11413.92,29396.016000000003,1209.6000000000001,6294.2880000000005,9258.971428571429,4819.200000000001,5297.28,120.96,13249.92,42.48,15279.263999999997,15500.1,1368.0,7425.809425152,3677.184,3029.1033600000005,0.0,27117,688.8000000000001,1368.0,67.2,55.64160000000001,6647.34,8310.96,5140.800000000001,4838.4,0.0,50097,50097.350085245904,0.0,210.0,DH,Gitter,60000.0,6984.0,5586.0,4080.0,9120.0,,,0.176,0.328,2.0,19680.0,22800.0,14592.0,18240.0,0.5448123305266162,48.0,47.0,310.46808510638294,96.0,11.568732012004897,False,16650.0,679.66,679.66,381.03,5.68,64.92,36.76,94.68,3.9,20.27,29.82,15.52,17.06,0.39,42.68,0.14,49.21,49.92,4.41,23.92,11.84,9.76,0.0,87.34,2.22,4.41,0.22,0.18,21.41,26.77,16.56,15.58,0.0,161.36,161.36,0.0
DM15EMGI,DM15EMGI,DH,Massiv,15 kWh,Erdgas,mittel,Kreuzung,Gitter,253187,253187.4514053394,118299.08342857142,1761.9840000000002,20155.2,11413.92,29396.016000000003,1209.6000000000001,6294.2880000000005,9258.971428571429,4819.200000000001,5297.28,120.96,13249.92,42.48,15279.263999999997,17969.5,1368.0,9895.241736768,3677.184,3029.1033600000005,0.0,27117,688.8000000000001,1368.0,67.2,55.64160000000001,6647.34,8310.96,5140.800000000001,4838.4,0.0,89802,89801.69728000001,0.0,210.0,DH,Gitter,60000.0,6984.0,5586.0,4080.0,9120.0,,,0.176,0.328,2.0,19680.0,22800.0,14592.0,18240.0,0.5448123305266162,48.0,47.0,310.46808510638294,96.0,13.880890976169926,False,16650.0,815.5,815.5,381.03,5.68,64.92,36.76,94.68,3.9,20.27,29.82,15.52,17.06,0.39,42.68,0.14,49.21,57.88,4.41,31.87,11.84,9.76,0.0,87.34,2.22,4.41,0.22,0.18,21.41,26.77,16.56,15.58,0.0,289.25,289.25,0.0
DM30NMGI,DM30NMGI,DH,Massiv,30 kWh,Nahwärme kalt,mittel,Kreuzung,Gitter,289049,289048.74801134306,114873.68822857141,1761.9840000000002,18604.8,11413.92,27818.668800000003,1209.6000000000001,6294.2880000000005,9258.971428571429,4819.200000000001,5297.28,120.96,13249.92,42.48,14981.615999999998,86552.5,1368.0,78478.164730464,3677.184,3029.1033600000005,0.0,27117,688.8000000000001,1368.0,67.2,55.64160000000001,6647.34,8310.96,5140.800000000001,4838.4,0.0,60505,60505.466092307695,0.0,210.0,DH,Gitter,60000.0,6984.0,5586.0,4080.0,9120.0,,,0.176,0.328,2.0,19680.0,22800.0,14592.0,18240.0,0.5448123305266162,48.0,47.0,310.46808510638294,96.0,15.846970833955217,False,16650.0,931.01,931.01,370.0,5.68,59.92,36.76,89.6,3.9,20.27,29.82,15.52,17.06,0.39,42.68,0.14,48.25,278.78,4.41,252.77,11.84,9.76,0.0,87.34,2.22,4.41,0.22,0.18,21.41,26.77,16.56,15.58,0.0,194.88,194.88,0.0
DM30LMGI,DM30LMGI,DH,Massiv,30 kWh,LW Wärmepumpe,mittel,Kreuzung,Gitter,235282,235282.3271600085,114873.68822857141,1761.9840000000002,18604.8,11413.92,27818.668800000003,1209.6000000000001,6294.2880000000005,9258.971428571429,4819.200000000001,5297.28,120.96,13249.92,42.48,14981.615999999998,15923.9,1368.0,7849.564804223999,3677.184,3029.1033600000005,0.0,27117,688.8000000000001,1368.0,67.2,55.64160000000001,6647.34,8310.96,5140.800000000001,4838.4,0.0,77368,77367.64516721311,0.0,210.0,DH,Gitter,60000.0,6984.0,5586.0,4080.0,9120.0,,,0.176,0.328,2.0,19680.0,22800.0,14592.0,18240.0,0.5448123305266162,48.0,47.0,310.46808510638294,96.0,12.899250392544328,False,16650.0,757.83,757.83,370.0,5.68,59.92,36.76,89.6,3.9,20.27,29.82,15.52,17.06,0.39,42.68,0.14,48.25,51.29,4.41,25.28,11.84,9.76,0.0,87.34,2.22,4.41,0.22,0.18,21.41,26.77,16.56,15.58,0.0,249.2,249.2,0.0
DM30EMGI,DM30EMGI,DH,Massiv,30 kWh,Erdgas,mittel,Kreuzung,Gitter,298714,298713.70402697136,114873.68822857141,1761.9840000000002,18604.8,11413.92,27818.668800000003,1209.6000000000001,6294.2880000000005,9258.971428571429,4819.200000000001,5297.28,120.96,13249.92,42.48,14981.615999999998,18038.0,1368.0,9963.689558400001,3677.184,3029.1033600000005,0.0,27117,688.8000000000001,1368.0,67.2,55.64160000000001,6647.34,8310.96,5140.800000000001,4838.4,0.0,138685,138684.89727999998,0.0,210.0,DH,Gitter,60000.0,6984.0,5586.0,4080.0,9120.0,,,0.176,0.328,2.0,19680.0,22800.0,14592.0,18240.0,0.5448123305266162,48.0,47.0,310.46808510638294,96.0,16.37684780849624,False,16650.0,962.14,962.14,370.0,5.68,59.92,36.76,89.6,3.9,20.27,29.82,15.52,17.06,0.39,42.68,0.14,48.25,58.1,4.41,32.09,11.84,9.76,0.0,87.34,2.22,4.41,0.22,0.18,21.41,26.77,16.56,15.58,0.0,446.7,446.7,0.0
DM70NMGI,DM70NMGI,DH,Massiv,70 kWh,Nahwärme kalt,mittel,Kreuzung,Gitter,343880,343879.67397405574,109429.90262857142,1761.9840000000002,17054.4,11413.92,24520.579200000004,1209.6000000000001,6294.2880000000005,9258.971428571429,4819.200000000001,5297.28,120.96,13249.92,42.48,14386.319999999998,89955.8,1368.0,81881.491677792,3677.184,3029.1033600000005,0.0,27117,688.8000000000001,1368.0,67.2,55.64160000000001,6647.34,8310.96,5140.800000000001,4838.4,0.0,117377,117376.85070769231,0.0,210.0,DH,Gitter,60000.0,6984.0,5586.0,4080.0,9120.0,,,0.176,0.328,2.0,19680.0,22800.0,14592.0,18240.0,0.5448123305266162,48.0,47.0,310.46808510638294,96.0,18.853052301209196,False,16650.0,1107.62,1107.62,352.47,5.68,54.93,36.76,78.98,3.9,20.27,29.82,15.52,17.06,0.39,42.68,0.14,46.34,289.74,4.41,263.74,11.84,9.76,0.0,87.34,2.22,4.41,0.22,0.18,21.41,26.77,16.56,15.58,0.0,378.06,378.06,0.0
DM70LMGI,DM70LMGI,DH,Massiv,70 kWh,LW Wärmepumpe,mittel,Kreuzung,Gitter,304696,304696.1850274304,109429.90262857142,1761.9840000000002,17054.4,11413.92,24520.579200000004,1209.6000000000001,6294.2880000000005,9258.971428571429,4819.200000000001,5297.28,120.96,13249.92,42.48,14386.319999999998,18060.7,1368.0,9986.4213864,3677.184,3029.1033600000005,0.0,27117,688.8000000000001,1368.0,67.2,55.64160000000001,6647.34,8310.96,5140.800000000001,4838.4,0.0,150088,150088.43205245901,0.0,210.0,DH,Gitter,60000.0,6984.0,5586.0,4080.0,9120.0,,,0.176,0.328,2.0,19680.0,22800.0,14592.0,18240.0,0.5448123305266162,48.0,47.0,310.46808510638294,96.0,16.704834705451233,False,16650.0,981.41,981.41,352.47,5.68,54.93,36.76,78.98,3.9,20.27,29.82,15.52,17.06,0.39,42.68,0.14,46.34,58.17,4.41,32.17,11.84,9.76,0.0,87.34,2.22,4.41,0.22,0.18,21.41,26.77,16.56,15.58,0.0,483.42,483.43,0.0
DM70EMGI,DM70EMGI,DH,Massiv,70 kWh,Erdgas,mittel,Kreuzung,Gitter,424824,424823.6145684434,109429.90262857142,1761.9840000000002,17054.4,11413.92,24520.579200000004,1209.6000000000001,6294.2880000000005,9258.971428571429,4819.200000000001,5297.28,120.96,13249.92,42.48,14386.319999999998,19236.5,1368.0,11162.185699872,3677.184,3029.1033600000005,0.0,27117,688.8000000000001,1368.0,67.2,55.64160000000001,6647.34,8310.96,5140.800000000001,4838.4,0.0,269040,269040.09728,0.0,210.0,DH,Gitter,60000.0,6984.0,5586.0,4080.0,9120.0,,,0.176,0.328,2.0,19680.0,22800.0,14592.0,18240.0,0.5448123305266162,48.0,47.0,310.46808510638294,96.0,23.29076834256817,False,16650.0,1368.33,1368.33,352.47,5.68,54.93,36.76,78.98,3.9,20.27,29.82,15.52,17.06,0.39,42.68,0.14,46.34,61.96,4.41,35.95,11.84,9.76,0.0,87.34,2.22,4.41,0.22,0.18,21.41,26.77,16.56,15.58,0.0,866.56,866.56,0.0
RH15NMGI,RH15NMGI,RH,Holz,15 kWh,Nahwärme kalt,mittel,Kreuzung,Gitter,351073,351072.6699696448,137271.18154285714,2642.9760000000006,30232.8,17206.2,14474.34,1512.0,7055.334,13888.457142857145,3078.72,5802.206399999999,211.67999999999998,18226.8,31.86,22907.807999999997,125371.0,1723.68,113404.03049448,5699.635199999999,4543.655040000001,0.0,29662,778.344,1368.0,75.936,83.46240000000002,6647.34,8310.96,5140.800000000001,7257.599999999999,0.0,58768,58768.04529230769,0.0,310.0,RH,Gitter,60000.0,6984.0,5586.0,4080.0,13680.0,,,0.264,0.492,2.0,29520.0,34200.0,21888.0,27360.0,0.4811852064425871,36.0,47.0,465.7021276595745,144.0,12.831603434563041,False,16650.0,753.86,753.86,294.76,5.68,64.92,36.95,31.08,3.25,15.15,29.82,6.61,12.46,0.45,39.14,0.07,49.19,269.21,3.7,243.51,12.24,9.76,0.0,63.69,1.67,2.94,0.16,0.18,14.27,17.85,11.04,15.58,0.0,126.19,126.19,0.0
RH15LMGI,RH15LMGI,RH,Holz,15 kWh,LW Wärmepumpe,mittel,Kreuzung,Gitter,265030,265029.82969007,137271.18154285714,2642.9760000000006,30232.8,17206.2,14474.34,1512.0,7055.334,13888.457142857145,3078.72,5802.206399999999,211.67999999999998,18226.8,31.86,22907.807999999997,22950.2,1723.68,10983.210379344,5699.635199999999,4543.655040000001,0.0,29662,778.344,1368.0,75.936,83.46240000000002,6647.34,8310.96,5140.800000000001,7257.599999999999,0.0,75146,75146.02512786885,0.0,310.0,RH,Gitter,60000.0,6984.0,5586.0,4080.0,13680.0,,,0.264,0.492,2.0,29520.0,34200.0,21888.0,27360.0,0.4811852064425871,36.0,47.0,465.7021276595745,144.0,9.68676278106981,False,16650.0,569.1,569.1,294.76,5.68,64.92,36.95,31.08,3.25,15.15,29.82,6.61,12.46,0.45,39.14,0.07,49.19,49.28,3.7,23.58,12.24,9.76,0.0,63.69,1.67,2.94,0.16,0.18,14.27,17.85,11.04,15.58,0.0,161.36,161.36,0.0
RH15EMGI,RH15EMGI,RH,Holz,15 kWh,Erdgas,mittel,Kreuzung,Gitter,326265,326264.69985964114,137271.18154285714,2642.9760000000006,30232.8,17206.2,14474.34,1512.0,7055.334,13888.457142857145,3078.72,5802.206399999999,211.67999999999998,18226.8,31.86,22907.807999999997,24628.5,1723.68,12661.559756784001,5699.635199999999,4543.655040000001,0.0,29662,778.344,1368.0,75.936,83.46240000000002,6647.34,8310.96,5140.800000000001,7257.599999999999,0.0,134703,134702.54591999998,0.0,310.0,RH,Gitter,60000.0,6984.0,5586.0,4080.0,13680.0,,,0.264,0.492,2.0,29520.0,34200.0,21888.0,27360.0,0.4811852064425871,36.0,47.0,465.7021276595745,144.0,11.924879380834836,False,16650.0,700.59,700.59,294.76,5.68,64.92,36.95,31.08,3.25,15.15,29.82,6.61,12.46,0.45,39.14,0.07,49.19,52.88,3.7,27.19,12.24,9.76,0.0,63.69,1.67,2.94,0.16,0.18,14.27,17.85,11.04,15.58,0.0,289.25,289.25,0.0
RH30NMGI,RH30NMGI,RH,Holz,30 kWh,Nahwärme kalt,mittel,Kreuzung,Gitter,380634,380633.6916542627,133156.34554285716,2642.9760000000006,27907.2,17206.2,13131.36,1512.0,7055.334,13888.457142857145,3078.72,5802.206399999999,211.67999999999998,18226.8,31.86,22461.552,127056.7,1723.68,115089.734332944,5699.635199999999,4543.655040000001,0.0,29662,778.344,1368.0,75.936,83.46240000000002,6647.34,8310.96,5140.800000000001,7257.599999999999,0.0,90758,90758.19913846154,0.0,310.0,RH,Gitter,60000.0,6984.0,5586.0,4080.0,13680.0,,,0.264,0.492,2.0,29520.0,34200.0,21888.0,27360.0,0.4811852064425871,36.0,47.0,465.7021276595745,144.0,13.912050133562232,False,16650.0,817.33,817.33,285.93,5.68,59.92,36.95,28.2,3.25,15.15,29.82,6.61,12.46,0.45,39.14,0.07,48.23,272.83,3.7,247.13,12.24,9.76,0.0,63.69,1.67,2.94,0.16,0.18,14.27,17.85,11.04,15.58,0.0,194.88,194.88,0.0
RH30LMGI,RH30LMGI,RH,Holz,30 kWh,LW Wärmepumpe,mittel,Kreuzung,Gitter,302701,302700.87024015683,133156.34554285716,2642.9760000000006,27907.2,17206.2,13131.36,1512.0,7055.334,13888.457142857145,3078.72,5802.206399999999,211.67999999999998,18226.8,31.86,22461.552,23830.6,1723.68,11863.64430648,5699.635199999999,4543.655040000001,0.0,29662,778.344,1368.0,75.936,83.46240000000002,6647.34,8310.96,5140.800000000001,7257.599999999999,0.0,116051,116051.46775081968,0.0,310.0,RH,Gitter,60000.0,6984.0,5586.0,4080.0,13680.0,,,0.264,0.492,2.0,29520.0,34200.0,21888.0,27360.0,0.4811852064425871,36.0,47.0,465.7021276595745,144.0,11.063628298251345,False,16650.0,649.99,649.99,285.93,5.68,59.92,36.95,28.2,3.25,15.15,29.82,6.61,12.46,0.45,39.14,0.07,48.23,51.17,3.7,25.47,12.24,9.76,0.0,63.69,1.67,2.94,0.16,0.18,14.27,17.85,11.04,15.58,0.0,249.2,249.2,0.0
RH30EMGI,RH30EMGI,RH,Holz,30 kWh,Erdgas,mittel,Kreuzung,Gitter,395863,395863.2051457851,133156.34554285716,2642.9760000000006,27907.2,17206.2,13131.36,1512.0,7055.334,13888.457142857145,3078.72,5802.206399999999,211.67999999999998,18226.8,31.86,22461.552,25017.1,1723.68,13050.101042928,5699.635199999999,4543.655040000001,0.0,29662,778.344,1368.0,75.936,83.46240000000002,6647.34,8310.96,5140.800000000001,7257.599999999999,0.0,208027,208027.34591999996,0.0,310.0,RH,Gitter,60000.0,6984.0,5586.0,4080.0,13680.0,,,0.264,0.492,2.0,29520.0,34200.0,21888.0,27360.0,0.4811852064425871,36.0,47.0,465.7021276595745,144.0,14.468684398603255,False,16650.0,850.03,850.04,285.93,5.68,59.92,36.95,28.2,3.25,15.15,29.82,6.61,12.46,0.45,39.14,0.07,48.23,53.72,3.7,28.02,12.24,9.76,0.0,63.69,1.67,2.94,0.16,0.18,14.27,17.85,11.04,15.58,0.0,446.7,446.7,0.0
RH70NMGI,RH70NMGI,RH,Holz,70 kWh,Nahwärme kalt,mittel,Kreuzung,Gitter,465712,465711.76751559565,128595.25354285714,2642.9760000000006,25581.600000000002,17206.2,11788.380000000001,1512.0,7055.334,13888.457142857145,3078.72,5802.206399999999,211.67999999999998,18226.8,31.86,21569.039999999997,131388.8,1723.68,119421.8252712,5699.635199999999,4543.655040000001,0.0,29662,778.344,1368.0,75.936,83.46240000000002,6647.34,8310.96,5140.800000000001,7257.599999999999,0.0,176065,176065.27606153852,0.0,310.0,RH,Gitter,60000.0,6984.0,5586.0,4080.0,13680.0,,,0.264,0.492,2.0,29520.0,34200.0,21888.0,27360.0,0.4811852064425871,36.0,47.0,465.7021276595745,144.0,17.021628929663585,False,16650.0,1000.02,1000.02,276.13,5.68,54.93,36.95,25.31,3.25,15.15,29.82,6.61,12.46,0.45,39.14,0.07,46.32,282.13,3.7,256.43,12.24,9.76,0.0,63.69,1.67,2.94,0.16,0.18,14.27,17.85,11.04,15.58,0.0,378.06,378.06,0.0
RH70LMGI,RH70LMGI,RH,Holz,70 kWh,LW Wärmepumpe,mittel,Kreuzung,Gitter,409653,409653.3439585536,128595.25354285714,2642.9760000000006,25581.600000000002,17206.2,11788.380000000001,1512.0,7055.334,13888.457142857145,3078.72,5802.206399999999,211.67999999999998,18226.8,31.86,21569.039999999997,26263.0,1723.68,14296.029697008002,5699.635199999999,4543.655040000001,0.0,29662,778.344,1368.0,75.936,83.46240000000002,6647.34,8310.96,5140.800000000001,7257.599999999999,0.0,225133,225132.6480786885,0.0,310.0,RH,Gitter,60000.0,6984.0,5586.0,4080.0,13680.0,,,0.264,0.492,2.0,29520.0,34200.0,21888.0,27360.0,0.4811852064425871,36.0,47.0,465.7021276595745,144.0,14.972709940005617,False,16650.0,879.65,879.65,276.13,5.68,54.93,36.95,25.31,3.25,15.15,29.82,6.61,12.46,0.45,39.14,0.07,46.32,56.39,3.7,30.7,12.24,9.76,0.0,63.69,1.67,2.94,0.16,0.18,14.27,17.85,11.04,15.58,0.0,483.43,483.43,0.0
RH70EMGI,RH70EMGI,RH,Holz,70 kWh,Erdgas,mittel,Kreuzung,Gitter,587860,587859.7578752572,128595.25354285714,2642.9760000000006,25581.600000000002,17206.2,11788.380000000001,1512.0,7055.334,13888.457142857145,3078.72,5802.206399999999,211.67999999999998,18226.8,31.86,21569.039999999997,26041.9,1723.68,14074.945772400002,5699.635199999999,4543.655040000001,0.0,29662,778.344,1368.0,75.936,83.46240000000002,6647.34,8310.96,5140.800000000001,7257.599999999999,0.0,403560,403560.14592000004,0.0,310.0,RH,Gitter,60000.0,6984.0,5586.0,4080.0,13680.0,,,0.264,0.492,2.0,29520.0,34200.0,21888.0,27360.0,0.4811852064425871,36.0,47.0,465.7021276595745,144.0,21.486102261522557,False,16650.0,1262.31,1262.31,276.13,5.68,54.93,36.95,25.31,3.25,15.15,29.82,6.61,12.46,0.45,39.14,0.07,46.32,55.92,3.7,30.22,12.24,9.76,0.0,63.69,1.67,2.94,0.16,0.18,14.27,17.85,11.04,15.58,0.0,866.56,866.56,0.0
RM15NMGI,RM15NMGI,RH,Massiv,15 kWh,Nahwärme kalt,mittel,Kreuzung,Gitter,372698,372697.79796964483,158896.30954285714,2642.9760000000006,30232.8,17206.2,30590.1,1512.0,7055.334,13888.457142857145,4943.5199999999995,7653.974399999999,211.67999999999998,20019.600000000002,31.86,22907.807999999997,125371.0,1723.68,113404.03049448,5699.635199999999,4543.655040000001,0.0,29662,778.344,1368.0,75.936,83.46240000000002,6647.34,8310.96,5140.800000000001,7257.599999999999,0.0,58768,58768.04529230769,0.0,310.0,RH,Gitter,60000.0,6984.0,5586.0,4080.0,13680.0,,,0.264,0.492,2.0,29520.0,34200.0,21888.0,27360.0,0.4811852064425871,36.0,47.0,465.7021276595745,144.0,13.621995539826198,False,16650.0,800.29,800.29,341.2,5.68,64.92,36.95,65.69,3.25,15.15,29.82,10.62,16.44,0.45,42.99,0.07,49.19,269.21,3.7,243.51,12.24,9.76,0.0,63.69,1.67,2.94,0.16,0.18,14.27,17.85,11.04,15.58,0.0,126.19,126.19,0.0
RM15LMGI,RM15LMGI,RH,Massiv,15 kWh,LW Wärmepumpe,mittel,Kreuzung,Gitter,286655,286654.95769007,158896.30954285714,2642.9760000000006,30232.8,17206.2,30590.1,1512.0,7055.334,13888.457142857145,4943.5199999999995,7653.974399999999,211.67999999999998,20019.600000000002,31.86,22907.807999999997,22950.2,1723.68,10983.210379344,5699.635199999999,4543.655040000001,0.0,29662,778.344,1368.0,75.936,83.46240000000002,6647.34,8310.96,5140.800000000001,7257.599999999999,0.0,75146,75146.02512786885,0.0,310.0,RH,Gitter,60000.0,6984.0,5586.0,4080.0,13680.0,,,0.264,0.492,2.0,29520.0,34200.0,21888.0,27360.0,0.4811852064425871,36.0,47.0,465.7021276595745,144.0,10.477154886332967,False,16650.0,615.53,615.53,341.2,5.68,64.92,36.95,65.69,3.25,15.15,29.82,10.62,16.44,0.45,42.99,0.07,49.19,49.28,3.7,23.58,12.24,9.76,0.0,63.69,1.67,2.94,0.16,0.18,14.27,17.85,11.04,15.58,0.0,161.36,161.36,0.0
RM15EMGI,RM15EMGI,RH,Massiv,15 kWh,Erdgas,mittel,Kreuzung,Gitter,347890,347889.8278596411,158896.30954285714,2642.9760000000006,30232.8,17206.2,30590.1,1512.0,7055.334,13888.457142857145,4943.5199999999995,7653.974399999999,211.67999999999998,20019.600000000002,31.86,22907.807999999997,24628.5,1723.68,12661.559756784001,5699.635199999999,4543.655040000001,0.0,29662,778.344,1368.0,75.936,83.46240000000002,6647.34,8310.96,5140.800000000001,7257.599999999999,0.0,134703,134702.54591999998,0.0,310.0,RH,Gitter,60000.0,6984.0,5586.0,4080.0,13680.0,,,0.264,0.492,2.0,29520.0,34200.0,21888.0,27360.0,0.4811852064425871,36.0,47.0,465.7021276595745,144.0,12.715271486097993,False,16650.0,747.02,747.02,341.2,5.68,64.92,36.95,65.69,3.25,15.15,29.82,10.62,16.44,0.45,42.99,0.07,49.19,52.88,3.7,27.19,12.24,9.76,0.0,63.69,1.67,2.94,0.16,0.18,14.27,17.85,11.04,15.58,0.0,289.25,289.25,0.0
RM30NMGI,RM30NMGI,RH,Massiv,30 kWh,Nahwärme kalt,mittel,Kreuzung,Gitter,401960,401960.3796542627,154483.03354285716,2642.9760000000006,27907.2,17206.2,28948.68,1512.0,7055.334,13888.457142857145,4943.5199999999995,7653.974399999999,211.67999999999998,20019.600000000002,31.86,22461.552,127056.7,1723.68,115089.734332944,5699.635199999999,4543.655040000001,0.0,29662,778.344,1368.0,75.936,83.46240000000002,6647.34,8310.96,5140.800000000001,7257.599999999999,0.0,90758,90758.19913846154,0.0,310.0,RH,Gitter,60000.0,6984.0,5586.0,4080.0,13680.0,,,0.264,0.492,2.0,29520.0,34200.0,21888.0,27360.0,0.4811852064425871,36.0,47.0,465.7021276595745,144.0,14.691534344088549,False,16650.0,863.13,863.13,331.72,5.68,59.92,36.95,62.16,3.25,15.15,29.82,10.62,16.44,0.45,42.99,0.07,48.23,272.83,3.7,247.13,12.24,9.76,0.0,63.69,1.67,2.94,0.16,0.18,14.27,17.85,11.04,15.58,0.0,194.88,194.88,0.0
RM30LMGI,RM30LMGI,RH,Massiv,30 kWh,LW Wärmepumpe,mittel,Kreuzung,Gitter,324028,324027.55824015685,154483.03354285716,2642.9760000000006,27907.2,17206.2,28948.68,1512.0,7055.334,13888.457142857145,4943.5199999999995,7653.974399999999,211.67999999999998,20019.600000000002,31.86,22461.552,23830.6,1723.68,11863.64430648,5699.635199999999,4543.655040000001,0.0,29662,778.344,1368.0,75.936,83.46240000000002,6647.34,8310.96,5140.800000000001,7257.599999999999,0.0,116051,116051.46775081968,0.0,310.0,RH,Gitter,60000.0,6984.0,5586.0,4080.0,13680.0,,,0.264,0.492,2.0,29520.0,34200.0,21888.0,27360.0,0.4811852064425871,36.0,47.0,465.7021276595745,144.0,11.843112508777661,False,16650.0,695.78,695.78,331.72,5.68,59.92,36.95,62.16,3.25,15.15,29.82,10.62,16.44,0.45,42.99,0.07,48.23,51.17,3.7,25.47,12.24,9.76,0.0,63.69,1.67,2.94,0.16,0.18,14.27,17.85,11.04,15.58,0.0,249.2,249.2,0.0
RM30EMGI,RM30EMGI,RH,Massiv,30 kWh,Erdgas,mittel,Kreuzung,Gitter,417190,417189.8931457851,154483.03354285716,2642.9760000000006,27907.2,17206.2,28948.68,1512.0,7055.334,13888.457142857145,4943.5199999999995,7653.974399999999,211.67999999999998,20019.600000000002,31.86,22461.552,25017.1,1723.68,13050.101042928,5699.635199999999,4543.655040000001,0.0,29662,778.344,1368.0,75.936,83.46240000000002,6647.34,8310.96,5140.800000000001,7257.599999999999,0.0,208027,208027.34591999996,0.0,310.0,RH,Gitter,60000.0,6984.0,5586.0,4080.0,13680.0,,,0.264,0.492,2.0,29520.0,34200.0,21888.0,27360.0,0.4811852064425871,36.0,47.0,465.7021276595745,144.0,15.248168609129571,False,16650.0,895.83,895.83,331.72,5.68,59.92,36.95,62.16,3.25,15.15,29.82,10.62,16.44,0.45,42.99,0.07,48.23,53.72,3.7,28.02,12.24,9.76,0.0,63.69,1.67,2.94,0.16,0.18,14.27,17.85,11.04,15.58,0.0,446.7,446.7,0.0
RM70NMGI,RM70NMGI,RH,Massiv,70 kWh,Nahwärme kalt,mittel,Kreuzung,Gitter,484949,484949.37551559566,147832.86154285714,2642.9760000000006,25581.600000000002,17206.2,25516.62,1512.0,7055.334,13888.457142857145,4943.5199999999995,7653.974399999999,211.67999999999998,20019.600000000002,31.86,21569.039999999997,131388.8,1723.68,119421.8252712,5699.635199999999,4543.655040000001,0.0,29662,778.344,1368.0,75.936,83.46240000000002,6647.34,8310.96,5140.800000000001,7257.599999999999,0.0,176065,176065.27606153852,0.0,310.0,RH,Gitter,60000.0,6984.0,5586.0,4080.0,13680.0,,,0.264,0.492,2.0,29520.0,34200.0,21888.0,27360.0,0.4811852064425871,36.0,47.0,465.7021276595745,144.0,17.724757877032005,False,16650.0,1041.33,1041.33,317.44,5.68,54.93,36.95,54.79,3.25,15.15,29.82,10.62,16.44,0.45,42.99,0.07,46.32,282.13,3.7,256.43,12.24,9.76,0.0,63.69,1.67,2.94,0.16,0.18,14.27,17.85,11.04,15.58,0.0,378.06,378.06,0.0
RM70LMGI,RM70LMGI,RH,Massiv,70 kWh,LW Wärmepumpe,mittel,Kreuzung,Gitter,428891,428890.95195855363,147832.86154285714,2642.9760000000006,25581.600000000002,17206.2,25516.62,1512.0,7055.334,13888.457142857145,4943.5199999999995,7653.974399999999,211.67999999999998,20019.600000000002,31.86,21569.039999999997,26263.0,1723.68,14296.029697008002,5699.635199999999,4543.655040000001,0.0,29662,778.344,1368.0,75.936,83.46240000000002,6647.34,8310.96,5140.800000000001,7257.599999999999,0.0,225133,225132.6480786885,0.0,310.0,RH,Gitter,60000.0,6984.0,5586.0,4080.0,13680.0,,,0.264,0.492,2.0,29520.0,34200.0,21888.0,27360.0,0.4811852064425871,36.0,47.0,465.7021276595745,144.0,15.675838887374038,False,16650.0,920.96,920.96,317.44,5.68,54.93,36.95,54.79,3.25,15.15,29.82,10.62,16.44,0.45,42.99,0.07,46.32,56.39,3.7,30.7,12.24,9.76,0.0,63.69,1.67,2.94,0.16,0.18,14.27,17.85,11.04,15.58,0.0,483.43,483.43,0.0
RM70EMGI,RM70EMGI,RH,Massiv,70 kWh,Erdgas,mittel,Kreuzung,Gitter,607097,607097.3658752572,147832.86154285714,2642.9760000000006,25581.600000000002,17206.2,25516.62,1512.0,7055.334,13888.457142857145,4943.5199999999995,7653.974399999999,211.67999999999998,20019.600000000002,31.86,21569.039999999997,26041.9,1723.68,14074.945772400002,5699.635199999999,4543.655040000001,0.0,29662,778.344,1368.0,75.936,83.46240000000002,6647.34,8310.96,5140.800000000001,7257.599999999999,0.0,403560,403560.14592000004,0.0,310.0,RH,Gitter,60000.0,6984.0,5586.0,4080.0,13680.0,,,0.264,0.492,2.0,29520.0,34200.0,21888.0,27360.0,0.4811852064425871,36.0,47.0,465.7021276595745,144.0,22.18923120889098,False,16650.0,1303.62,1303.62,317.44,5.68,54.93,36.95,54.79,3.25,15.15,29.82,10.62,16.44,0.45,42.99,0.07,46.32,55.92,3.7,30.22,12.24,9.76,0.0,63.69,1.67,2.94,0.16,0.18,14.27,17.85,11.04,15.58,0.0,866.56,866.56,0.0
ZH15NMGI,ZH15NMGI,ZH,Holz,15 kWh,Nahwärme kalt,mittel,Kreuzung,Gitter,930336,930336.2866436788,326906.10976879124,3328.223704615385,38666.159999999996,47125.92590769232,29400.684701538463,6432.59076923077,17993.100000000002,31972.69028571429,30176.055138461543,17880.014769230773,1205.878153846154,72776.74633846154,1429.56,28518.48,297892.9,369.36,254541.08118996455,26336.37888,11742.898884923077,4903.200000000001,155215,437.38800000000003,1368.0,42.672000000000004,8157.765710769233,6647.34,8310.96,5140.800000000001,0.0,125109.85846153849,150322,150322.4737476923,0.0,510.0,Zeile,Gitter,60000.0,6984.0,5586.0,4080.0,17496.0,21533.538461538465,17226.83076923077,0.2916,1.1664,4.0,69984.0,78597.4153846154,55987.200000000004,66807.80307692308,0.35196616369455874,24.0,41.0,1365.5414634146343,717.7846153846154,13.925563239558734,True,16650.0,681.29,681.29,239.4,2.44,28.32,34.51,21.53,4.71,13.18,23.41,22.1,13.09,0.88,53.3,1.05,20.88,218.15,0.27,186.4,19.29,8.6,3.59,113.67,0.32,1.0,0.03,5.97,4.87,6.09,3.76,0.0,91.62,110.08,110.08,0.0
ZH15LMGI,ZH15LMGI,ZH,Holz,15 kWh,LW Wärmepumpe,mittel,Kreuzung,Gitter,745388,745388.2090484472,326906.10976879124,3328.223704615385,38666.159999999996,47125.92590769232,29400.684701538463,6432.59076923077,17993.100000000002,31972.69028571429,30176.055138461543,17880.014769230773,1205.878153846154,72776.74633846154,1429.56,28518.48,71051.7,369.36,27699.85517324487,26336.37888,11742.898884923077,4903.200000000001,155215,437.38800000000003,1368.0,42.672000000000004,8157.765710769233,6647.34,8310.96,5140.800000000001,0.0,125109.85846153849,192216,192215.62216918034,0.0,510.0,Zeile,Gitter,60000.0,6984.0,5586.0,4080.0,17496.0,21533.538461538465,17226.83076923077,0.2916,1.1664,4.0,69984.0,78597.4153846154,55987.200000000004,66807.80307692308,0.35196616369455874,24.0,41.0,1365.5414634146343,717.7846153846154,11.157202822403857,True,16650.0,545.86,545.86,239.4,2.44,28.32,34.51,21.53,4.71,13.18,23.41,22.1,13.09,0.88,53.3,1.05,20.88,52.03,0.27,20.28,19.29,8.6,3.59,113.67,0.32,1.0,0.03,5.97,4.87,6.09,3.76,0.0,91.62,140.76,140.76,0.0
ZH15EMGI,ZH15EMGI,ZH,Holz,15 kWh,Erdgas,mittel,Kreuzung,Gitter,899014,899014.0305821339,326906.10976879124,3328.223704615385,38666.159999999996,47125.92590769232,29400.684701538463,6432.59076923077,17993.100000000002,31972.69028571429,30176.055138461543,17880.014769230773,1205.878153846154,72776.74633846154,1429.56,28518.48,72338.2,369.36,28986.36562811181,26336.37888,11742.898884923077,4903.200000000001,155215,437.38800000000003,1368.0,42.672000000000004,8157.765710769233,6647.34,8310.96,5140.800000000001,0.0,125109.85846153849,344555,344554.93324800004,0.0,510.0,Zeile,Gitter,60000.0,6984.0,5586.0,4080.0,17496.0,21533.538461538465,17226.83076923077,0.2916,1.1664,4.0,69984.0,78597.4153846154,55987.200000000004,66807.80307692308,0.35196616369455874,24.0,41.0,1365.5414634146343,717.7846153846154,13.456721957268993,True,16650.0,658.36,658.36,239.4,2.44,28.32,34.51,21.53,4.71,13.18,23.41,22.1,13.09,0.88,53.3,1.05,20.88,52.97,0.27,21.23,19.29,8.6,3.59,113.67,0.32,1.0,0.03,5.97,4.87,6.09,3.76,0.0,91.62,252.32,252.32,0.0
ZH30NMGI,ZH30NMGI,ZH,Holz,30 kWh,Nahwärme kalt,mittel,Kreuzung,Gitter,1007021,1007021.4475706373,314418.3176703297,3328.223704615385,35691.840000000004,47125.92590769232,23736.332603076924,6432.59076923077,17993.100000000002,31972.69028571429,30176.055138461543,17880.014769230773,1205.878153846154,72776.74633846154,1429.56,24669.359999999997,305238.4,369.36,261886.58806153847,26336.37888,11742.898884923077,4903.200000000001,155215,437.38800000000003,1368.0,42.672000000000004,8157.765710769233,6647.34,8310.96,5140.800000000001,0.0,125109.85846153849,232150,232149.91990153847,0.0,510.0,Zeile,Gitter,60000.0,6984.0,5586.0,4080.0,17496.0,21533.538461538465,17226.83076923077,0.2916,1.1664,4.0,69984.0,78597.4153846154,55987.200000000004,66807.80307692308,0.35196616369455874,24.0,41.0,1365.5414634146343,717.7846153846154,15.073410607607382,True,16650.0,737.45,737.45,230.25,2.44,26.14,34.51,17.38,4.71,13.18,23.41,22.1,13.09,0.88,53.3,1.05,18.07,223.53,0.27,191.78,19.29,8.6,3.59,113.67,0.32,1.0,0.03,5.97,4.87,6.09,3.76,0.0,91.62,170.01,170.01,0.0
ZH30LMGI,ZH30LMGI,ZH,Holz,30 kWh,LW Wärmepumpe,mittel,Kreuzung,Gitter,843086,843086.0440113231,314418.3176703297,3328.223704615385,35691.840000000004,47125.92590769232,23736.332603076924,6432.59076923077,17993.100000000002,31972.69028571429,30176.055138461543,17880.014769230773,1205.878153846154,72776.74633846154,1429.56,24669.359999999997,76605.5,369.36,33253.66584113958,26336.37888,11742.898884923077,4903.200000000001,155215,437.38800000000003,1368.0,42.672000000000004,8157.765710769233,6647.34,8310.96,5140.800000000001,0.0,125109.85846153849,296847,296847.438562623,0.0,510.0,Zeile,Gitter,60000.0,6984.0,5586.0,4080.0,17496.0,21533.538461538465,17226.83076923077,0.2916,1.1664,4.0,69984.0,78597.4153846154,55987.200000000004,66807.80307692308,0.35196616369455874,24.0,41.0,1365.5414634146343,717.7846153846154,12.619574438641344,True,16650.0,617.4,617.4,230.25,2.44,26.14,34.51,17.38,4.71,13.18,23.41,22.1,13.09,0.88,53.3,1.05,18.07,56.1,0.27,24.35,19.29,8.6,3.59,113.67,0.32,1.0,0.03,5.97,4.87,6.09,3.76,0.0,91.62,217.38,217.38,0.0
ZH30EMGI,ZH30EMGI,ZH,Holz,30 kWh,Erdgas,mittel,Kreuzung,Gitter,1088197,1088196.5853494368,314418.3176703297,3328.223704615385,35691.840000000004,47125.92590769232,23736.332603076924,6432.59076923077,17993.100000000002,31972.69028571429,30176.055138461543,17880.014769230773,1205.878153846154,72776.74633846154,1429.56,24669.359999999997,86451.4,369.36,43099.592493876524,26336.37888,11742.898884923077,4903.200000000001,155215,437.38800000000003,1368.0,42.672000000000004,8157.765710769233,6647.34,8310.96,5140.800000000001,0.0,125109.85846153849,532112,532112.053248,0.0,510.0,Zeile,Gitter,60000.0,6984.0,5586.0,4080.0,17496.0,21533.538461538465,17226.83076923077,0.2916,1.1664,4.0,69984.0,78597.4153846154,55987.200000000004,66807.80307692308,0.35196616369455874,24.0,41.0,1365.5414634146343,717.7846153846154,16.28846534732594,True,16650.0,796.9,796.9,230.25,2.44,26.14,34.51,17.38,4.71,13.18,23.41,22.1,13.09,0.88,53.3,1.05,18.07,63.31,0.27,31.56,19.29,8.6,3.59,113.67,0.32,1.0,0.03,5.97,4.87,6.09,3.76,0.0,91.62,389.67,389.67,0.0
ZH70NMGI,ZH70NMGI,ZH,Holz,70 kWh,Nahwärme kalt,mittel,Kreuzung,Gitter,1229071,1229070.7968533672,304117.5381995605,3328.223704615385,32717.52,47125.92590769232,21308.75313230769,6432.59076923077,17993.100000000002,31972.69028571429,30176.055138461543,17880.014769230773,1205.878153846154,72776.74633846154,1429.56,19770.48,319382.0,369.36,276030.1937381145,26336.37888,11742.898884923077,4903.200000000001,155215,437.38800000000003,1368.0,42.672000000000004,8157.765710769233,6647.34,8310.96,5140.800000000001,0.0,125109.85846153849,450356,450356.4429784616,0.0,510.0,Zeile,Gitter,60000.0,6984.0,5586.0,4080.0,17496.0,21533.538461538465,17226.83076923077,0.2916,1.1664,4.0,69984.0,78597.4153846154,55987.200000000004,66807.80307692308,0.35196616369455874,24.0,41.0,1365.5414634146343,717.7846153846154,18.39711441249168,True,16650.0,900.06,900.06,222.71,2.44,23.96,34.51,15.6,4.71,13.18,23.41,22.1,13.09,0.88,53.3,1.05,14.48,233.89,0.27,202.14,19.29,8.6,3.59,113.67,0.32,1.0,0.03,5.97,4.87,6.09,3.76,0.0,91.62,329.8,329.8,0.0
ZH70LMGI,ZH70LMGI,ZH,Holz,70 kWh,LW Wärmepumpe,mittel,Kreuzung,Gitter,1120909,1120909.2401205716,304117.5381995605,3328.223704615385,32717.52,47125.92590769232,21308.75313230769,6432.59076923077,17993.100000000002,31972.69028571429,30176.055138461543,17880.014769230773,1205.878153846154,72776.74633846154,1429.56,19770.48,85711.3,369.36,42359.464371976974,26336.37888,11742.898884923077,4903.200000000001,155215,437.38800000000003,1368.0,42.672000000000004,8157.765710769233,6647.34,8310.96,5140.800000000001,0.0,125109.85846153849,575866,575865.6156118034,0.0,510.0,Zeile,Gitter,60000.0,6984.0,5586.0,4080.0,17496.0,21533.538461538465,17226.83076923077,0.2916,1.1664,4.0,69984.0,78597.4153846154,55987.200000000004,66807.80307692308,0.35196616369455874,24.0,41.0,1365.5414634146343,717.7846153846154,16.77811855046254,True,16650.0,820.85,820.85,222.71,2.44,23.96,34.51,15.6,4.71,13.18,23.41,22.1,13.09,0.88,53.3,1.05,14.48,62.77,0.27,31.02,19.29,8.6,3.59,113.67,0.32,1.0,0.03,5.97,4.87,6.09,3.76,0.0,91.62,421.71,421.71,0.0
ZH70EMGI,ZH70EMGI,ZH,Holz,70 kWh,Erdgas,mittel,Kreuzung,Gitter,1584086,1584086.411328597,304117.5381995605,3328.223704615385,32717.52,47125.92590769232,21308.75313230769,6432.59076923077,17993.100000000002,31972.69028571429,30176.055138461543,17880.014769230773,1205.878153846154,72776.74633846154,1429.56,19770.48,92489.7,369.36,49137.87794380569,26336.37888,11742.898884923077,4903.200000000001,155215,437.38800000000003,1368.0,42.672000000000004,8157.765710769233,6647.34,8310.96,5140.800000000001,0.0,125109.85846153849,1032264,1032264.3732479999,0.0,510.0,Zeile,Gitter,60000.0,6984.0,5586.0,4080.0,17496.0,21533.538461538465,17226.83076923077,0.2916,1.1664,4.0,69984.0,78597.4153846154,55987.200000000004,66807.80307692308,0.35196616369455874,24.0,41.0,1365.5414634146343,717.7846153846154,23.711098679665696,True,16650.0,1160.04,1160.04,222.71,2.44,23.96,34.51,15.6,4.71,13.18,23.41,22.1,13.09,0.88,53.3,1.05,14.48,67.73,0.27,35.98,19.29,8.6,3.59,113.67,0.32,1.0,0.03,5.97,4.87,6.09,3.76,0.0,91.62,755.94,755.94,0.0
ZM15NMGI,ZM15NMGI,ZH,Massiv,15 kWh,Nahwärme kalt,mittel,Kreuzung,Gitter,1013063,1013063.0703975249,409632.8935226373,3328.223704615385,38666.159999999996,47125.92590769232,71208.99780923077,6432.59076923077,17993.100000000002,31972.69028571429,48956.88960000001,23586.402461538466,1205.878153846154,79935.11483076925,1429.56,37791.36,297892.9,369.36,254541.08118996455,26336.37888,11742.898884923077,4903.200000000001,155215,437.38800000000003,1368.0,42.672000000000004,8157.765710769233,6647.34,8310.96,5140.800000000001,0.0,125109.85846153849,150322,150322.4737476923,0.0,510.0,Zeile,Gitter,60000.0,6984.0,5586.0,4080.0,17496.0,21533.538461538465,17226.83076923077,0.2916,1.1664,4.0,69984.0,78597.4153846154,55987.200000000004,66807.80307692308,0.35196616369455874,24.0,41.0,1365.5414634146343,717.7846153846154,15.163843499404933,True,16650.0,741.88,741.88,299.98,2.44,28.32,34.51,52.15,4.71,13.18,23.41,35.85,17.27,0.88,58.54,1.05,27.67,218.15,0.27,186.4,19.29,8.6,3.59,113.67,0.32,1.0,0.03,5.97,4.87,6.09,3.76,0.0,91.62,110.08,110.08,0.0
ZM15LMGI,ZM15LMGI,ZH,Massiv,15 kWh,LW Wärmepumpe,mittel,Kreuzung,Gitter,828115,828114.9928022933,409632.8935226373,3328.223704615385,38666.159999999996,47125.92590769232,71208.99780923077,6432.59076923077,17993.100000000002,31972.69028571429,48956.88960000001,23586.402461538466,1205.878153846154,79935.11483076925,1429.56,37791.36,71051.7,369.36,27699.85517324487,26336.37888,11742.898884923077,4903.200000000001,155215,437.38800000000003,1368.0,42.672000000000004,8157.765710769233,6647.34,8310.96,5140.800000000001,0.0,125109.85846153849,192216,192215.62216918034,0.0,510.0,Zeile,Gitter,60000.0,6984.0,5586.0,4080.0,17496.0,21533.538461538465,17226.83076923077,0.2916,1.1664,4.0,69984.0,78597.4153846154,55987.200000000004,66807.80307692308,0.35196616369455874,24.0,41.0,1365.5414634146343,717.7846153846154,12.395483082250058,True,16650.0,606.44,606.44,299.98,2.44,28.32,34.51,52.15,4.71,13.18,23.41,35.85,17.27,0.88,58.54,1.05,27.67,52.03,0.27,20.28,19.29,8.6,3.59,113.67,0.32,1.0,0.03,5.97,4.87,6.09,3.76,0.0,91.62,140.76,140.76,0.0
ZM15EMGI,ZM15EMGI,ZH,Massiv,15 kWh,Erdgas,mittel,Kreuzung,Gitter,981741,981740.81433598,409632.8935226373,3328.223704615385,38666.159999999996,47125.92590769232,71208.99780923077,6432.59076923077,17993.100000000002,31972.69028571429,48956.88960000001,23586.402461538466,1205.878153846154,79935.11483076925,1429.56,37791.36,72338.2,369.36,28986.36562811181,26336.37888,11742.898884923077,4903.200000000001,155215,437.38800000000003,1368.0,42.672000000000004,8157.765710769233,6647.34,8310.96,5140.800000000001,0.0,125109.85846153849,344555,344554.93324800004,0.0,510.0,Zeile,Gitter,60000.0,6984.0,5586.0,4080.0,17496.0,21533.538461538465,17226.83076923077,0.2916,1.1664,4.0,69984.0,78597.4153846154,55987.200000000004,66807.80307692308,0.35196616369455874,24.0,41.0,1365.5414634146343,717.7846153846154,14.695002217115196,True,16650.0,718.94,718.94,299.98,2.44,28.32,34.51,52.15,4.71,13.18,23.41,35.85,17.27,0.88,58.54,1.05,27.67,52.97,0.27,21.23,19.29,8.6,3.59,113.67,0.32,1.0,0.03,5.97,4.87,6.09,3.76,0.0,91.62,252.32,252.32,0.0
ZM30NMGI,ZM30NMGI,ZH,Massiv,30 kWh,Nahwärme kalt,mittel,Kreuzung,Gitter,1089960,1089959.6339583297,397356.504058022,3328.223704615385,35691.840000000004,47125.92590769232,63656.52834461538,6432.59076923077,17993.100000000002,31972.69028571429,48956.88960000001,23586.402461538466,1205.878153846154,79935.11483076925,1429.56,36041.76,305238.4,369.36,261886.58806153847,26336.37888,11742.898884923077,4903.200000000001,155215,437.38800000000003,1368.0,42.672000000000004,8157.765710769233,6647.34,8310.96,5140.800000000001,0.0,125109.85846153849,232150,232149.91990153847,0.0,510.0,Zeile,Gitter,60000.0,6984.0,5586.0,4080.0,17496.0,21533.538461538465,17226.83076923077,0.2916,1.1664,4.0,69984.0,78597.4153846154,55987.200000000004,66807.80307692308,0.35196616369455874,24.0,41.0,1365.5414634146343,717.7846153846154,16.31485520790649,True,16650.0,798.19,798.19,290.99,2.44,26.14,34.51,46.62,4.71,13.18,23.41,35.85,17.27,0.88,58.54,1.05,26.39,223.53,0.27,191.78,19.29,8.6,3.59,113.67,0.32,1.0,0.03,5.97,4.87,6.09,3.76,0.0,91.62,170.01,170.01,0.0
ZM30LMGI,ZM30LMGI,ZH,Massiv,30 kWh,LW Wärmepumpe,mittel,Kreuzung,Gitter,926024,926024.2303990154,397356.504058022,3328.223704615385,35691.840000000004,47125.92590769232,63656.52834461538,6432.59076923077,17993.100000000002,31972.69028571429,48956.88960000001,23586.402461538466,1205.878153846154,79935.11483076925,1429.56,36041.76,76605.5,369.36,33253.66584113958,26336.37888,11742.898884923077,4903.200000000001,155215,437.38800000000003,1368.0,42.672000000000004,8157.765710769233,6647.34,8310.96,5140.800000000001,0.0,125109.85846153849,296847,296847.438562623,0.0,510.0,Zeile,Gitter,60000.0,6984.0,5586.0,4080.0,17496.0,21533.538461538465,17226.83076923077,0.2916,1.1664,4.0,69984.0,78597.4153846154,55987.200000000004,66807.80307692308,0.35196616369455874,24.0,41.0,1365.5414634146343,717.7846153846154,13.861019038940452,True,16650.0,678.14,678.14,290.99,2.44,26.14,34.51,46.62,4.71,13.18,23.41,35.85,17.27,0.88,58.54,1.05,26.39,56.1,0.27,24.35,19.29,8.6,3.59,113.67,0.32,1.0,0.03,5.97,4.87,6.09,3.76,0.0,91.62,217.38,217.38,0.0
ZM30EMGI,ZM30EMGI,ZH,Massiv,30 kWh,Erdgas,mittel,Kreuzung,Gitter,1171135,1171134.7717371294,397356.504058022,3328.223704615385,35691.840000000004,47125.92590769232,63656.52834461538,6432.59076923077,17993.100000000002,31972.69028571429,48956.88960000001,23586.402461538466,1205.878153846154,79935.11483076925,1429.56,36041.76,86451.4,369.36,43099.592493876524,26336.37888,11742.898884923077,4903.200000000001,155215,437.38800000000003,1368.0,42.672000000000004,8157.765710769233,6647.34,8310.96,5140.800000000001,0.0,125109.85846153849,532112,532112.053248,0.0,510.0,Zeile,Gitter,60000.0,6984.0,5586.0,4080.0,17496.0,21533.538461538465,17226.83076923077,0.2916,1.1664,4.0,69984.0,78597.4153846154,55987.200000000004,66807.80307692308,0.35196616369455874,24.0,41.0,1365.5414634146343,717.7846153846154,17.52990994762505,True,16650.0,857.63,857.63,290.99,2.44,26.14,34.51,46.62,4.71,13.18,23.41,35.85,17.27,0.88,58.54,1.05,26.39,63.31,0.27,31.56,19.29,8.6,3.59,113.67,0.32,1.0,0.03,5.97,4.87,6.09,3.76,0.0,91.62,389.67,389.67,0.0
ZM70NMGI,ZM70NMGI,ZH,Massiv,70 kWh,Nahwärme kalt,mittel,Kreuzung,Gitter,1309457,1309457.468508752,384504.209854945,3328.223704615385,32717.52,47125.92590769232,57452.714141538454,6432.59076923077,17993.100000000002,31972.69028571429,48956.88960000001,23586.402461538466,1205.878153846154,79935.11483076925,1429.56,32367.600000000002,319382.0,369.36,276030.1937381145,26336.37888,11742.898884923077,4903.200000000001,155215,437.38800000000003,1368.0,42.672000000000004,8157.765710769233,6647.34,8310.96,5140.800000000001,0.0,125109.85846153849,450356,450356.4429784616,0.0,510.0,Zeile,Gitter,60000.0,6984.0,5586.0,4080.0,17496.0,21533.538461538465,17226.83076923077,0.2916,1.1664,4.0,69984.0,78597.4153846154,55987.200000000004,66807.80307692308,0.35196616369455874,24.0,41.0,1365.5414634146343,717.7846153846154,19.600367145751395,True,16650.0,958.93,958.93,281.58,2.44,23.96,34.51,42.07,4.71,13.18,23.41,35.85,17.27,0.88,58.54,1.05,23.7,233.89,0.27,202.14,19.29,8.6,3.59,113.67,0.32,1.0,0.03,5.97,4.87,6.09,3.76,0.0,91.62,329.8,329.8,0.0
ZM70LMGI,ZM70LMGI,ZH,Massiv,70 kWh,LW Wärmepumpe,mittel,Kreuzung,Gitter,1201296,1201295.9117759562,384504.209854945,3328.223704615385,32717.52,47125.92590769232,57452.714141538454,6432.59076923077,17993.100000000002,31972.69028571429,48956.88960000001,23586.402461538466,1205.878153846154,79935.11483076925,1429.56,32367.600000000002,85711.3,369.36,42359.464371976974,26336.37888,11742.898884923077,4903.200000000001,155215,437.38800000000003,1368.0,42.672000000000004,8157.765710769233,6647.34,8310.96,5140.800000000001,0.0,125109.85846153849,575866,575865.6156118034,0.0,510.0,Zeile,Gitter,60000.0,6984.0,5586.0,4080.0,17496.0,21533.538461538465,17226.83076923077,0.2916,1.1664,4.0,69984.0,78597.4153846154,55987.200000000004,66807.80307692308,0.35196616369455874,24.0,41.0,1365.5414634146343,717.7846153846154,17.981371283722257,True,16650.0,879.72,879.72,281.58,2.44,23.96,34.51,42.07,4.71,13.18,23.41,35.85,17.27,0.88,58.54,1.05,23.7,62.77,0.27,31.02,19.29,8.6,3.59,113.67,0.32,1.0,0.03,5.97,4.87,6.09,3.76,0.0,91.62,421.71,421.71,0.0
ZM70EMGI,ZM70EMGI,ZH,Massiv,70 kWh,Erdgas,mittel,Kreuzung,Gitter,1664473,1664473.0829839814,384504.209854945,3328.223704615385,32717.52,47125.92590769232,57452.714141538454,6432.59076923077,17993.100000000002,31972.69028571429,48956.88960000001,23586.402461538466,1205.878153846154,79935.11483076925,1429.56,32367.600000000002,92489.7,369.36,49137.87794380569,26336.37888,11742.898884923077,4903.200000000001,155215,437.38800000000003,1368.0,42.672000000000004,8157.765710769233,6647.34,8310.96,5140.800000000001,0.0,125109.85846153849,1032264,1032264.3732479999,0.0,510.0,Zeile,Gitter,60000.0,6984.0,5586.0,4080.0,17496.0,21533.538461538465,17226.83076923077,0.2916,1.1664,4.0,69984.0,78597.4153846154,55987.200000000004,66807.80307692308,0.35196616369455874,24.0,41.0,1365.5414634146343,717.7846153846154,24.914351412925413,True,16650.0,1218.91,1218.91,281.58,2.44,23.96,34.51,42.07,4.71,13.18,23.41,35.85,17.27,0.88,58.54,1.05,23.7,67.73,0.27,35.98,19.29,8.6,3.59,113.67,0.32,1.0,0.03,5.97,4.87,6.09,3.76,0.0,91.62,755.94,755.94,0.0
PH15NMGI,PH15NMGI,PH,Holz,15 kWh,Nahwärme kalt,mittel,Kreuzung,Gitter,614858,614858.1973693732,227069.12786637366,2218.8158030769237,25777.44,31328.803938461537,25128.06446769231,4624.393846153846,14385.6,21315.12685714286,24097.09292307693,8838.799753846153,401.9593846153846,48381.190892307684,1559.52,19012.32,176764.8,430.92,143592.9290463841,17557.58592,7828.5992566153855,7354.8,110809,452.886,1368.0,44.184,5438.510473846156,6647.34,8310.96,5140.800000000001,0.0,83406.57230769233,100215,100214.98249846156,0.0,410.0,Punkt,Gitter,60000.0,6984.0,5586.0,4080.0,11664.0,14355.69230769231,11484.553846153849,0.1944,0.7776,4.0,46656.0,52398.276923076926,37324.8,44538.53538461538,0.3888888888888889,36.0,41.0,910.360975609756,478.523076923077,13.805083442006472,True,16650.0,675.4,675.4,249.43,2.44,28.32,34.41,27.6,5.08,15.8,23.41,26.47,9.71,0.44,53.15,1.71,20.88,194.17,0.47,157.73,19.29,8.6,8.08,121.72,0.5,1.5,0.05,5.97,7.3,9.13,5.65,0.0,91.62,110.08,110.08,0.0
PH15LMGI,PH15LMGI,PH,Holz,15 kWh,LW Wärmepumpe,mittel,Kreuzung,Gitter,518067,518066.6041936015,227069.12786637366,2218.8158030769237,25777.44,31328.803938461537,25128.06446769231,4624.393846153846,14385.6,21315.12685714286,24097.09292307693,8838.799753846153,401.9593846153846,48381.190892307684,1559.52,19012.32,52044.5,430.92,18872.570256287083,17557.58592,7828.5992566153855,7354.8,110809,452.886,1368.0,44.184,5438.510473846156,6647.34,8310.96,5140.800000000001,0.0,83406.57230769233,128144,128143.74811278691,0.0,410.0,Punkt,Gitter,60000.0,6984.0,5586.0,4080.0,11664.0,14355.69230769231,11484.553846153849,0.1944,0.7776,4.0,46656.0,52398.276923076926,37324.8,44538.53538461538,0.3888888888888889,36.0,41.0,910.360975609756,478.523076923077,11.631873381551596,True,16650.0,569.08,569.08,249.43,2.44,28.32,34.41,27.6,5.08,15.8,23.41,26.47,9.71,0.44,53.15,1.71,20.88,57.17,0.47,20.73,19.29,8.6,8.08,121.72,0.5,1.5,0.05,5.97,7.3,9.13,5.65,0.0,91.62,140.76,140.76,0.0
PH15EMGI,PH15EMGI,PH,Holz,15 kWh,Erdgas,mittel,Kreuzung,Gitter,620840,620839.5367325065,227069.12786637366,2218.8158030769237,25777.44,31328.803938461537,25128.06446769231,4624.393846153846,14385.6,21315.12685714286,24097.09292307693,8838.799753846153,401.9593846153846,48381.190892307684,1559.52,19012.32,53257.9,430.92,20085.962075978954,17557.58592,7828.5992566153855,7354.8,110809,452.886,1368.0,44.184,5438.510473846156,6647.34,8310.96,5140.800000000001,0.0,83406.57230769233,229703,229703.28883200002,0.0,410.0,Punkt,Gitter,60000.0,6984.0,5586.0,4080.0,11664.0,14355.69230769231,11484.553846153849,0.1944,0.7776,4.0,46656.0,52398.276923076926,37324.8,44538.53538461538,0.3888888888888889,36.0,41.0,910.360975609756,478.523076923077,13.939379267216733,True,16650.0,681.97,681.97,249.43,2.44,28.32,34.41,27.6,5.08,15.8,23.41,26.47,9.71,0.44,53.15,1.71,20.88,58.5,0.47,22.06,19.29,8.6,8.08,121.72,0.5,1.5,0.05,5.97,7.3,9.13,5.65,0.0,91.62,252.32,252.32,0.0
PH30NMGI,PH30NMGI,PH,Holz,30 kWh,Nahwärme kalt,mittel,Kreuzung,Gitter,662647,662646.5253188703,217678.98113406592,2218.8158030769237,23794.56,31328.803938461537,20286.877735384616,4624.393846153846,14385.6,21315.12685714286,24097.09292307693,8838.799753846153,401.9593846153846,48381.190892307684,1559.52,16446.239999999998,179391.7,430.92,146219.77295895806,17557.58592,7828.5992566153855,7354.8,110809,452.886,1368.0,44.184,5438.510473846156,6647.34,8310.96,5140.800000000001,0.0,83406.57230769233,154767,154766.61326769233,0.0,410.0,Punkt,Gitter,60000.0,6984.0,5586.0,4080.0,11664.0,14355.69230769231,11484.553846153849,0.1944,0.7776,4.0,46656.0,52398.276923076926,37324.8,44538.53538461538,0.3888888888888889,36.0,41.0,910.360975609756,478.523076923077,14.878049302621733,True,16650.0,727.89,727.89,239.11,2.44,26.14,34.41,22.28,5.08,15.8,23.41,26.47,9.71,0.44,53.15,1.71,18.07,197.06,0.47,160.62,19.29,8.6,8.08,121.72,0.5,1.5,0.05,5.97,7.3,9.13,5.65,0.0,91.62,170.01,170.01,0.0
PH30LMGI,PH30LMGI,PH,Holz,30 kWh,LW Wärmepumpe,mittel,Kreuzung,Gitter,579897,579897.2132257245,217678.98113406592,2218.8158030769237,23794.56,31328.803938461537,20286.877735384616,4624.393846153846,14385.6,21315.12685714286,24097.09292307693,8838.799753846153,401.9593846153846,48381.190892307684,1559.52,16446.239999999998,53510.7,430.92,20338.781758422687,17557.58592,7828.5992566153855,7354.8,110809,452.886,1368.0,44.184,5438.510473846156,6647.34,8310.96,5140.800000000001,0.0,83406.57230769233,197898,197898.292375082,0.0,410.0,Punkt,Gitter,60000.0,6984.0,5586.0,4080.0,11664.0,14355.69230769231,11484.553846153849,0.1944,0.7776,4.0,46656.0,52398.276923076926,37324.8,44538.53538461538,0.3888888888888889,36.0,41.0,910.360975609756,478.523076923077,13.020123096055695,True,16650.0,637.0,637.0,239.11,2.44,26.14,34.41,22.28,5.08,15.8,23.41,26.47,9.71,0.44,53.15,1.71,18.07,58.78,0.47,22.34,19.29,8.6,8.08,121.72,0.5,1.5,0.05,5.97,7.3,9.13,5.65,0.0,91.62,217.38,217.38,0.0
PH30EMGI,PH30EMGI,PH,Holz,30 kWh,Erdgas,mittel,Kreuzung,Gitter,738351,738351.1250422301,217678.98113406592,2218.8158030769237,23794.56,31328.803938461537,20286.877735384616,4624.393846153846,14385.6,21315.12685714286,24097.09292307693,8838.799753846153,401.9593846153846,48381.190892307684,1559.52,16446.239999999998,55121.5,430.92,21949.617118010287,17557.58592,7828.5992566153855,7354.8,110809,452.886,1368.0,44.184,5438.510473846156,6647.34,8310.96,5140.800000000001,0.0,83406.57230769233,354741,354741.368832,0.0,410.0,Punkt,Gitter,60000.0,6984.0,5586.0,4080.0,11664.0,14355.69230769231,11484.553846153849,0.1944,0.7776,4.0,46656.0,52398.276923076926,37324.8,44538.53538461538,0.3888888888888889,36.0,41.0,910.360975609756,478.523076923077,16.57780433654029,True,16650.0,811.05,811.05,239.11,2.44,26.14,34.41,22.28,5.08,15.8,23.41,26.47,9.71,0.44,53.15,1.71,18.07,60.55,0.47,24.11,19.29,8.6,8.08,121.72,0.5,1.5,0.05,5.97,7.3,9.13,5.65,0.0,91.62,389.67,389.67,0.0
PH70NMGI,PH70NMGI,PH,Holz,70 kWh,Nahwärme kalt,mittel,Kreuzung,Gitter,810478,810478.2662828472,210355.38682021984,2218.8158030769237,21811.68,31328.803938461537,18212.083421538464,4624.393846153846,14385.6,21315.12685714286,24097.09292307693,8838.799753846153,401.9593846153846,48381.190892307684,1559.52,13180.319999999998,189076.0,430.92,155904.09285216566,17557.58592,7828.5992566153855,7354.8,110809,452.886,1368.0,44.184,5438.510473846156,6647.34,8310.96,5140.800000000001,0.0,83406.57230769233,300238,300237.6286523077,0.0,410.0,Punkt,Gitter,60000.0,6984.0,5586.0,4080.0,11664.0,14355.69230769231,11484.553846153849,0.1944,0.7776,4.0,46656.0,52398.276923076926,37324.8,44538.53538461538,0.3888888888888889,36.0,41.0,910.360975609756,478.523076923077,18.197236601606,True,16650.0,890.28,890.28,231.07,2.44,23.96,34.41,20.01,5.08,15.8,23.41,26.47,9.71,0.44,53.15,1.71,14.48,207.69,0.47,171.26,19.29,8.6,8.08,121.72,0.5,1.5,0.05,5.97,7.3,9.13,5.65,0.0,91.62,329.8,329.8,0.0
PH70LMGI,PH70LMGI,PH,Holz,70 kWh,LW Wärmepumpe,mittel,Kreuzung,Gitter,765387,765386.6106919375,210355.38682021984,2218.8158030769237,21811.68,31328.803938461537,18212.083421538464,4624.393846153846,14385.6,21315.12685714286,24097.09292307693,8838.799753846153,401.9593846153846,48381.190892307684,1559.52,13180.319999999998,60311.6,430.92,27139.655505694856,17557.58592,7828.5992566153855,7354.8,110809,452.886,1368.0,44.184,5438.510473846156,6647.34,8310.96,5140.800000000001,0.0,83406.57230769233,383910,383910.4104078689,0.0,410.0,Punkt,Gitter,60000.0,6984.0,5586.0,4080.0,11664.0,14355.69230769231,11484.553846153849,0.1944,0.7776,4.0,46656.0,52398.276923076926,37324.8,44538.53538461538,0.3888888888888889,36.0,41.0,910.360975609756,478.523076923077,17.184817688376867,True,16650.0,840.75,840.75,231.07,2.44,23.96,34.41,20.01,5.08,15.8,23.41,26.47,9.71,0.44,53.15,1.71,14.48,66.25,0.47,29.81,19.29,8.6,8.08,121.72,0.5,1.5,0.05,5.97,7.3,9.13,5.65,0.0,91.62,421.71,421.71,0.0
PH70EMGI,PH70EMGI,PH,Holz,70 kWh,Erdgas,mittel,Kreuzung,Gitter,1073915,1073914.84480348,210355.38682021984,2218.8158030769237,21811.68,31328.803938461537,18212.083421538464,4624.393846153846,14385.6,21315.12685714286,24097.09292307693,8838.799753846153,401.9593846153846,48381.190892307684,1559.52,13180.319999999998,64574.0,430.92,31402.051193106163,17557.58592,7828.5992566153855,7354.8,110809,452.886,1368.0,44.184,5438.510473846156,6647.34,8310.96,5140.800000000001,0.0,83406.57230769233,688176,688176.2488320001,0.0,410.0,Punkt,Gitter,60000.0,6984.0,5586.0,4080.0,11664.0,14355.69230769231,11484.553846153849,0.1944,0.7776,4.0,46656.0,52398.276923076926,37324.8,44538.53538461538,0.3888888888888889,36.0,41.0,910.360975609756,478.523076923077,24.11203771138003,True,16650.0,1179.66,1179.66,231.07,2.44,23.96,34.41,20.01,5.08,15.8,23.41,26.47,9.71,0.44,53.15,1.71,14.48,70.93,0.47,34.49,19.29,8.6,8.08,121.72,0.5,1.5,0.05,5.97,7.3,9.13,5.65,0.0,91.62,755.94,755.94,0.0
PM15NMGI,PM15NMGI,PH,Massiv,15 kWh,Nahwärme kalt,mittel,Kreuzung,Gitter,679294,679294.2683847579,291505.1988817583,2218.8158030769237,25777.44,31328.803938461537,60860.633206153856,4624.393846153846,14385.6,21315.12685714286,39038.97600000001,11659.693292307693,401.9593846153846,53139.99655384615,1559.52,25194.24,176764.8,430.92,143592.9290463841,17557.58592,7828.5992566153855,7354.8,110809,452.886,1368.0,44.184,5438.510473846156,6647.34,8310.96,5140.800000000001,0.0,83406.57230769233,100215,100214.98249846156,0.0,410.0,Punkt,Gitter,60000.0,6984.0,5586.0,4080.0,11664.0,14355.69230769231,11484.553846153849,0.1944,0.7776,4.0,46656.0,52398.276923076926,37324.8,44538.53538461538,0.3888888888888889,36.0,41.0,910.360975609756,478.523076923077,15.251832205946348,True,16650.0,746.18,746.18,320.21,2.44,28.32,34.41,66.85,5.08,15.8,23.41,42.88,12.81,0.44,58.37,1.71,27.68,194.17,0.47,157.73,19.29,8.6,8.08,121.72,0.5,1.5,0.05,5.97,7.3,9.13,5.65,0.0,91.62,110.08,110.08,0.0
PM15LMGI,PM15LMGI,PH,Massiv,15 kWh,LW Wärmepumpe,mittel,Kreuzung,Gitter,582503,582502.6752089862,291505.1988817583,2218.8158030769237,25777.44,31328.803938461537,60860.633206153856,4624.393846153846,14385.6,21315.12685714286,39038.97600000001,11659.693292307693,401.9593846153846,53139.99655384615,1559.52,25194.24,52044.5,430.92,18872.570256287083,17557.58592,7828.5992566153855,7354.8,110809,452.886,1368.0,44.184,5438.510473846156,6647.34,8310.96,5140.800000000001,0.0,83406.57230769233,128144,128143.74811278691,0.0,410.0,Punkt,Gitter,60000.0,6984.0,5586.0,4080.0,11664.0,14355.69230769231,11484.553846153849,0.1944,0.7776,4.0,46656.0,52398.276923076926,37324.8,44538.53538461538,0.3888888888888889,36.0,41.0,910.360975609756,478.523076923077,13.078622145491469,True,16650.0,639.86,639.86,320.21,2.44,28.32,34.41,66.85,5.08,15.8,23.41,42.88,12.81,0.44,58.37,1.71,27.68,57.17,0.47,20.73,19.29,8.6,8.08,121.72,0.5,1.5,0.05,5.97,7.3,9.13,5.65,0.0,91.62,140.76,140.76,0.0
PM15EMGI,PM15EMGI,PH,Massiv,15 kWh,Erdgas,mittel,Kreuzung,Gitter,685276,685275.6077478911,291505.1988817583,2218.8158030769237,25777.44,31328.803938461537,60860.633206153856,4624.393846153846,14385.6,21315.12685714286,39038.97600000001,11659.693292307693,401.9593846153846,53139.99655384615,1559.52,25194.24,53257.9,430.92,20085.962075978954,17557.58592,7828.5992566153855,7354.8,110809,452.886,1368.0,44.184,5438.510473846156,6647.34,8310.96,5140.800000000001,0.0,83406.57230769233,229703,229703.28883200002,0.0,410.0,Punkt,Gitter,60000.0,6984.0,5586.0,4080.0,11664.0,14355.69230769231,11484.553846153849,0.1944,0.7776,4.0,46656.0,52398.276923076926,37324.8,44538.53538461538,0.3888888888888889,36.0,41.0,910.360975609756,478.523076923077,15.386128031156607,True,16650.0,752.75,752.75,320.21,2.44,28.32,34.41,66.85,5.08,15.8,23.41,42.88,12.81,0.44,58.37,1.71,27.68,58.5,0.47,22.06,19.29,8.6,8.08,121.72,0.5,1.5,0.05,5.97,7.3,9.13,5.65,0.0,91.62,252.32,252.32,0.0
PM30NMGI,PM30NMGI,PH,Massiv,30 kWh,Nahwärme kalt,mittel,Kreuzung,Gitter,726869,726868.5474234857,281901.00323868135,2218.8158030769237,23794.56,31328.803938461537,54405.71756307692,4624.393846153846,14385.6,21315.12685714286,39038.97600000001,11659.693292307693,401.9593846153846,53139.99655384615,1559.52,24027.84,179391.7,430.92,146219.77295895806,17557.58592,7828.5992566153855,7354.8,110809,452.886,1368.0,44.184,5438.510473846156,6647.34,8310.96,5140.800000000001,0.0,83406.57230769233,154767,154766.61326769233,0.0,410.0,Punkt,Gitter,60000.0,6984.0,5586.0,4080.0,11664.0,14355.69230769231,11484.553846153849,0.1944,0.7776,4.0,46656.0,52398.276923076926,37324.8,44538.53538461538,0.3888888888888889,36.0,41.0,910.360975609756,478.523076923077,16.319992140436717,True,16650.0,798.44,798.44,309.66,2.44,26.14,34.41,59.76,5.08,15.8,23.41,42.88,12.81,0.44,58.37,1.71,26.39,197.06,0.47,160.62,19.29,8.6,8.08,121.72,0.5,1.5,0.05,5.97,7.3,9.13,5.65,0.0,91.62,170.01,170.01,0.0
PM30LMGI,PM30LMGI,PH,Massiv,30 kWh,LW Wärmepumpe,mittel,Kreuzung,Gitter,644119,644119.23533034,281901.00323868135,2218.8158030769237,23794.56,31328.803938461537,54405.71756307692,4624.393846153846,14385.6,21315.12685714286,39038.97600000001,11659.693292307693,401.9593846153846,53139.99655384615,1559.52,24027.84,53510.7,430.92,20338.781758422687,17557.58592,7828.5992566153855,7354.8,110809,452.886,1368.0,44.184,5438.510473846156,6647.34,8310.96,5140.800000000001,0.0,83406.57230769233,197898,197898.292375082,0.0,410.0,Punkt,Gitter,60000.0,6984.0,5586.0,4080.0,11664.0,14355.69230769231,11484.553846153849,0.1944,0.7776,4.0,46656.0,52398.276923076926,37324.8,44538.53538461538,0.3888888888888889,36.0,41.0,910.360975609756,478.523076923077,14.46206593387068,True,16650.0,707.54,707.54,309.66,2.44,26.14,34.41,59.76,5.08,15.8,23.41,42.88,12.81,0.44,58.37,1.71,26.39,58.78,0.47,22.34,19.29,8.6,8.08,121.72,0.5,1.5,0.05,5.97,7.3,9.13,5.65,0.0,91.62,217.38,217.38,0.0
PM30EMGI,PM30EMGI,PH,Massiv,30 kWh,Erdgas,mittel,Kreuzung,Gitter,802573,802573.1471468455,281901.00323868135,2218.8158030769237,23794.56,31328.803938461537,54405.71756307692,4624.393846153846,14385.6,21315.12685714286,39038.97600000001,11659.693292307693,401.9593846153846,53139.99655384615,1559.52,24027.84,55121.5,430.92,21949.617118010287,17557.58592,7828.5992566153855,7354.8,110809,452.886,1368.0,44.184,5438.510473846156,6647.34,8310.96,5140.800000000001,0.0,83406.57230769233,354741,354741.368832,0.0,410.0,Punkt,Gitter,60000.0,6984.0,5586.0,4080.0,11664.0,14355.69230769231,11484.553846153849,0.1944,0.7776,4.0,46656.0,52398.276923076926,37324.8,44538.53538461538,0.3888888888888889,36.0,41.0,910.360975609756,478.523076923077,18.019747174355274,True,16650.0,881.6,881.6,309.66,2.44,26.14,34.41,59.76,5.08,15.8,23.41,42.88,12.81,0.44,58.37,1.71,26.39,60.55,0.47,24.11,19.29,8.6,8.08,121.72,0.5,1.5,0.05,5.97,7.3,9.13,5.65,0.0,91.62,389.67,389.67,0.0
PM70NMGI,PM70NMGI,PH,Massiv,70 kWh,Nahwärme kalt,mittel,Kreuzung,Gitter,872289,872289.310565924,272166.43110329675,2218.8158030769237,21811.68,31328.803938461537,49103.46542769231,4624.393846153846,14385.6,21315.12685714286,39038.97600000001,11659.693292307693,401.9593846153846,53139.99655384615,1559.52,21578.4,189076.0,430.92,155904.09285216566,17557.58592,7828.5992566153855,7354.8,110809,452.886,1368.0,44.184,5438.510473846156,6647.34,8310.96,5140.800000000001,0.0,83406.57230769233,300238,300237.6286523077,0.0,410.0,Punkt,Gitter,60000.0,6984.0,5586.0,4080.0,11664.0,14355.69230769231,11484.553846153849,0.1944,0.7776,4.0,46656.0,52398.276923076926,37324.8,44538.53538461538,0.3888888888888889,36.0,41.0,910.360975609756,478.523076923077,19.585047039226,True,16650.0,958.18,958.18,298.97,2.44,23.96,34.41,53.94,5.08,15.8,23.41,42.88,12.81,0.44,58.37,1.71,23.7,207.69,0.47,171.26,19.29,8.6,8.08,121.72,0.5,1.5,0.05,5.97,7.3,9.13,5.65,0.0,91.62,329.8,329.8,0.0
PM70LMGI,PM70LMGI,PH,Massiv,70 kWh,LW Wärmepumpe,mittel,Kreuzung,Gitter,827198,827197.6549750144,272166.43110329675,2218.8158030769237,21811.68,31328.803938461537,49103.46542769231,4624.393846153846,14385.6,21315.12685714286,39038.97600000001,11659.693292307693,401.9593846153846,53139.99655384615,1559.52,21578.4,60311.6,430.92,27139.655505694856,17557.58592,7828.5992566153855,7354.8,110809,452.886,1368.0,44.184,5438.510473846156,6647.34,8310.96,5140.800000000001,0.0,83406.57230769233,383910,383910.4104078689,0.0,410.0,Punkt,Gitter,60000.0,6984.0,5586.0,4080.0,11664.0,14355.69230769231,11484.553846153849,0.1944,0.7776,4.0,46656.0,52398.276923076926,37324.8,44538.53538461538,0.3888888888888889,36.0,41.0,910.360975609756,478.523076923077,18.572628125996868,True,16650.0,908.65,908.65,298.97,2.44,23.96,34.41,53.94,5.08,15.8,23.41,42.88,12.81,0.44,58.37,1.71,23.7,66.25,0.47,29.81,19.29,8.6,8.08,121.72,0.5,1.5,0.05,5.97,7.3,9.13,5.65,0.0,91.62,421.71,421.71,0.0
PM70EMGI,PM70EMGI,PH,Massiv,70 kWh,Erdgas,mittel,Kreuzung,Gitter,1135726,1135725.8890865569,272166.43110329675,2218.8158030769237,21811.68,31328.803938461537,49103.46542769231,4624.393846153846,14385.6,21315.12685714286,39038.97600000001,11659.693292307693,401.9593846153846,53139.99655384615,1559.52,21578.4,64574.0,430.92,31402.051193106163,17557.58592,7828.5992566153855,7354.8,110809,452.886,1368.0,44.184,5438.510473846156,6647.34,8310.96,5140.800000000001,0.0,83406.57230769233,688176,688176.2488320001,0.0,410.0,Punkt,Gitter,60000.0,6984.0,5586.0,4080.0,11664.0,14355.69230769231,11484.553846153849,0.1944,0.7776,4.0,46656.0,52398.276923076926,37324.8,44538.53538461538,0.3888888888888889,36.0,41.0,910.360975609756,478.523076923077,25.49984814900003,True,16650.0,1247.56,1247.56,298.97,2.44,23.96,34.41,53.94,5.08,15.8,23.41,42.88,12.81,0.44,58.37,1.71,23.7,70.93,0.47,34.49,19.29,8.6,8.08,121.72,0.5,1.5,0.05,5.97,7.3,9.13,5.65,0.0,91.62,755.94,755.94,0.0
BH15NMGI,BH15NMGI,BW,Holz,15 kWh,Nahwärme kalt,mittel,Kreuzung,Gitter,1295507,1295507.367489395,436408.34415164834,5046.265107692308,46900.62,71010.32284615384,31846.982769230774,9242.584615384616,8724.6,48477.111428571436,20064.46153846154,44500.901538461534,1142.7230769230769,109661.51123076922,5198.4,34591.86,407253.7,71.82000000000001,329833.159556208,39931.315200000005,17804.626781538464,19612.800000000003,223926,362.48100000000005,1368.0,35.364,12368.834584615386,6647.34,8310.96,5140.800000000001,0.0,189692.0307692308,227919,227919.49144615387,0.0,610.0,BW,Gitter,60000.0,6984.0,5586.0,4080.0,21222.0,32649.230769230773,26119.38461538462,0.3537,1.7685,5.0,106110.0,119169.69230769231,84888.0,101294.23846153845,0.2814814814814815,6.0,41.0,2070.439024390244,1088.3076923076924,12.789546445736898,True,16650.0,625.72,625.72,210.78,2.44,22.65,34.3,15.38,4.46,4.21,23.41,9.69,21.49,0.55,52.97,2.51,16.71,196.7,0.03,159.31,19.29,8.6,9.47,108.15,0.18,0.66,0.02,5.97,3.21,4.01,2.48,0.0,91.62,110.08,110.08,0.0
BH15LMGI,BH15LMGI,BW,Holz,15 kWh,LW Wärmepumpe,mittel,Kreuzung,Gitter,1074049,1074048.5751930596,436408.34415164834,5046.265107692308,46900.62,71010.32284615384,31846.982769230774,9242.584615384616,8724.6,48477.111428571436,20064.46153846154,44500.901538461534,1142.7230769230769,109661.51123076922,5198.4,34591.86,122276.4,71.82000000000001,44855.82046340379,39931.315200000005,17804.626781538464,19612.800000000003,223926,362.48100000000005,1368.0,35.364,12368.834584615386,6647.34,8310.96,5140.800000000001,0.0,189692.0307692308,291438,291438.038242623,0.0,610.0,BW,Gitter,60000.0,6984.0,5586.0,4080.0,21222.0,32649.230769230773,26119.38461538462,0.3537,1.7685,5.0,106110.0,119169.69230769231,84888.0,101294.23846153845,0.2814814814814815,6.0,41.0,2070.439024390244,1088.3076923076924,10.603254355882022,True,16650.0,518.75,518.75,210.78,2.44,22.65,34.3,15.38,4.46,4.21,23.41,9.69,21.49,0.55,52.97,2.51,16.71,59.06,0.03,21.66,19.29,8.6,9.47,108.15,0.18,0.66,0.02,5.97,3.21,4.01,2.48,0.0,91.62,140.76,140.76,0.0
BH15EMGI,BH15EMGI,BW,Holz,15 kWh,Erdgas,mittel,Kreuzung,Gitter,1317595,1317594.5877952925,436408.34415164834,5046.265107692308,46900.62,71010.32284615384,31846.982769230774,9242.584615384616,8724.6,48477.111428571436,20064.46153846154,44500.901538461534,1142.7230769230769,109661.51123076922,5198.4,34591.86,134845.0,71.82000000000001,57424.40538825943,39931.315200000005,17804.626781538464,19612.800000000003,223926,362.48100000000005,1368.0,35.364,12368.834584615386,6647.34,8310.96,5140.800000000001,0.0,189692.0307692308,522415,522415.46592,0.0,610.0,BW,Gitter,60000.0,6984.0,5586.0,4080.0,21222.0,32649.230769230773,26119.38461538462,0.3537,1.7685,5.0,106110.0,119169.69230769231,84888.0,101294.23846153845,0.2814814814814815,6.0,41.0,2070.439024390244,1088.3076923076924,13.00759656034716,True,16650.0,636.38,636.38,210.78,2.44,22.65,34.3,15.38,4.46,4.21,23.41,9.69,21.49,0.55,52.97,2.51,16.71,65.13,0.03,27.74,19.29,8.6,9.47,108.15,0.18,0.66,0.02,5.97,3.21,4.01,2.48,0.0,91.62,252.32,252.32,0.0
BH30NMGI,BH30NMGI,BW,Holz,30 kWh,Nahwärme kalt,mittel,Kreuzung,Gitter,1410102,1410102.4384024162,421996.1069208791,5046.265107692308,43292.88,71010.32284615384,25711.32553846154,9242.584615384616,8724.6,48477.111428571436,20064.46153846154,44500.901538461534,1142.7230769230769,109661.51123076922,5198.4,29923.019999999997,412194.0,71.82000000000001,334773.39077692165,39931.315200000005,17804.626781538464,19612.800000000003,223926,362.48100000000005,1368.0,35.364,12368.834584615386,6647.34,8310.96,5140.800000000001,0.0,189692.0307692308,351987,351986.56836923084,0.0,610.0,BW,Gitter,60000.0,6984.0,5586.0,4080.0,21222.0,32649.230769230773,26119.38461538462,0.3537,1.7685,5.0,106110.0,119169.69230769231,84888.0,101294.23846153845,0.2814814814814815,6.0,41.0,2070.439024390244,1088.3076923076924,13.920855320293796,True,16650.0,681.06,681.06,203.82,2.44,20.91,34.3,12.42,4.46,4.21,23.41,9.69,21.49,0.55,52.97,2.51,14.45,199.09,0.03,161.69,19.29,8.6,9.47,108.15,0.18,0.66,0.02,5.97,3.21,4.01,2.48,0.0,91.62,170.01,170.01,0.0
BH30LMGI,BH30LMGI,BW,Holz,30 kWh,LW Wärmepumpe,mittel,Kreuzung,Gitter,1220609,1220608.9525390489,421996.1069208791,5046.265107692308,43292.88,71010.32284615384,25711.32553846154,9242.584615384616,8724.6,48477.111428571436,20064.46153846154,44500.901538461534,1142.7230769230769,109661.51123076922,5198.4,29923.019999999997,124605.8,71.82000000000001,47185.28749917846,39931.315200000005,17804.626781538464,19612.800000000003,223926,362.48100000000005,1368.0,35.364,12368.834584615386,6647.34,8310.96,5140.800000000001,0.0,189692.0307692308,450081,450081.1857836066,0.0,610.0,BW,Gitter,60000.0,6984.0,5586.0,4080.0,21222.0,32649.230769230773,26119.38461538462,0.3537,1.7685,5.0,106110.0,119169.69230769231,84888.0,101294.23846153845,0.2814814814814815,6.0,41.0,2070.439024390244,1088.3076923076924,12.05013208132776,True,16650.0,589.54,589.54,203.82,2.44,20.91,34.3,12.42,4.46,4.21,23.41,9.69,21.49,0.55,52.97,2.51,14.45,60.18,0.03,22.79,19.29,8.6,9.47,108.15,0.18,0.66,0.02,5.97,3.21,4.01,2.48,0.0,91.62,217.38,217.38,0.0
BH30EMGI,BH30EMGI,BW,Holz,30 kWh,Erdgas,mittel,Kreuzung,Gitter,1588207,1588206.9772528005,421996.1069208791,5046.265107692308,43292.88,71010.32284615384,25711.32553846154,9242.584615384616,8724.6,48477.111428571436,20064.46153846154,44500.901538461534,1142.7230769230769,109661.51123076922,5198.4,29923.019999999997,135494.8,71.82000000000001,58074.232076536646,39931.315200000005,17804.626781538464,19612.800000000003,223926,362.48100000000005,1368.0,35.364,12368.834584615386,6647.34,8310.96,5140.800000000001,0.0,189692.0307692308,806790,806790.26592,0.0,610.0,BW,Gitter,60000.0,6984.0,5586.0,4080.0,21222.0,32649.230769230773,26119.38461538462,0.3537,1.7685,5.0,106110.0,119169.69230769231,84888.0,101294.23846153845,0.2814814814814815,6.0,41.0,2070.439024390244,1088.3076923076924,15.679144257112359,True,16650.0,767.09,767.09,203.82,2.44,20.91,34.3,12.42,4.46,4.21,23.41,9.69,21.49,0.55,52.97,2.51,14.45,65.44,0.03,28.05,19.29,8.6,9.47,108.15,0.18,0.66,0.02,5.97,3.21,4.01,2.48,0.0,91.62,389.67,389.67,0.0
BH70NMGI,BH70NMGI,BW,Holz,70 kWh,Nahwärme kalt,mittel,Kreuzung,Gitter,1747328,1747328.1622043913,409816.63953626365,5046.265107692308,39685.14,71010.32284615384,23081.758153846156,9242.584615384616,8724.6,48477.111428571436,20064.46153846154,44500.901538461534,1142.7230769230769,109661.51123076922,5198.4,23980.859999999997,430753.6,71.82000000000001,353333.0435019736,39931.315200000005,17804.626781538464,19612.800000000003,223926,362.48100000000005,1368.0,35.364,12368.834584615386,6647.34,8310.96,5140.800000000001,0.0,189692.0307692308,682832,682832.1068307692,0.0,610.0,BW,Gitter,60000.0,6984.0,5586.0,4080.0,21222.0,32649.230769230773,26119.38461538462,0.3537,1.7685,5.0,106110.0,119169.69230769231,84888.0,101294.23846153845,0.2814814814814815,6.0,41.0,2070.439024390244,1088.3076923076924,17.250025161775156,True,16650.0,843.94,843.94,197.94,2.44,19.17,34.3,11.15,4.46,4.21,23.41,9.69,21.49,0.55,52.97,2.51,11.58,208.05,0.03,170.66,19.29,8.6,9.47,108.15,0.18,0.66,0.02,5.97,3.21,4.01,2.48,0.0,91.62,329.8,329.8,0.0
BH70LMGI,BH70LMGI,BW,Holz,70 kWh,LW Wärmepumpe,mittel,Kreuzung,Gitter,1643078,1643078.3190207276,409816.63953626365,5046.265107692308,39685.14,71010.32284615384,23081.758153846156,9242.584615384616,8724.6,48477.111428571436,20064.46153846154,44500.901538461534,1142.7230769230769,109661.51123076922,5198.4,23980.859999999997,136206.3,71.82000000000001,58785.72792284953,39931.315200000005,17804.626781538464,19612.800000000003,223926,362.48100000000005,1368.0,35.364,12368.834584615386,6647.34,8310.96,5140.800000000001,0.0,189692.0307692308,873130,873129.5792262297,0.0,610.0,BW,Gitter,60000.0,6984.0,5586.0,4080.0,21222.0,32649.230769230773,26119.38461538462,0.3537,1.7685,5.0,106110.0,119169.69230769231,84888.0,101294.23846153845,0.2814814814814815,6.0,41.0,2070.439024390244,1088.3076923076924,16.220846752746027,True,16650.0,793.59,793.59,197.94,2.44,19.17,34.3,11.15,4.46,4.21,23.41,9.69,21.49,0.55,52.97,2.51,11.58,65.79,0.03,28.39,19.29,8.6,9.47,108.15,0.18,0.66,0.02,5.97,3.21,4.01,2.48,0.0,91.62,421.71,421.71,0.0
BH70EMGI,BH70EMGI,BW,Holz,70 kWh,Erdgas,mittel,Kreuzung,Gitter,2341571,2341570.8274216764,409816.63953626365,5046.265107692308,39685.14,71010.32284615384,23081.758153846156,9242.584615384616,8724.6,48477.111428571436,20064.46153846154,44500.901538461534,1142.7230769230769,109661.51123076922,5198.4,23980.859999999997,142705.3,71.82000000000001,65284.74963002789,39931.315200000005,17804.626781538464,19612.800000000003,223926,362.48100000000005,1368.0,35.364,12368.834584615386,6647.34,8310.96,5140.800000000001,0.0,189692.0307692308,1565123,1565123.06592,0.0,610.0,BW,Gitter,60000.0,6984.0,5586.0,4080.0,21222.0,32649.230769230773,26119.38461538462,0.3537,1.7685,5.0,106110.0,119169.69230769231,84888.0,101294.23846153845,0.2814814814814815,6.0,41.0,2070.439024390244,1088.3076923076924,23.116525312649184,True,16650.0,1130.95,1130.95,197.94,2.44,19.17,34.3,11.15,4.46,4.21,23.41,9.69,21.49,0.55,52.97,2.51,11.58,68.93,0.03,31.53,19.29,8.6,9.47,108.15,0.18,0.66,0.02,5.97,3.21,4.01,2.48,0.0,91.62,755.94,755.94,0.0
BM15NMGI,BM15NMGI,BW,Massiv,15 kWh,Nahwärme kalt,mittel,Kreuzung,Gitter,1389546,1389546.353335549,530447.3299978022,5046.265107692308,46900.62,71010.32284615384,77133.97661538463,9242.584615384616,8724.6,48477.111428571436,32580.000000000004,58703.31692307693,1142.7230769230769,120447.88938461537,5198.4,45839.520000000004,407253.7,71.82000000000001,329833.159556208,39931.315200000005,17804.626781538464,19612.800000000003,223926,362.48100000000005,1368.0,35.364,12368.834584615386,6647.34,8310.96,5140.800000000001,0.0,189692.0307692308,227919,227919.49144615387,0.0,610.0,BW,Gitter,60000.0,6984.0,5586.0,4080.0,21222.0,32649.230769230773,26119.38461538462,0.3537,1.7685,5.0,106110.0,119169.69230769231,84888.0,101294.23846153845,0.2814814814814815,6.0,41.0,2070.439024390244,1088.3076923076924,13.717920924625552,True,16650.0,671.14,671.14,256.2,2.44,22.65,34.3,37.25,4.46,4.21,23.41,15.74,28.35,0.55,58.18,2.51,22.14,196.7,0.03,159.31,19.29,8.6,9.47,108.15,0.18,0.66,0.02,5.97,3.21,4.01,2.48,0.0,91.62,110.08,110.08,0.0
BM15LMGI,BM15LMGI,BW,Massiv,15 kWh,LW Wärmepumpe,mittel,Kreuzung,Gitter,1168088,1168087.5610392136,530447.3299978022,5046.265107692308,46900.62,71010.32284615384,77133.97661538463,9242.584615384616,8724.6,48477.111428571436,32580.000000000004,58703.31692307693,1142.7230769230769,120447.88938461537,5198.4,45839.520000000004,122276.4,71.82000000000001,44855.82046340379,39931.315200000005,17804.626781538464,19612.800000000003,223926,362.48100000000005,1368.0,35.364,12368.834584615386,6647.34,8310.96,5140.800000000001,0.0,189692.0307692308,291438,291438.038242623,0.0,610.0,BW,Gitter,60000.0,6984.0,5586.0,4080.0,21222.0,32649.230769230773,26119.38461538462,0.3537,1.7685,5.0,106110.0,119169.69230769231,84888.0,101294.23846153845,0.2814814814814815,6.0,41.0,2070.439024390244,1088.3076923076924,11.531628834770675,True,16650.0,564.17,564.17,256.2,2.44,22.65,34.3,37.25,4.46,4.21,23.41,15.74,28.35,0.55,58.18,2.51,22.14,59.06,0.03,21.66,19.29,8.6,9.47,108.15,0.18,0.66,0.02,5.97,3.21,4.01,2.48,0.0,91.62,140.76,140.76,0.0
BM15EMGI,BM15EMGI,BW,Massiv,15 kWh,Erdgas,mittel,Kreuzung,Gitter,1411634,1411633.5736414462,530447.3299978022,5046.265107692308,46900.62,71010.32284615384,77133.97661538463,9242.584615384616,8724.6,48477.111428571436,32580.000000000004,58703.31692307693,1142.7230769230769,120447.88938461537,5198.4,45839.520000000004,134845.0,71.82000000000001,57424.40538825943,39931.315200000005,17804.626781538464,19612.800000000003,223926,362.48100000000005,1368.0,35.364,12368.834584615386,6647.34,8310.96,5140.800000000001,0.0,189692.0307692308,522415,522415.46592,0.0,610.0,BW,Gitter,60000.0,6984.0,5586.0,4080.0,21222.0,32649.230769230773,26119.38461538462,0.3537,1.7685,5.0,106110.0,119169.69230769231,84888.0,101294.23846153845,0.2814814814814815,6.0,41.0,2070.439024390244,1088.3076923076924,13.935971039235813,True,16650.0,681.8,681.8,256.2,2.44,22.65,34.3,37.25,4.46,4.21,23.41,15.74,28.35,0.55,58.18,2.51,22.14,65.13,0.03,27.74,19.29,8.6,9.47,108.15,0.18,0.66,0.02,5.97,3.21,4.01,2.48,0.0,91.62,252.32,252.32,0.0
BM30NMGI,BM30NMGI,BW,Massiv,30 kWh,Nahwärme kalt,mittel,Kreuzung,Gitter,1504643,1504642.8451716471,516536.5136901099,5046.265107692308,43292.88,71010.32284615384,68953.10030769231,9242.584615384616,8724.6,48477.111428571436,32580.000000000004,58703.31692307693,1142.7230769230769,120447.88938461537,5198.4,43717.32,412194.0,71.82000000000001,334773.39077692165,39931.315200000005,17804.626781538464,19612.800000000003,223926,362.48100000000005,1368.0,35.364,12368.834584615386,6647.34,8310.96,5140.800000000001,0.0,189692.0307692308,351987,351986.56836923084,0.0,610.0,BW,Gitter,60000.0,6984.0,5586.0,4080.0,21222.0,32649.230769230773,26119.38461538462,0.3537,1.7685,5.0,106110.0,119169.69230769231,84888.0,101294.23846153845,0.2814814814814815,6.0,41.0,2070.439024390244,1088.3076923076924,14.85417994176403,True,16650.0,726.73,726.73,249.48,2.44,20.91,34.3,33.3,4.46,4.21,23.41,15.74,28.35,0.55,58.18,2.51,21.12,199.09,0.03,161.69,19.29,8.6,9.47,108.15,0.18,0.66,0.02,5.97,3.21,4.01,2.48,0.0,91.62,170.01,170.01,0.0
BM30LMGI,BM30LMGI,BW,Massiv,30 kWh,LW Wärmepumpe,mittel,Kreuzung,Gitter,1315149,1315149.3593082796,516536.5136901099,5046.265107692308,43292.88,71010.32284615384,68953.10030769231,9242.584615384616,8724.6,48477.111428571436,32580.000000000004,58703.31692307693,1142.7230769230769,120447.88938461537,5198.4,43717.32,124605.8,71.82000000000001,47185.28749917846,39931.315200000005,17804.626781538464,19612.800000000003,223926,362.48100000000005,1368.0,35.364,12368.834584615386,6647.34,8310.96,5140.800000000001,0.0,189692.0307692308,450081,450081.1857836066,0.0,610.0,BW,Gitter,60000.0,6984.0,5586.0,4080.0,21222.0,32649.230769230773,26119.38461538462,0.3537,1.7685,5.0,106110.0,119169.69230769231,84888.0,101294.23846153845,0.2814814814814815,6.0,41.0,2070.439024390244,1088.3076923076924,12.98345670279799,True,16650.0,635.2,635.2,249.48,2.44,20.91,34.3,33.3,4.46,4.21,23.41,15.74,28.35,0.55,58.18,2.51,21.12,60.18,0.03,22.79,19.29,8.6,9.47,108.15,0.18,0.66,0.02,5.97,3.21,4.01,2.48,0.0,91.62,217.38,217.38,0.0
BM30EMGI,BM30EMGI,BW,Massiv,30 kWh,Erdgas,mittel,Kreuzung,Gitter,1682747,1682747.3840220312,516536.5136901099,5046.265107692308,43292.88,71010.32284615384,68953.10030769231,9242.584615384616,8724.6,48477.111428571436,32580.000000000004,58703.31692307693,1142.7230769230769,120447.88938461537,5198.4,43717.32,135494.8,71.82000000000001,58074.232076536646,39931.315200000005,17804.626781538464,19612.800000000003,223926,362.48100000000005,1368.0,35.364,12368.834584615386,6647.34,8310.96,5140.800000000001,0.0,189692.0307692308,806790,806790.26592,0.0,610.0,BW,Gitter,60000.0,6984.0,5586.0,4080.0,21222.0,32649.230769230773,26119.38461538462,0.3537,1.7685,5.0,106110.0,119169.69230769231,84888.0,101294.23846153845,0.2814814814814815,6.0,41.0,2070.439024390244,1088.3076923076924,16.61246887858259,True,16650.0,812.75,812.75,249.48,2.44,20.91,34.3,33.3,4.46,4.21,23.41,15.74,28.35,0.55,58.18,2.51,21.12,65.44,0.03,28.05,19.29,8.6,9.47,108.15,0.18,0.66,0.02,5.97,3.21,4.01,2.48,0.0,91.62,389.67,389.67,0.0
BM70NMGI,BM70NMGI,BW,Massiv,70 kWh,Nahwärme kalt,mittel,Kreuzung,Gitter,1839264,1839263.6708197757,501752.14815164835,5046.265107692308,39685.14,71010.32284615384,62233.09476923077,9242.584615384616,8724.6,48477.111428571436,32580.000000000004,58703.31692307693,1142.7230769230769,120447.88938461537,5198.4,39260.700000000004,430753.6,71.82000000000001,353333.0435019736,39931.315200000005,17804.626781538464,19612.800000000003,223926,362.48100000000005,1368.0,35.364,12368.834584615386,6647.34,8310.96,5140.800000000001,0.0,189692.0307692308,682832,682832.1068307692,0.0,610.0,BW,Gitter,60000.0,6984.0,5586.0,4080.0,21222.0,32649.230769230773,26119.38461538462,0.3537,1.7685,5.0,106110.0,119169.69230769231,84888.0,101294.23846153845,0.2814814814814815,6.0,41.0,2070.439024390244,1088.3076923076924,18.15763363005238,True,16650.0,888.34,888.34,242.34,2.44,19.17,34.3,30.06,4.46,4.21,23.41,15.74,28.35,0.55,58.18,2.51,18.96,208.05,0.03,170.66,19.29,8.6,9.47,108.15,0.18,0.66,0.02,5.97,3.21,4.01,2.48,0.0,91.62,329.8,329.8,0.0
BM70LMGI,BM70LMGI,BW,Massiv,70 kWh,LW Wärmepumpe,mittel,Kreuzung,Gitter,1735014,1735013.8276361122,501752.14815164835,5046.265107692308,39685.14,71010.32284615384,62233.09476923077,9242.584615384616,8724.6,48477.111428571436,32580.000000000004,58703.31692307693,1142.7230769230769,120447.88938461537,5198.4,39260.700000000004,136206.3,71.82000000000001,58785.72792284953,39931.315200000005,17804.626781538464,19612.800000000003,223926,362.48100000000005,1368.0,35.364,12368.834584615386,6647.34,8310.96,5140.800000000001,0.0,189692.0307692308,873130,873129.5792262297,0.0,610.0,BW,Gitter,60000.0,6984.0,5586.0,4080.0,21222.0,32649.230769230773,26119.38461538462,0.3537,1.7685,5.0,106110.0,119169.69230769231,84888.0,101294.23846153845,0.2814814814814815,6.0,41.0,2070.439024390244,1088.3076923076924,17.12845522102325,True,16650.0,837.99,837.99,242.34,2.44,19.17,34.3,30.06,4.46,4.21,23.41,15.74,28.35,0.55,58.18,2.51,18.96,65.79,0.03,28.39,19.29,8.6,9.47,108.15,0.18,0.66,0.02,5.97,3.21,4.01,2.48,0.0,91.62,421.71,421.71,0.0
BM70EMGI,BM70EMGI,BW,Massiv,70 kWh,Erdgas,mittel,Kreuzung,Gitter,2433506,2433506.3360370607,501752.14815164835,5046.265107692308,39685.14,71010.32284615384,62233.09476923077,9242.584615384616,8724.6,48477.111428571436,32580.000000000004,58703.31692307693,1142.7230769230769,120447.88938461537,5198.4,39260.700000000004,142705.3,71.82000000000001,65284.74963002789,39931.315200000005,17804.626781538464,19612.800000000003,223926,362.48100000000005,1368.0,35.364,12368.834584615386,6647.34,8310.96,5140.800000000001,0.0,189692.0307692308,1565123,1565123.06592,0.0,610.0,BW,Gitter,60000.0,6984.0,5586.0,4080.0,21222.0,32649.230769230773,26119.38461538462,0.3537,1.7685,5.0,106110.0,119169.69230769231,84888.0,101294.23846153845,0.2814814814814815,6.0,41.0,2070.439024390244,1088.3076923076924,24.024133780926405,True,16650.0,1175.36,1175.36,242.34,2.44,19.17,34.3,30.06,4.46,4.21,23.41,15.74,28.35,0.55,58.18,2.51,18.96,68.93,0.03,31.53,19.29,8.6,9.47,108.15,0.18,0.66,0.02,5.97,3.21,4.01,2.48,0.0,91.62,755.94,755.94,0.0
EH15NMSC,EH15NMSC,EFH,Holz,15 kWh,Nahwärme kalt,mittel,Kurve,Schlaufe,170128,170128.15690412477,69177.20987809525,1282.8866400000002,12950.6,7264.84,13077.928000000002,1008.0,5594.160000000001,5949.295238095239,1886.4,2154.48,100.8,7644.5199999999995,53.099999999999994,10210.2,57383.6,852.72,52223.865848593596,2362.752,1944.2820800000004,0.0,18393,444.27600000000007,912.0,43.344,34.776,4881.38,5626.32,3427.2000000000007,3024.0,0.0,25174,25174.0310974359,0.0,111.0,EFH,Schlaufe,60000.0,4728.0,4102.0,2720.0,5860.0,,,0.11266666666666666,0.21033333333333334,2.0,12620.0,15040.1,9376.0,11720.0,0.6626630869954312,60.0,51.0,183.843137254902,60.0,14.516054343355353,False,11550.0,925.4,925.4,376.28,6.98,70.44,39.52,71.14,5.48,30.43,32.36,10.26,11.72,0.55,41.58,0.29,55.54,312.13,4.64,284.07,12.85,10.58,0.0,100.05,2.42,4.96,0.24,0.19,26.55,30.6,18.64,16.45,0.0,136.93,136.93,0.0
EH15LMSC,EH15LMSC,EFH,Holz,15 kWh,LW Wärmepumpe,mittel,Kurve,Schlaufe,130445,130444.83021349927,69177.20987809525,1282.8866400000002,12950.6,7264.84,13077.928000000002,1008.0,5594.160000000001,5949.295238095239,1886.4,2154.48,100.8,7644.5199999999995,53.099999999999994,10210.2,10684.6,852.72,5524.8255734367995,2362.752,1944.2820800000004,0.0,18393,444.27600000000007,912.0,43.344,34.776,4881.38,5626.32,3427.2000000000007,3024.0,0.0,32190,32189.74468196722,0.0,111.0,EFH,Schlaufe,60000.0,4728.0,4102.0,2720.0,5860.0,,,0.11266666666666666,0.21033333333333334,2.0,12620.0,15040.1,9376.0,11720.0,0.6626630869954312,60.0,51.0,183.843137254902,60.0,11.13010496702212,False,11550.0,709.55,709.54,376.28,6.98,70.44,39.52,71.14,5.48,30.43,32.36,10.26,11.72,0.55,41.58,0.29,55.54,58.12,4.64,30.05,12.85,10.58,0.0,100.05,2.42,4.96,0.24,0.19,26.55,30.6,18.64,16.45,0.0,175.09,175.09,0.0
EH15EMSC,EH15EMSC,EFH,Holz,15 kWh,Erdgas,mittel,Kurve,Schlaufe,159107,159106.9685684894,69177.20987809525,1282.8866400000002,12950.6,7264.84,13077.928000000002,1008.0,5594.160000000001,5949.295238095239,1886.4,2154.48,100.8,7644.5199999999995,53.099999999999994,10210.2,13834.9,852.72,8675.1794370608,2362.752,1944.2820800000004,0.0,18393,444.27600000000007,912.0,43.344,34.776,4881.38,5626.32,3427.2000000000007,3024.0,0.0,57702,57701.529173333336,0.0,111.0,EFH,Schlaufe,60000.0,4728.0,4102.0,2720.0,5860.0,,,0.11266666666666666,0.21033333333333334,2.0,12620.0,15040.1,9376.0,11720.0,0.6626630869954312,60.0,51.0,183.843137254902,60.0,13.575679911987148,False,11550.0,865.45,865.45,376.28,6.98,70.44,39.52,71.14,5.48,30.43,32.36,10.26,11.72,0.55,41.58,0.29,55.54,75.25,4.64,47.19,12.85,10.58,0.0,100.05,2.42,4.96,0.24,0.19,26.55,30.6,18.64,16.45,0.0,313.87,313.86,0.0
EH30NMSC,EH30NMSC,EFH,Holz,30 kWh,Nahwärme kalt,mittel,Kurve,Schlaufe,182475,182474.62906155895,66768.69387809525,1282.8866400000002,11954.4,7264.84,11864.512,1008.0,5594.160000000001,5949.295238095239,1886.4,2154.48,100.8,7644.5199999999995,53.099999999999994,10011.3,58435.2,852.72,53275.4693906432,2362.752,1944.2820800000004,0.0,18393,444.27600000000007,912.0,43.344,34.776,4881.38,5626.32,3427.2000000000007,3024.0,0.0,38877,38877.41571282052,0.0,111.0,EFH,Schlaufe,60000.0,4728.0,4102.0,2720.0,5860.0,,,0.11266666666666666,0.21033333333333334,2.0,12620.0,15040.1,9376.0,11720.0,0.6626630869954312,60.0,51.0,183.843137254902,60.0,15.569507599109128,False,11550.0,992.56,992.56,363.18,6.98,65.02,39.52,64.54,5.48,30.43,32.36,10.26,11.72,0.55,41.58,0.29,54.46,317.85,4.64,289.79,12.85,10.58,0.0,100.05,2.42,4.96,0.24,0.19,26.55,30.6,18.64,16.45,0.0,211.47,211.47,0.0
EH30LMSC,EH30LMSC,EFH,Holz,30 kWh,LW Wärmepumpe,mittel,Kurve,Schlaufe,146305,146304.93511215216,66768.69387809525,1282.8866400000002,11954.4,7264.84,11864.512,1008.0,5594.160000000001,5949.295238095239,1886.4,2154.48,100.8,7644.5199999999995,53.099999999999994,10011.3,11430.8,852.72,6271.085816352001,2362.752,1944.2820800000004,0.0,18393,444.27600000000007,912.0,43.344,34.776,4881.38,5626.32,3427.2000000000007,3024.0,0.0,49712,49712.10533770492,0.0,111.0,EFH,Schlaufe,60000.0,4728.0,4102.0,2720.0,5860.0,,,0.11266666666666666,0.21033333333333334,2.0,12620.0,15040.1,9376.0,11720.0,0.6626630869954312,60.0,51.0,183.843137254902,60.0,12.48335623823824,False,11550.0,795.81,795.81,363.18,6.98,65.02,39.52,64.54,5.48,30.43,32.36,10.26,11.72,0.55,41.58,0.29,54.46,62.18,4.64,34.11,12.85,10.58,0.0,100.05,2.42,4.96,0.24,0.19,26.55,30.6,18.64,16.45,0.0,270.4,270.41,0.0
EH30EMSC,EH30EMSC,EFH,Holz,30 kWh,Erdgas,mittel,Kurve,Schlaufe,188582,188581.8687659934,66768.69387809525,1282.8866400000002,11954.4,7264.84,11864.512,1008.0,5594.160000000001,5949.295238095239,1886.4,2154.48,100.8,7644.5199999999995,53.099999999999994,10011.3,14308.7,852.72,9148.995634564799,2362.752,1944.2820800000004,0.0,18393,444.27600000000007,912.0,43.344,34.776,4881.38,5626.32,3427.2000000000007,3024.0,0.0,89111,89111.12917333333,0.0,111.0,EFH,Schlaufe,60000.0,4728.0,4102.0,2720.0,5860.0,,,0.11266666666666666,0.21033333333333334,2.0,12620.0,15040.1,9376.0,11720.0,0.6626630869954312,60.0,51.0,183.843137254902,60.0,16.09060313703015,False,11550.0,1025.78,1025.78,363.18,6.98,65.02,39.52,64.54,5.48,30.43,32.36,10.26,11.72,0.55,41.58,0.29,54.46,77.83,4.64,49.77,12.85,10.58,0.0,100.05,2.42,4.96,0.24,0.19,26.55,30.6,18.64,16.45,0.0,484.71,484.71,0.0
EH70NMSC,EH70NMSC,EFH,Holz,70 kWh,Nahwärme kalt,mittel,Kurve,Schlaufe,218799,218799.38137969555,64161.27787809525,1282.8866400000002,10958.2,7264.84,10651.096000000001,1008.0,5594.160000000001,5949.295238095239,1886.4,2154.48,100.8,7644.5199999999995,53.099999999999994,9613.5,60825.0,852.72,55665.278734420805,2362.752,1944.2820800000004,0.0,18393,444.27600000000007,912.0,43.344,34.776,4881.38,5626.32,3427.2000000000007,3024.0,0.0,75420,75419.7746871795,0.0,111.0,EFH,Schlaufe,60000.0,4728.0,4102.0,2720.0,5860.0,,,0.11266666666666666,0.21033333333333334,2.0,12620.0,15040.1,9376.0,11720.0,0.6626630869954312,60.0,51.0,183.843137254902,60.0,18.66888919621976,False,11550.0,1190.14,1190.14,349.0,6.98,59.61,39.52,57.94,5.48,30.43,32.36,10.26,11.72,0.55,41.58,0.29,52.29,330.85,4.64,302.79,12.85,10.58,0.0,100.05,2.42,4.96,0.24,0.19,26.55,30.6,18.64,16.45,0.0,410.24,410.24,0.0
EH70LMSC,EH70LMSC,EFH,Holz,70 kWh,LW Wärmepumpe,mittel,Kurve,Schlaufe,192000,192000.39136824338,64161.27787809525,1282.8866400000002,10958.2,7264.84,10651.096000000001,1008.0,5594.160000000001,5949.295238095239,1886.4,2154.48,100.8,7644.5199999999995,53.099999999999994,9613.5,13007.4,852.72,7847.662990476001,2362.752,1944.2820800000004,0.0,18393,444.27600000000007,912.0,43.344,34.776,4881.38,5626.32,3427.2000000000007,3024.0,0.0,96438,96438.40041967214,0.0,111.0,EFH,Schlaufe,60000.0,4728.0,4102.0,2720.0,5860.0,,,0.11266666666666666,0.21033333333333334,2.0,12620.0,15040.1,9376.0,11720.0,0.6626630869954312,60.0,51.0,183.843137254902,60.0,16.38228595292179,False,11550.0,1044.37,1044.37,349.0,6.98,59.61,39.52,57.94,5.48,30.43,32.36,10.26,11.72,0.55,41.58,0.29,52.29,70.75,4.64,42.69,12.85,10.58,0.0,100.05,2.42,4.96,0.24,0.19,26.55,30.6,18.64,16.45,0.0,524.57,524.57,0.0
EH70EMSC,EH70EMSC,EFH,Holz,70 kWh,Erdgas,mittel,Kurve,Schlaufe,270670,270669.51321997074,64161.27787809525,1282.8866400000002,10958.2,7264.84,10651.096000000001,1008.0,5594.160000000001,5949.295238095239,1886.4,2154.48,100.8,7644.5199999999995,53.099999999999994,9613.5,15244.9,852.72,10085.1227552088,2362.752,1944.2820800000004,0.0,18393,444.27600000000007,912.0,43.344,34.776,4881.38,5626.32,3427.2000000000007,3024.0,0.0,172870,172870.06250666667,0.0,111.0,EFH,Schlaufe,60000.0,4728.0,4102.0,2720.0,5860.0,,,0.11266666666666666,0.21033333333333334,2.0,12620.0,15040.1,9376.0,11720.0,0.6626630869954312,60.0,51.0,183.843137254902,60.0,23.094668363478732,False,11550.0,1472.29,1472.29,349.0,6.98,59.61,39.52,57.94,5.48,30.43,32.36,10.26,11.72,0.55,41.58,0.29,52.29,82.92,4.64,54.86,12.85,10.58,0.0,100.05,2.42,4.96,0.24,0.19,26.55,30.6,18.64,16.45,0.0,940.31,940.31,0.0
EM15NMSC,EM15NMSC,EFH,Massiv,15 kWh,Nahwärme kalt,mittel,Kurve,Schlaufe,187209,187208.66890412476,86257.72187809525,1282.8866400000002,12950.6,7264.84,27638.920000000002,1008.0,5594.160000000001,5949.295238095239,2966.4,2842.08,100.8,8396.44,53.099999999999994,10210.2,57383.6,852.72,52223.865848593596,2362.752,1944.2820800000004,0.0,18393,444.27600000000007,912.0,43.344,34.776,4881.38,5626.32,3427.2000000000007,3024.0,0.0,25174,25174.0310974359,0.0,111.0,EFH,Schlaufe,60000.0,4728.0,4102.0,2720.0,5860.0,,,0.11266666666666666,0.21033333333333334,2.0,12620.0,15040.1,9376.0,11720.0,0.6626630869954312,60.0,51.0,183.843137254902,60.0,15.973435913321225,False,11550.0,1018.31,1018.31,469.19,6.98,70.44,39.52,150.34,5.48,30.43,32.36,16.14,15.46,0.55,45.67,0.29,55.54,312.13,4.64,284.07,12.85,10.58,0.0,100.05,2.42,4.96,0.24,0.19,26.55,30.6,18.64,16.45,0.0,136.93,136.93,0.0
EM15LMSC,EM15LMSC,EFH,Massiv,15 kWh,LW Wärmepumpe,mittel,Kurve,Schlaufe,147525,147525.34221349927,86257.72187809525,1282.8866400000002,12950.6,7264.84,27638.920000000002,1008.0,5594.160000000001,5949.295238095239,2966.4,2842.08,100.8,8396.44,53.099999999999994,10210.2,10684.6,852.72,5524.8255734367995,2362.752,1944.2820800000004,0.0,18393,444.27600000000007,912.0,43.344,34.776,4881.38,5626.32,3427.2000000000007,3024.0,0.0,32190,32189.74468196722,0.0,111.0,EFH,Schlaufe,60000.0,4728.0,4102.0,2720.0,5860.0,,,0.11266666666666666,0.21033333333333334,2.0,12620.0,15040.1,9376.0,11720.0,0.6626630869954312,60.0,51.0,183.843137254902,60.0,12.587486536987992,False,11550.0,802.45,802.45,469.19,6.98,70.44,39.52,150.34,5.48,30.43,32.36,16.14,15.46,0.55,45.67,0.29,55.54,58.12,4.64,30.05,12.85,10.58,0.0,100.05,2.42,4.96,0.24,0.19,26.55,30.6,18.64,16.45,0.0,175.09,175.09,0.0
EM15EMSC,EM15EMSC,EFH,Massiv,15 kWh,Erdgas,mittel,Kurve,Schlaufe,176187,176187.48056848938,86257.72187809525,1282.8866400000002,12950.6,7264.84,27638.920000000002,1008.0,5594.160000000001,5949.295238095239,2966.4,2842.08,100.8,8396.44,53.099999999999994,10210.2,13834.9,852.72,8675.1794370608,2362.752,1944.2820800000004,0.0,18393,444.27600000000007,912.0,43.344,34.776,4881.38,5626.32,3427.2000000000007,3024.0,0.0,57702,57701.529173333336,0.0,111.0,EFH,Schlaufe,60000.0,4728.0,4102.0,2720.0,5860.0,,,0.11266666666666666,0.21033333333333334,2.0,12620.0,15040.1,9376.0,11720.0,0.6626630869954312,60.0,51.0,183.843137254902,60.0,15.03306148195302,False,11550.0,958.36,958.36,469.19,6.98,70.44,39.52,150.34,5.48,30.43,32.36,16.14,15.46,0.55,45.67,0.29,55.54,75.25,4.64,47.19,12.85,10.58,0.0,100.05,2.42,4.96,0.24,0.19,26.55,30.6,18.64,16.45,0.0,313.87,313.86,0.0
EM30NMSC,EM30NMSC,EFH,Massiv,30 kWh,Nahwärme kalt,mittel,Kurve,Schlaufe,199285,199285.49306155898,83579.55787809526,1282.8866400000002,11954.4,7264.84,26155.856000000003,1008.0,5594.160000000001,5949.295238095239,2966.4,2842.08,100.8,8396.44,53.099999999999994,10011.3,58435.2,852.72,53275.4693906432,2362.752,1944.2820800000004,0.0,18393,444.27600000000007,912.0,43.344,34.776,4881.38,5626.32,3427.2000000000007,3024.0,0.0,38877,38877.41571282052,0.0,111.0,EFH,Schlaufe,60000.0,4728.0,4102.0,2720.0,5860.0,,,0.11266666666666666,0.21033333333333334,2.0,12620.0,15040.1,9376.0,11720.0,0.6626630869954312,60.0,51.0,183.843137254902,60.0,17.003881660542575,False,11550.0,1083.99,1084.0,454.62,6.98,65.02,39.52,142.27,5.48,30.43,32.36,16.14,15.46,0.55,45.67,0.29,54.46,317.85,4.64,289.79,12.85,10.58,0.0,100.05,2.42,4.96,0.24,0.19,26.55,30.6,18.64,16.45,0.0,211.47,211.47,0.0
EM30LMSC,EM30LMSC,EFH,Massiv,30 kWh,LW Wärmepumpe,mittel,Kurve,Schlaufe,163116,163115.7991121522,83579.55787809526,1282.8866400000002,11954.4,7264.84,26155.856000000003,1008.0,5594.160000000001,5949.295238095239,2966.4,2842.08,100.8,8396.44,53.099999999999994,10011.3,11430.8,852.72,6271.085816352001,2362.752,1944.2820800000004,0.0,18393,444.27600000000007,912.0,43.344,34.776,4881.38,5626.32,3427.2000000000007,3024.0,0.0,49712,49712.10533770492,0.0,111.0,EFH,Schlaufe,60000.0,4728.0,4102.0,2720.0,5860.0,,,0.11266666666666666,0.21033333333333334,2.0,12620.0,15040.1,9376.0,11720.0,0.6626630869954312,60.0,51.0,183.843137254902,60.0,13.917730299671685,False,11550.0,887.26,887.26,454.62,6.98,65.02,39.52,142.27,5.48,30.43,32.36,16.14,15.46,0.55,45.67,0.29,54.46,62.18,4.64,34.11,12.85,10.58,0.0,100.05,2.42,4.96,0.24,0.19,26.55,30.6,18.64,16.45,0.0,270.4,270.41,0.0
EM30EMSC,EM30EMSC,EFH,Massiv,30 kWh,Erdgas,mittel,Kurve,Schlaufe,205393,205392.7327659934,83579.55787809526,1282.8866400000002,11954.4,7264.84,26155.856000000003,1008.0,5594.160000000001,5949.295238095239,2966.4,2842.08,100.8,8396.44,53.099999999999994,10011.3,14308.7,852.72,9148.995634564799,2362.752,1944.2820800000004,0.0,18393,444.27600000000007,912.0,43.344,34.776,4881.38,5626.32,3427.2000000000007,3024.0,0.0,89111,89111.12917333333,0.0,111.0,EFH,Schlaufe,60000.0,4728.0,4102.0,2720.0,5860.0,,,0.11266666666666666,0.21033333333333334,2.0,12620.0,15040.1,9376.0,11720.0,0.6626630869954312,60.0,51.0,183.843137254902,60.0,17.5249771984636,False,11550.0,1117.22,1117.22,454.62,6.98,65.02,39.52,142.27,5.48,30.43,32.36,16.14,15.46,0.55,45.67,0.29,54.46,77.83,4.64,49.77,12.85,10.58,0.0,100.05,2.42,4.96,0.24,0.19,26.55,30.6,18.64,16.45,0.0,484.71,484.71,0.0
EM70NMSC,EM70NMSC,EFH,Massiv,70 kWh,Nahwärme kalt,mittel,Kurve,Schlaufe,233723,233722.7093796956,79084.60587809526,1282.8866400000002,10958.2,7264.84,23054.904000000002,1008.0,5594.160000000001,5949.295238095239,2966.4,2842.08,100.8,8396.44,53.099999999999994,9613.5,60825.0,852.72,55665.278734420805,2362.752,1944.2820800000004,0.0,18393,444.27600000000007,912.0,43.344,34.776,4881.38,5626.32,3427.2000000000007,3024.0,0.0,75420,75419.7746871795,0.0,111.0,EFH,Schlaufe,60000.0,4728.0,4102.0,2720.0,5860.0,,,0.11266666666666666,0.21033333333333334,2.0,12620.0,15040.1,9376.0,11720.0,0.6626630869954312,60.0,51.0,183.843137254902,60.0,19.942210697926242,False,11550.0,1271.32,1271.32,430.17,6.98,59.61,39.52,125.41,5.48,30.43,32.36,16.14,15.46,0.55,45.67,0.29,52.29,330.85,4.64,302.79,12.85,10.58,0.0,100.05,2.42,4.96,0.24,0.19,26.55,30.6,18.64,16.45,0.0,410.24,410.24,0.0
EM70LMSC,EM70LMSC,EFH,Massiv,70 kWh,LW Wärmepumpe,mittel,Kurve,Schlaufe,206924,206923.71936824342,79084.60587809526,1282.8866400000002,10958.2,7264.84,23054.904000000002,1008.0,5594.160000000001,5949.295238095239,2966.4,2842.08,100.8,8396.44,53.099999999999994,9613.5,13007.4,852.72,7847.662990476001,2362.752,1944.2820800000004,0.0,18393,444.27600000000007,912.0,43.344,34.776,4881.38,5626.32,3427.2000000000007,3024.0,0.0,96438,96438.40041967214,0.0,111.0,EFH,Schlaufe,60000.0,4728.0,4102.0,2720.0,5860.0,,,0.11266666666666666,0.21033333333333334,2.0,12620.0,15040.1,9376.0,11720.0,0.6626630869954312,60.0,51.0,183.843137254902,60.0,17.655607454628274,False,11550.0,1125.55,1125.54,430.17,6.98,59.61,39.52,125.41,5.48,30.43,32.36,16.14,15.46,0.55,45.67,0.29,52.29,70.75,4.64,42.69,12.85,10.58,0.0,100.05,2.42,4.96,0.24,0.19,26.55,30.6,18.64,16.45,0.0,524.57,524.57,0.0
EM70EMSC,EM70EMSC,EFH,Massiv,70 kWh,Erdgas,mittel,Kurve,Schlaufe,285593,285592.8412199707,79084.60587809526,1282.8866400000002,10958.2,7264.84,23054.904000000002,1008.0,5594.160000000001,5949.295238095239,2966.4,2842.08,100.8,8396.44,53.099999999999994,9613.5,15244.9,852.72,10085.1227552088,2362.752,1944.2820800000004,0.0,18393,444.27600000000007,912.0,43.344,34.776,4881.38,5626.32,3427.2000000000007,3024.0,0.0,172870,172870.06250666667,0.0,111.0,EFH,Schlaufe,60000.0,4728.0,4102.0,2720.0,5860.0,,,0.11266666666666666,0.21033333333333334,2.0,12620.0,15040.1,9376.0,11720.0,0.6626630869954312,60.0,51.0,183.843137254902,60.0,24.367989865185216,False,11550.0,1553.46,1553.46,430.17,6.98,59.61,39.52,125.41,5.48,30.43,32.36,16.14,15.46,0.55,45.67,0.29,52.29,82.92,4.64,54.86,12.85,10.58,0.0,100.05,2.42,4.96,0.24,0.19,26.55,30.6,18.64,16.45,0.0,940.31,940.31,0.0
DH15NMSC,DH15NMSC,DH,Holz,15 kWh,Nahwärme kalt,mittel,Kurve,Schlaufe,224080,224080.29938545672,90621.48567619048,1908.8160000000003,18475.6,10462.76,12750.223199999999,1108.8,5769.764,8487.390476190478,2763.2000000000003,3681.04,110.88,11058.08,38.94,14005.991999999998,77613.4,1254.0,70211.973372856,3370.752,2776.67808,0.0,19932,545.3000000000001,912.0,53.2,51.00480000000001,4881.38,5626.32,3427.2000000000007,4435.2,0.0,35914,35913.805456410264,0.0,211.0,DH,Schlaufe,60000.0,4728.0,4102.0,2720.0,8360.0,,,0.16133333333333333,0.3006666666666667,2.0,18040.0,21660.0,13376.0,16720.0,0.5448123305266162,44.0,47.0,284.59574468085106,88.0,13.401931781426839,False,11550.0,787.36,787.36,318.42,6.71,64.92,36.76,44.8,3.9,20.27,29.82,9.71,12.93,0.39,38.86,0.14,49.21,272.71,4.41,246.71,11.84,9.76,0.0,70.04,1.92,3.2,0.19,0.18,17.15,19.77,12.04,15.58,0.0,126.19,126.19,0.0
DH15LMSC,DH15LMSC,DH,Holz,15 kWh,LW Wärmepumpe,mittel,Kurve,Schlaufe,170684,170684.2482351699,90621.48567619048,1908.8160000000003,18475.6,10462.76,12750.223199999999,1108.8,5769.764,8487.390476190478,2763.2000000000003,3681.04,110.88,11058.08,38.94,14005.991999999998,14208.6,1254.0,6807.1567675040005,3370.752,2776.67808,0.0,19932,545.3000000000001,912.0,53.2,51.00480000000001,4881.38,5626.32,3427.2000000000007,4435.2,0.0,45923,45922.57091147542,0.0,211.0,DH,Schlaufe,60000.0,4728.0,4102.0,2720.0,8360.0,,,0.16133333333333333,0.3006666666666667,2.0,18040.0,21660.0,13376.0,16720.0,0.5448123305266162,44.0,47.0,284.59574468085106,88.0,10.208388052342698,False,11550.0,599.74,599.74,318.42,6.71,64.92,36.76,44.8,3.9,20.27,29.82,9.71,12.93,0.39,38.86,0.14,49.21,49.93,4.41,23.92,11.84,9.76,0.0,70.04,1.92,3.2,0.19,0.18,17.15,19.77,12.04,15.58,0.0,161.36,161.36,0.0
DH15EMSC,DH15EMSC,DH,Holz,15 kWh,Erdgas,mittel,Kurve,Schlaufe,209294,209293.94647176116,90621.48567619048,1908.8160000000003,18475.6,10462.76,12750.223199999999,1108.8,5769.764,8487.390476190478,2763.2000000000003,3681.04,110.88,11058.08,38.94,14005.991999999998,16422.6,1254.0,9021.203408903999,3370.752,2776.67808,0.0,19932,545.3000000000001,912.0,53.2,51.00480000000001,4881.38,5626.32,3427.2000000000007,4435.2,0.0,82318,82318.22250666666,0.0,211.0,DH,Schlaufe,60000.0,4728.0,4102.0,2720.0,8360.0,,,0.16133333333333333,0.3006666666666667,2.0,18040.0,21660.0,13376.0,16720.0,0.5448123305266162,44.0,47.0,284.59574468085106,88.0,12.517580530607724,False,11550.0,735.41,735.41,318.42,6.71,64.92,36.76,44.8,3.9,20.27,29.82,9.71,12.93,0.39,38.86,0.14,49.21,57.71,4.41,31.7,11.84,9.76,0.0,70.04,1.92,3.2,0.19,0.18,17.15,19.77,12.04,15.58,0.0,289.25,289.25,0.0
DH30NMSC,DH30NMSC,DH,Holz,30 kWh,Nahwärme kalt,mittel,Kurve,Schlaufe,241577,241576.57506585118,87744.43127619049,1908.8160000000003,17054.4,10462.76,11567.2128,1108.8,5769.764,8487.390476190478,2763.2000000000003,3681.04,110.88,11058.08,38.94,13733.148,78437.2,1254.0,71035.764991712,3370.752,2776.67808,0.0,19932,545.3000000000001,912.0,53.2,51.00480000000001,4881.38,5626.32,3427.2000000000007,4435.2,0.0,55463,55463.34391794872,0.0,211.0,DH,Schlaufe,60000.0,4728.0,4102.0,2720.0,8360.0,,,0.16133333333333333,0.3006666666666667,2.0,18040.0,21660.0,13376.0,16720.0,0.5448123305266162,44.0,47.0,284.59574468085106,88.0,14.448359752742299,False,11550.0,848.84,848.84,308.31,6.71,59.92,36.76,40.64,3.9,20.27,29.82,9.71,12.93,0.39,38.86,0.14,48.25,275.61,4.41,249.6,11.84,9.76,0.0,70.04,1.92,3.2,0.19,0.18,17.15,19.77,12.04,15.58,0.0,194.88,194.88,0.0
DH30LMSC,DH30LMSC,DH,Holz,30 kWh,LW Wärmepumpe,mittel,Kurve,Schlaufe,193193,193193.48915501317,87744.43127619049,1908.8160000000003,17054.4,10462.76,11567.2128,1108.8,5769.764,8487.390476190478,2763.2000000000003,3681.04,110.88,11058.08,38.94,13733.148,14597.1,1254.0,7195.681595544,3370.752,2776.67808,0.0,19932,545.3000000000001,912.0,53.2,51.00480000000001,4881.38,5626.32,3427.2000000000007,4435.2,0.0,70920,70920.3414032787,0.0,211.0,DH,Schlaufe,60000.0,4728.0,4102.0,2720.0,8360.0,,,0.16133333333333333,0.3006666666666667,2.0,18040.0,21660.0,13376.0,16720.0,0.5448123305266162,44.0,47.0,284.59574468085106,88.0,11.554634518840501,False,11550.0,678.83,678.83,308.31,6.71,59.92,36.76,40.64,3.9,20.27,29.82,9.71,12.93,0.39,38.86,0.14,48.25,51.29,4.41,25.28,11.84,9.76,0.0,70.04,1.92,3.2,0.19,0.18,17.15,19.77,12.04,15.58,0.0,249.2,249.2,0.0
DH30EMSC,DH30EMSC,DH,Holz,30 kWh,Erdgas,mittel,Kurve,Schlaufe,251289,251289.23590932117,87744.43127619049,1908.8160000000003,17054.4,10462.76,11567.2128,1108.8,5769.764,8487.390476190478,2763.2000000000003,3681.04,110.88,11058.08,38.94,13733.148,16485.4,1254.0,9083.947246464,3370.752,2776.67808,0.0,19932,545.3000000000001,912.0,53.2,51.00480000000001,4881.38,5626.32,3427.2000000000007,4435.2,0.0,127128,127127.8225066667,0.0,211.0,DH,Schlaufe,60000.0,4728.0,4102.0,2720.0,8360.0,,,0.16133333333333333,0.3006666666666667,2.0,18040.0,21660.0,13376.0,16720.0,0.5448123305266162,44.0,47.0,284.59574468085106,88.0,15.029260520892414,False,11550.0,882.97,882.97,308.31,6.71,59.92,36.76,40.64,3.9,20.27,29.82,9.71,12.93,0.39,38.86,0.14,48.25,57.93,4.41,31.92,11.84,9.76,0.0,70.04,1.92,3.2,0.19,0.18,17.15,19.77,12.04,15.58,0.0,446.7,446.7,0.0
DH70NMSC,DH70NMSC,DH,Holz,70 kWh,Nahwärme kalt,mittel,Kurve,Schlaufe,293678,293678.4955983378,84594.53287619047,1908.8160000000003,15633.2,10462.76,10384.2024,1108.8,5769.764,8487.390476190478,2763.2000000000003,3681.04,110.88,11058.08,38.94,13187.46,81556.9,1254.0,74155.481360096,3370.752,2776.67808,0.0,19932,545.3000000000001,912.0,53.2,51.00480000000001,4881.38,5626.32,3427.2000000000007,4435.2,0.0,107595,107595.44648205131,0.0,211.0,DH,Schlaufe,60000.0,4728.0,4102.0,2720.0,8360.0,,,0.16133333333333333,0.3006666666666667,2.0,18040.0,21660.0,13376.0,16720.0,0.5448123305266162,44.0,47.0,284.59574468085106,88.0,17.564503325259437,False,11550.0,1031.91,1031.91,297.24,6.71,54.93,36.76,36.49,3.9,20.27,29.82,9.71,12.93,0.39,38.86,0.14,46.34,286.57,4.41,260.56,11.84,9.76,0.0,70.04,1.92,3.2,0.19,0.18,17.15,19.77,12.04,15.58,0.0,378.06,378.06,0.0
DH70LMSC,DH70LMSC,DH,Holz,70 kWh,LW Wärmepumpe,mittel,Kurve,Schlaufe,258663,258663.09726575259,84594.53287619047,1908.8160000000003,15633.2,10462.76,10384.2024,1108.8,5769.764,8487.390476190478,2763.2000000000003,3681.04,110.88,11058.08,38.94,13187.46,16555.9,1254.0,9154.466794807999,3370.752,2776.67808,0.0,19932,545.3000000000001,912.0,53.2,51.00480000000001,4881.38,5626.32,3427.2000000000007,4435.2,0.0,137581,137581.0627147541,0.0,211.0,DH,Schlaufe,60000.0,4728.0,4102.0,2720.0,8360.0,,,0.16133333333333333,0.3006666666666667,2.0,18040.0,21660.0,13376.0,16720.0,0.5448123305266162,44.0,47.0,284.59574468085106,88.0,15.470280936946924,False,11550.0,908.88,908.88,297.24,6.71,54.93,36.76,36.49,3.9,20.27,29.82,9.71,12.93,0.39,38.86,0.14,46.34,58.17,4.41,32.17,11.84,9.76,0.0,70.04,1.92,3.2,0.19,0.18,17.15,19.77,12.04,15.58,0.0,483.43,483.43,0.0
DH70EMSC,DH70EMSC,DH,Holz,70 kWh,Erdgas,mittel,Kurve,Schlaufe,368730,368730.2256390038,84594.53287619047,1908.8160000000003,15633.2,10462.76,10384.2024,1108.8,5769.764,8487.390476190478,2763.2000000000003,3681.04,110.88,11058.08,38.94,13187.46,17584.0,1254.0,10182.56870948,3370.752,2776.67808,0.0,19932,545.3000000000001,912.0,53.2,51.00480000000001,4881.38,5626.32,3427.2000000000007,4435.2,0.0,246620,246620.08917333334,0.0,211.0,DH,Schlaufe,60000.0,4728.0,4102.0,2720.0,8360.0,,,0.16133333333333333,0.3006666666666667,2.0,18040.0,21660.0,13376.0,16720.0,0.5448123305266162,44.0,47.0,284.59574468085106,88.0,22.053243160227503,False,11550.0,1295.63,1295.63,297.24,6.71,54.93,36.76,36.49,3.9,20.27,29.82,9.71,12.93,0.39,38.86,0.14,46.34,61.79,4.41,35.78,11.84,9.76,0.0,70.04,1.92,3.2,0.19,0.18,17.15,19.77,12.04,15.58,0.0,866.56,866.56,0.0
DM15NMSC,DM15NMSC,DH,Massiv,15 kWh,Nahwärme kalt,mittel,Kurve,Schlaufe,242193,242193.3041854567,108734.49047619048,1908.8160000000003,18475.6,10462.76,26946.347999999998,1108.8,5769.764,8487.390476190478,4417.6,4855.84,110.88,12145.76,38.94,14005.991999999998,77613.4,1254.0,70211.973372856,3370.752,2776.67808,0.0,19932,545.3000000000001,912.0,53.2,51.00480000000001,4881.38,5626.32,3427.2000000000007,4435.2,0.0,35914,35913.805456410264,0.0,211.0,DH,Schlaufe,60000.0,4728.0,4102.0,2720.0,8360.0,,,0.16133333333333333,0.3006666666666667,2.0,18040.0,21660.0,13376.0,16720.0,0.5448123305266162,44.0,47.0,284.59574468085106,88.0,14.485245465637366,False,11550.0,851.01,851.01,382.07,6.71,64.92,36.76,94.68,3.9,20.27,29.82,15.52,17.06,0.39,42.68,0.14,49.21,272.71,4.41,246.71,11.84,9.76,0.0,70.04,1.92,3.2,0.19,0.18,17.15,19.77,12.04,15.58,0.0,126.19,126.19,0.0
DM15LMSC,DM15LMSC,DH,Massiv,15 kWh,LW Wärmepumpe,mittel,Kurve,Schlaufe,188797,188797.2530351699,108734.49047619048,1908.8160000000003,18475.6,10462.76,26946.347999999998,1108.8,5769.764,8487.390476190478,4417.6,4855.84,110.88,12145.76,38.94,14005.991999999998,14208.6,1254.0,6807.1567675040005,3370.752,2776.67808,0.0,19932,545.3000000000001,912.0,53.2,51.00480000000001,4881.38,5626.32,3427.2000000000007,4435.2,0.0,45923,45922.57091147542,0.0,211.0,DH,Schlaufe,60000.0,4728.0,4102.0,2720.0,8360.0,,,0.16133333333333333,0.3006666666666667,2.0,18040.0,21660.0,13376.0,16720.0,0.5448123305266162,44.0,47.0,284.59574468085106,88.0,11.291701736553225,False,11550.0,663.39,663.39,382.07,6.71,64.92,36.76,94.68,3.9,20.27,29.82,15.52,17.06,0.39,42.68,0.14,49.21,49.93,4.41,23.92,11.84,9.76,0.0,70.04,1.92,3.2,0.19,0.18,17.15,19.77,12.04,15.58,0.0,161.36,161.36,0.0
DM15EMSC,DM15EMSC,DH,Massiv,15 kWh,Erdgas,mittel,Kurve,Schlaufe,227407,227406.95127176115,108734.49047619048,1908.8160000000003,18475.6,10462.76,26946.347999999998,1108.8,5769.764,8487.390476190478,4417.6,4855.84,110.88,12145.76,38.94,14005.991999999998,16422.6,1254.0,9021.203408903999,3370.752,2776.67808,0.0,19932,545.3000000000001,912.0,53.2,51.00480000000001,4881.38,5626.32,3427.2000000000007,4435.2,0.0,82318,82318.22250666666,0.0,211.0,DH,Schlaufe,60000.0,4728.0,4102.0,2720.0,8360.0,,,0.16133333333333333,0.3006666666666667,2.0,18040.0,21660.0,13376.0,16720.0,0.5448123305266162,44.0,47.0,284.59574468085106,88.0,13.60089421481825,False,11550.0,799.05,799.05,382.07,6.71,64.92,36.76,94.68,3.9,20.27,29.82,15.52,17.06,0.39,42.68,0.14,49.21,57.71,4.41,31.7,11.84,9.76,0.0,70.04,1.92,3.2,0.19,0.18,17.15,19.77,12.04,15.58,0.0,289.25,289.25,0.0
DM30NMSC,DM30NMSC,DH,Massiv,30 kWh,Nahwärme kalt,mittel,Kurve,Schlaufe,259427,259426.6886658512,105594.54487619048,1908.8160000000003,17054.4,10462.76,25500.446399999997,1108.8,5769.764,8487.390476190478,4417.6,4855.84,110.88,12145.76,38.94,13733.148,78437.2,1254.0,71035.764991712,3370.752,2776.67808,0.0,19932,545.3000000000001,912.0,53.2,51.00480000000001,4881.38,5626.32,3427.2000000000007,4435.2,0.0,55463,55463.34391794872,0.0,211.0,DH,Schlaufe,60000.0,4728.0,4102.0,2720.0,8360.0,,,0.16133333333333333,0.3006666666666667,2.0,18040.0,21660.0,13376.0,16720.0,0.5448123305266162,44.0,47.0,284.59574468085106,88.0,15.515950279058089,False,11550.0,911.56,911.56,371.03,6.71,59.92,36.76,89.6,3.9,20.27,29.82,15.52,17.06,0.39,42.68,0.14,48.25,275.61,4.41,249.6,11.84,9.76,0.0,70.04,1.92,3.2,0.19,0.18,17.15,19.77,12.04,15.58,0.0,194.88,194.88,0.0
DM30LMSC,DM30LMSC,DH,Massiv,30 kWh,LW Wärmepumpe,mittel,Kurve,Schlaufe,211044,211043.60275501318,105594.54487619048,1908.8160000000003,17054.4,10462.76,25500.446399999997,1108.8,5769.764,8487.390476190478,4417.6,4855.84,110.88,12145.76,38.94,13733.148,14597.1,1254.0,7195.681595544,3370.752,2776.67808,0.0,19932,545.3000000000001,912.0,53.2,51.00480000000001,4881.38,5626.32,3427.2000000000007,4435.2,0.0,70920,70920.3414032787,0.0,211.0,DH,Schlaufe,60000.0,4728.0,4102.0,2720.0,8360.0,,,0.16133333333333333,0.3006666666666667,2.0,18040.0,21660.0,13376.0,16720.0,0.5448123305266162,44.0,47.0,284.59574468085106,88.0,12.622225045156291,False,11550.0,741.56,741.56,371.03,6.71,59.92,36.76,89.6,3.9,20.27,29.82,15.52,17.06,0.39,42.68,0.14,48.25,51.29,4.41,25.28,11.84,9.76,0.0,70.04,1.92,3.2,0.19,0.18,17.15,19.77,12.04,15.58,0.0,249.2,249.2,0.0
DM30EMSC,DM30EMSC,DH,Massiv,30 kWh,Erdgas,mittel,Kurve,Schlaufe,269139,269139.3495093212,105594.54487619048,1908.8160000000003,17054.4,10462.76,25500.446399999997,1108.8,5769.764,8487.390476190478,4417.6,4855.84,110.88,12145.76,38.94,13733.148,16485.4,1254.0,9083.947246464,3370.752,2776.67808,0.0,19932,545.3000000000001,912.0,53.2,51.00480000000001,4881.38,5626.32,3427.2000000000007,4435.2,0.0,127128,127127.8225066667,0.0,211.0,DH,Schlaufe,60000.0,4728.0,4102.0,2720.0,8360.0,,,0.16133333333333333,0.3006666666666667,2.0,18040.0,21660.0,13376.0,16720.0,0.5448123305266162,44.0,47.0,284.59574468085106,88.0,16.096851047208204,False,11550.0,945.69,945.69,371.03,6.71,59.92,36.76,89.6,3.9,20.27,29.82,15.52,17.06,0.39,42.68,0.14,48.25,57.93,4.41,31.92,11.84,9.76,0.0,70.04,1.92,3.2,0.19,0.18,17.15,19.77,12.04,15.58,0.0,446.7,446.7,0.0
DM70NMSC,DM70NMSC,DH,Massiv,70 kWh,Nahwärme kalt,mittel,Kurve,Schlaufe,309688,309688.3707983378,100604.40807619048,1908.8160000000003,15633.2,10462.76,22477.1976,1108.8,5769.764,8487.390476190478,4417.6,4855.84,110.88,12145.76,38.94,13187.46,81556.9,1254.0,74155.481360096,3370.752,2776.67808,0.0,19932,545.3000000000001,912.0,53.2,51.00480000000001,4881.38,5626.32,3427.2000000000007,4435.2,0.0,107595,107595.44648205131,0.0,211.0,DH,Schlaufe,60000.0,4728.0,4102.0,2720.0,8360.0,,,0.16133333333333333,0.3006666666666667,2.0,18040.0,21660.0,13376.0,16720.0,0.5448123305266162,44.0,47.0,284.59574468085106,88.0,18.522031746312074,False,11550.0,1088.17,1088.17,353.5,6.71,54.93,36.76,78.98,3.9,20.27,29.82,15.52,17.06,0.39,42.68,0.14,46.34,286.57,4.41,260.56,11.84,9.76,0.0,70.04,1.92,3.2,0.19,0.18,17.15,19.77,12.04,15.58,0.0,378.06,378.06,0.0
DM70LMSC,DM70LMSC,DH,Massiv,70 kWh,LW Wärmepumpe,mittel,Kurve,Schlaufe,274673,274672.9724657526,100604.40807619048,1908.8160000000003,15633.2,10462.76,22477.1976,1108.8,5769.764,8487.390476190478,4417.6,4855.84,110.88,12145.76,38.94,13187.46,16555.9,1254.0,9154.466794807999,3370.752,2776.67808,0.0,19932,545.3000000000001,912.0,53.2,51.00480000000001,4881.38,5626.32,3427.2000000000007,4435.2,0.0,137581,137581.0627147541,0.0,211.0,DH,Schlaufe,60000.0,4728.0,4102.0,2720.0,8360.0,,,0.16133333333333333,0.3006666666666667,2.0,18040.0,21660.0,13376.0,16720.0,0.5448123305266162,44.0,47.0,284.59574468085106,88.0,16.427809357999557,False,11550.0,965.13,965.13,353.5,6.71,54.93,36.76,78.98,3.9,20.27,29.82,15.52,17.06,0.39,42.68,0.14,46.34,58.17,4.41,32.17,11.84,9.76,0.0,70.04,1.92,3.2,0.19,0.18,17.15,19.77,12.04,15.58,0.0,483.43,483.43,0.0
DM70EMSC,DM70EMSC,DH,Massiv,70 kWh,Erdgas,mittel,Kurve,Schlaufe,384740,384740.1008390038,100604.40807619048,1908.8160000000003,15633.2,10462.76,22477.1976,1108.8,5769.764,8487.390476190478,4417.6,4855.84,110.88,12145.76,38.94,13187.46,17584.0,1254.0,10182.56870948,3370.752,2776.67808,0.0,19932,545.3000000000001,912.0,53.2,51.00480000000001,4881.38,5626.32,3427.2000000000007,4435.2,0.0,246620,246620.08917333334,0.0,211.0,DH,Schlaufe,60000.0,4728.0,4102.0,2720.0,8360.0,,,0.16133333333333333,0.3006666666666667,2.0,18040.0,21660.0,13376.0,16720.0,0.5448123305266162,44.0,47.0,284.59574468085106,88.0,23.010771581280135,False,11550.0,1351.88,1351.88,353.5,6.71,54.93,36.76,78.98,3.9,20.27,29.82,15.52,17.06,0.39,42.68,0.14,46.34,61.79,4.41,35.78,11.84,9.76,0.0,70.04,1.92,3.2,0.19,0.18,17.15,19.77,12.04,15.58,0.0,866.56,866.56,0.0
RH15NMSC,RH15NMSC,RH,Holz,15 kWh,Nahwärme kalt,mittel,Kurve,Schlaufe,296983,296983.1731880079,117464.70636190477,2275.896,26033.8,14823.560000000001,11937.3632,1276.8,5878.73,11959.504761904764,2643.2,4996.3444,182.28,15706.279999999999,24.779999999999998,19726.167999999998,107082.1,1484.28,96777.258606616,4908.019199999999,3912.5918400000005,0.0,21831,603.2740000000001,912.0,58.856,71.8704,4881.38,5626.32,3427.2000000000007,6249.599999999999,0.0,50606,50605.81677948718,0.0,311.0,RH,Schlaufe,60000.0,4728.0,4102.0,2720.0,11780.0,,,0.22733333333333333,0.4236666666666667,2.0,25420.0,29450.0,18848.0,23560.0,0.4748201771844885,28.0,47.0,401.02127659574467,124.0,12.605397843294055,False,11550.0,740.57,740.57,292.91,5.68,64.92,36.96,29.77,3.18,14.66,29.82,6.59,12.46,0.45,39.17,0.06,49.19,267.02,3.7,241.33,12.24,9.76,0.0,54.44,1.5,2.27,0.15,0.18,12.17,14.03,8.55,15.58,0.0,126.19,126.19,0.0
RH15LMSC,RH15LMSC,RH,Holz,15 kWh,LW Wärmepumpe,mittel,Kurve,Schlaufe,223537,223536.92153743136,117464.70636190477,2275.896,26033.8,14823.560000000001,11937.3632,1276.8,5878.73,11959.504761904764,2643.2,4996.3444,182.28,15706.279999999999,24.779999999999998,19726.167999999998,19532.6,1484.28,9227.746542084002,4908.019199999999,3912.5918400000005,0.0,21831,603.2740000000001,912.0,58.856,71.8704,4881.38,5626.32,3427.2000000000007,6249.599999999999,0.0,64709,64709.077193442616,0.0,311.0,RH,Schlaufe,60000.0,4728.0,4102.0,2720.0,11780.0,,,0.22733333333333333,0.4236666666666667,2.0,25420.0,29450.0,18848.0,23560.0,0.4748201771844885,28.0,47.0,401.02127659574467,124.0,9.487984785120178,False,11550.0,557.42,557.42,292.91,5.68,64.92,36.96,29.77,3.18,14.66,29.82,6.59,12.46,0.45,39.17,0.06,49.19,48.71,3.7,23.01,12.24,9.76,0.0,54.44,1.5,2.27,0.15,0.18,12.17,14.03,8.55,15.58,0.0,161.36,161.36,0.0
RH15EMSC,RH15EMSC,RH,Holz,15 kWh,Erdgas,mittel,Kurve,Schlaufe,276084,276083.5555897794,117464.70636190477,2275.896,26033.8,14823.560000000001,11937.3632,1276.8,5878.73,11959.504761904764,2643.2,4996.3444,182.28,15706.279999999999,24.779999999999998,19726.167999999998,20794.5,1484.28,10489.598801208002,4908.019199999999,3912.5918400000005,0.0,21831,603.2740000000001,912.0,58.856,71.8704,4881.38,5626.32,3427.2000000000007,6249.599999999999,0.0,115994,115993.85898666666,0.0,311.0,RH,Schlaufe,60000.0,4728.0,4102.0,2720.0,11780.0,,,0.22733333333333333,0.4236666666666667,2.0,25420.0,29450.0,18848.0,23560.0,0.4748201771844885,28.0,47.0,401.02127659574467,124.0,11.718317300075526,False,11550.0,688.45,688.45,292.91,5.68,64.92,36.96,29.77,3.18,14.66,29.82,6.59,12.46,0.45,39.17,0.06,49.19,51.85,3.7,26.16,12.24,9.76,0.0,54.44,1.5,2.27,0.15,0.18,12.17,14.03,8.55,15.58,0.0,289.25,289.25,0.0
RH30NMSC,RH30NMSC,RH,Holz,30 kWh,Nahwärme kalt,mittel,Kurve,Schlaufe,322458,322458.30320157687,113970.23996190476,2275.896,24031.2,14823.560000000001,10829.772799999999,1276.8,5878.73,11959.504761904764,2643.2,4996.3444,182.28,15706.279999999999,24.779999999999998,19341.892,108504.7,1484.28,98199.778097108,4908.019199999999,3912.5918400000005,0.0,21831,603.2740000000001,912.0,58.856,71.8704,4881.38,5626.32,3427.2000000000007,6249.599999999999,0.0,78153,78152.8937025641,0.0,311.0,RH,Schlaufe,60000.0,4728.0,4102.0,2720.0,11780.0,,,0.22733333333333333,0.4236666666666667,2.0,25420.0,29450.0,18848.0,23560.0,0.4748201771844885,28.0,47.0,401.02127659574467,124.0,13.68668519531311,False,11550.0,804.09,804.09,284.2,5.68,59.92,36.96,27.01,3.18,14.66,29.82,6.59,12.46,0.45,39.17,0.06,48.23,270.57,3.7,244.87,12.24,9.76,0.0,54.44,1.5,2.27,0.15,0.18,12.17,14.03,8.55,15.58,0.0,194.88,194.88,0.0
RH30LMSC,RH30LMSC,RH,Holz,30 kWh,LW Wärmepumpe,mittel,Kurve,Schlaufe,256045,256044.69908293636,113970.23996190476,2275.896,24031.2,14823.560000000001,10829.772799999999,1276.8,5878.73,11959.504761904764,2643.2,4996.3444,182.28,15706.279999999999,24.779999999999998,19341.892,20310.8,1484.28,10005.859340047999,4908.019199999999,3912.5918400000005,0.0,21831,603.2740000000001,912.0,58.856,71.8704,4881.38,5626.32,3427.2000000000007,6249.599999999999,0.0,99933,99933.2083409836,0.0,311.0,RH,Schlaufe,60000.0,4728.0,4102.0,2720.0,11780.0,,,0.22733333333333333,0.4236666666666667,2.0,25420.0,29450.0,18848.0,23560.0,0.4748201771844885,28.0,47.0,401.02127659574467,124.0,10.86777160793448,False,11550.0,638.48,638.48,284.2,5.68,59.92,36.96,27.01,3.18,14.66,29.82,6.59,12.46,0.45,39.17,0.06,48.23,50.65,3.7,24.95,12.24,9.76,0.0,54.44,1.5,2.27,0.15,0.18,12.17,14.03,8.55,15.58,0.0,249.2,249.2,0.0
RH30EMSC,RH30EMSC,RH,Holz,30 kWh,Erdgas,mittel,Kurve,Schlaufe,336095,336095.2653400034,113970.23996190476,2275.896,24031.2,14823.560000000001,10829.772799999999,1276.8,5878.73,11959.504761904764,2643.2,4996.3444,182.28,15706.279999999999,24.779999999999998,19341.892,21159.9,1484.28,10854.974951432,4908.019199999999,3912.5918400000005,0.0,21831,603.2740000000001,912.0,58.856,71.8704,4881.38,5626.32,3427.2000000000007,6249.599999999999,0.0,179135,179134.65898666668,0.0,311.0,RH,Schlaufe,60000.0,4728.0,4102.0,2720.0,11780.0,,,0.22733333333333333,0.4236666666666667,2.0,25420.0,29450.0,18848.0,23560.0,0.4748201771844885,28.0,47.0,401.02127659574467,124.0,14.265503622241233,False,11550.0,838.1,838.1,284.2,5.68,59.92,36.96,27.01,3.18,14.66,29.82,6.59,12.46,0.45,39.17,0.06,48.23,52.77,3.7,27.07,12.24,9.76,0.0,54.44,1.5,2.27,0.15,0.18,12.17,14.03,8.55,15.58,0.0,446.7,446.7,0.0
RH70NMSC,RH70NMSC,RH,Holz,70 kWh,Nahwärme kalt,mittel,Kurve,Schlaufe,396785,396785.4105557046,110091.49756190476,2275.896,22028.600000000002,14823.560000000001,9722.1824,1276.8,5878.73,11959.504761904764,2643.2,4996.3444,182.28,15706.279999999999,24.779999999999998,18573.339999999997,113251.6,1484.28,102946.75605636399,4908.019199999999,3912.5918400000005,0.0,21831,603.2740000000001,912.0,58.856,71.8704,4881.38,5626.32,3427.2000000000007,6249.599999999999,0.0,151612,151611.76549743587,0.0,311.0,RH,Schlaufe,60000.0,4728.0,4102.0,2720.0,11780.0,,,0.22733333333333333,0.4236666666666667,2.0,25420.0,29450.0,18848.0,23560.0,0.4748201771844885,28.0,47.0,401.02127659574467,124.0,16.841486016795614,False,11550.0,989.44,989.44,274.53,5.68,54.93,36.96,24.24,3.18,14.66,29.82,6.59,12.46,0.45,39.17,0.06,46.32,282.41,3.7,256.71,12.24,9.76,0.0,54.44,1.5,2.27,0.15,0.18,12.17,14.03,8.55,15.58,0.0,378.06,378.06,0.0
RH70LMSC,RH70LMSC,RH,Holz,70 kWh,LW Wärmepumpe,mittel,Kurve,Schlaufe,349216,349215.527056911,110091.49756190476,2275.896,22028.600000000002,14823.560000000001,9722.1824,1276.8,5878.73,11959.504761904764,2643.2,4996.3444,182.28,15706.279999999999,24.779999999999998,18573.339999999997,23429.3,1484.28,13124.413320579999,4908.019199999999,3912.5918400000005,0.0,21831,603.2740000000001,912.0,58.856,71.8704,4881.38,5626.32,3427.2000000000007,6249.599999999999,0.0,193864,193864.22473442624,0.0,311.0,RH,Schlaufe,60000.0,4728.0,4102.0,2720.0,11780.0,,,0.22733333333333333,0.4236666666666667,2.0,25420.0,29450.0,18848.0,23560.0,0.4748201771844885,28.0,47.0,401.02127659574467,124.0,14.822390791889262,False,11550.0,870.82,870.82,274.53,5.68,54.93,36.96,24.24,3.18,14.66,29.82,6.59,12.46,0.45,39.17,0.06,46.32,58.42,3.7,32.73,12.24,9.76,0.0,54.44,1.5,2.27,0.15,0.18,12.17,14.03,8.55,15.58,0.0,483.43,483.43,0.0
RH70EMSC,RH70EMSC,RH,Holz,70 kWh,Erdgas,mittel,Kurve,Schlaufe,505103,505103.282327822,110091.49756190476,2275.896,22028.600000000002,14823.560000000001,9722.1824,1276.8,5878.73,11959.504761904764,2643.2,4996.3444,182.28,15706.279999999999,24.779999999999998,18573.339999999997,25671.2,1484.28,15366.267672584,4908.019199999999,3912.5918400000005,0.0,21831,603.2740000000001,912.0,58.856,71.8704,4881.38,5626.32,3427.2000000000007,6249.599999999999,0.0,347510,347510.12565333326,0.0,311.0,RH,Schlaufe,60000.0,4728.0,4102.0,2720.0,11780.0,,,0.22733333333333333,0.4236666666666667,2.0,25420.0,29450.0,18848.0,23560.0,0.4748201771844885,28.0,47.0,401.02127659574467,124.0,21.439018774525554,False,11550.0,1259.54,1259.54,274.53,5.68,54.93,36.96,24.24,3.18,14.66,29.82,6.59,12.46,0.45,39.17,0.06,46.32,64.01,3.7,38.32,12.24,9.76,0.0,54.44,1.5,2.27,0.15,0.18,12.17,14.03,8.55,15.58,0.0,866.56,866.56,0.0
RM15NMSC,RM15NMSC,RH,Massiv,15 kWh,Nahwärme kalt,mittel,Kurve,Schlaufe,315020,315019.51598800794,135501.04916190475,2275.896,26033.8,14823.560000000001,25228.447999999997,1276.8,5878.73,11959.504761904764,4248.999999999999,6590.9224,182.28,17251.16,24.779999999999998,19726.167999999998,107082.1,1484.28,96777.258606616,4908.019199999999,3912.5918400000005,0.0,21831,603.2740000000001,912.0,58.856,71.8704,4881.38,5626.32,3427.2000000000007,6249.599999999999,0.0,50606,50605.81677948718,0.0,311.0,RH,Schlaufe,60000.0,4728.0,4102.0,2720.0,11780.0,,,0.22733333333333333,0.4236666666666667,2.0,25420.0,29450.0,18848.0,23560.0,0.4748201771844885,28.0,47.0,401.02127659574467,124.0,13.370947198132763,False,11550.0,785.54,785.54,337.89,5.68,64.92,36.96,62.91,3.18,14.66,29.82,10.6,16.44,0.45,43.02,0.06,49.19,267.02,3.7,241.33,12.24,9.76,0.0,54.44,1.5,2.27,0.15,0.18,12.17,14.03,8.55,15.58,0.0,126.19,126.19,0.0
RM15LMSC,RM15LMSC,RH,Massiv,15 kWh,LW Wärmepumpe,mittel,Kurve,Schlaufe,241573,241573.26433743135,135501.04916190475,2275.896,26033.8,14823.560000000001,25228.447999999997,1276.8,5878.73,11959.504761904764,4248.999999999999,6590.9224,182.28,17251.16,24.779999999999998,19726.167999999998,19532.6,1484.28,9227.746542084002,4908.019199999999,3912.5918400000005,0.0,21831,603.2740000000001,912.0,58.856,71.8704,4881.38,5626.32,3427.2000000000007,6249.599999999999,0.0,64709,64709.077193442616,0.0,311.0,RH,Schlaufe,60000.0,4728.0,4102.0,2720.0,11780.0,,,0.22733333333333333,0.4236666666666667,2.0,25420.0,29450.0,18848.0,23560.0,0.4748201771844885,28.0,47.0,401.02127659574467,124.0,10.253534139958887,False,11550.0,602.39,602.4,337.89,5.68,64.92,36.96,62.91,3.18,14.66,29.82,10.6,16.44,0.45,43.02,0.06,49.19,48.71,3.7,23.01,12.24,9.76,0.0,54.44,1.5,2.27,0.15,0.18,12.17,14.03,8.55,15.58,0.0,161.36,161.36,0.0
RM15EMSC,RM15EMSC,RH,Massiv,15 kWh,Erdgas,mittel,Kurve,Schlaufe,294120,294119.8983897794,135501.04916190475,2275.896,26033.8,14823.560000000001,25228.447999999997,1276.8,5878.73,11959.504761904764,4248.999999999999,6590.9224,182.28,17251.16,24.779999999999998,19726.167999999998,20794.5,1484.28,10489.598801208002,4908.019199999999,3912.5918400000005,0.0,21831,603.2740000000001,912.0,58.856,71.8704,4881.38,5626.32,3427.2000000000007,6249.599999999999,0.0,115994,115993.85898666666,0.0,311.0,RH,Schlaufe,60000.0,4728.0,4102.0,2720.0,11780.0,,,0.22733333333333333,0.4236666666666667,2.0,25420.0,29450.0,18848.0,23560.0,0.4748201771844885,28.0,47.0,401.02127659574467,124.0,12.483866654914237,False,11550.0,733.43,733.43,337.89,5.68,64.92,36.96,62.91,3.18,14.66,29.82,10.6,16.44,0.45,43.02,0.06,49.19,51.85,3.7,26.16,12.24,9.76,0.0,54.44,1.5,2.27,0.15,0.18,12.17,14.03,8.55,15.58,0.0,289.25,289.25,0.0
RM30NMSC,RM30NMSC,RH,Massiv,30 kWh,Nahwärme kalt,mittel,Kurve,Schlaufe,340249,340248.51480157685,131760.45156190477,2275.896,24031.2,14823.560000000001,23874.7264,1276.8,5878.73,11959.504761904764,4248.999999999999,6590.9224,182.28,17251.16,24.779999999999998,19341.892,108504.7,1484.28,98199.778097108,4908.019199999999,3912.5918400000005,0.0,21831,603.2740000000001,912.0,58.856,71.8704,4881.38,5626.32,3427.2000000000007,6249.599999999999,0.0,78153,78152.8937025641,0.0,311.0,RH,Schlaufe,60000.0,4728.0,4102.0,2720.0,11780.0,,,0.22733333333333333,0.4236666666666667,2.0,25420.0,29450.0,18848.0,23560.0,0.4748201771844885,28.0,47.0,401.02127659574467,124.0,14.441787555245199,False,11550.0,848.46,848.46,328.56,5.68,59.92,36.96,59.53,3.18,14.66,29.82,10.6,16.44,0.45,43.02,0.06,48.23,270.57,3.7,244.87,12.24,9.76,0.0,54.44,1.5,2.27,0.15,0.18,12.17,14.03,8.55,15.58,0.0,194.88,194.88,0.0
RM30LMSC,RM30LMSC,RH,Massiv,30 kWh,LW Wärmepumpe,mittel,Kurve,Schlaufe,273835,273834.9106829364,131760.45156190477,2275.896,24031.2,14823.560000000001,23874.7264,1276.8,5878.73,11959.504761904764,4248.999999999999,6590.9224,182.28,17251.16,24.779999999999998,19341.892,20310.8,1484.28,10005.859340047999,4908.019199999999,3912.5918400000005,0.0,21831,603.2740000000001,912.0,58.856,71.8704,4881.38,5626.32,3427.2000000000007,6249.599999999999,0.0,99933,99933.2083409836,0.0,311.0,RH,Schlaufe,60000.0,4728.0,4102.0,2720.0,11780.0,,,0.22733333333333333,0.4236666666666667,2.0,25420.0,29450.0,18848.0,23560.0,0.4748201771844885,28.0,47.0,401.02127659574467,124.0,11.62287396786657,False,11550.0,682.84,682.84,328.56,5.68,59.92,36.96,59.53,3.18,14.66,29.82,10.6,16.44,0.45,43.02,0.06,48.23,50.65,3.7,24.95,12.24,9.76,0.0,54.44,1.5,2.27,0.15,0.18,12.17,14.03,8.55,15.58,0.0,249.2,249.2,0.0
RM30EMSC,RM30EMSC,RH,Massiv,30 kWh,Erdgas,mittel,Kurve,Schlaufe,353885,353885.47694000346,131760.45156190477,2275.896,24031.2,14823.560000000001,23874.7264,1276.8,5878.73,11959.504761904764,4248.999999999999,6590.9224,182.28,17251.16,24.779999999999998,19341.892,21159.9,1484.28,10854.974951432,4908.019199999999,3912.5918400000005,0.0,21831,603.2740000000001,912.0,58.856,71.8704,4881.38,5626.32,3427.2000000000007,6249.599999999999,0.0,179135,179134.65898666668,0.0,311.0,RH,Schlaufe,60000.0,4728.0,4102.0,2720.0,11780.0,,,0.22733333333333333,0.4236666666666667,2.0,25420.0,29450.0,18848.0,23560.0,0.4748201771844885,28.0,47.0,401.02127659574467,124.0,15.020605982173322,False,11550.0,882.46,882.46,328.56,5.68,59.92,36.96,59.53,3.18,14.66,29.82,10.6,16.44,0.45,43.02,0.06,48.23,52.77,3.7,27.07,12.24,9.76,0.0,54.44,1.5,2.27,0.15,0.18,12.17,14.03,8.55,15.58,0.0,446.7,446.7,0.0
RM70NMSC,RM70NMSC,RH,Massiv,70 kWh,Nahwärme kalt,mittel,Kurve,Schlaufe,412853,412852.70375570457,126158.79076190476,2275.896,22028.600000000002,14823.560000000001,21044.2176,1276.8,5878.73,11959.504761904764,4248.999999999999,6590.9224,182.28,17251.16,24.779999999999998,18573.339999999997,113251.6,1484.28,102946.75605636399,4908.019199999999,3912.5918400000005,0.0,21831,603.2740000000001,912.0,58.856,71.8704,4881.38,5626.32,3427.2000000000007,6249.599999999999,0.0,151612,151611.76549743587,0.0,311.0,RH,Schlaufe,60000.0,4728.0,4102.0,2720.0,11780.0,,,0.22733333333333333,0.4236666666666667,2.0,25420.0,29450.0,18848.0,23560.0,0.4748201771844885,28.0,47.0,401.02127659574467,124.0,17.523459412381353,False,11550.0,1029.5,1029.5,314.59,5.68,54.93,36.96,52.48,3.18,14.66,29.82,10.6,16.44,0.45,43.02,0.06,46.32,282.41,3.7,256.71,12.24,9.76,0.0,54.44,1.5,2.27,0.15,0.18,12.17,14.03,8.55,15.58,0.0,378.06,378.06,0.0
RM70LMSC,RM70LMSC,RH,Massiv,70 kWh,LW Wärmepumpe,mittel,Kurve,Schlaufe,365283,365282.820256911,126158.79076190476,2275.896,22028.600000000002,14823.560000000001,21044.2176,1276.8,5878.73,11959.504761904764,4248.999999999999,6590.9224,182.28,17251.16,24.779999999999998,18573.339999999997,23429.3,1484.28,13124.413320579999,4908.019199999999,3912.5918400000005,0.0,21831,603.2740000000001,912.0,58.856,71.8704,4881.38,5626.32,3427.2000000000007,6249.599999999999,0.0,193864,193864.22473442624,0.0,311.0,RH,Schlaufe,60000.0,4728.0,4102.0,2720.0,11780.0,,,0.22733333333333333,0.4236666666666667,2.0,25420.0,29450.0,18848.0,23560.0,0.4748201771844885,28.0,47.0,401.02127659574467,124.0,15.504364187475002,False,11550.0,910.88,910.88,314.59,5.68,54.93,36.96,52.48,3.18,14.66,29.82,10.6,16.44,0.45,43.02,0.06,46.32,58.42,3.7,32.73,12.24,9.76,0.0,54.44,1.5,2.27,0.15,0.18,12.17,14.03,8.55,15.58,0.0,483.43,483.43,0.0
RM70EMSC,RM70EMSC,RH,Massiv,70 kWh,Erdgas,mittel,Kurve,Schlaufe,521171,521170.575527822,126158.79076190476,2275.896,22028.600000000002,14823.560000000001,21044.2176,1276.8,5878.73,11959.504761904764,4248.999999999999,6590.9224,182.28,17251.16,24.779999999999998,18573.339999999997,25671.2,1484.28,15366.267672584,4908.019199999999,3912.5918400000005,0.0,21831,603.2740000000001,912.0,58.856,71.8704,4881.38,5626.32,3427.2000000000007,6249.599999999999,0.0,347510,347510.12565333326,0.0,311.0,RH,Schlaufe,60000.0,4728.0,4102.0,2720.0,11780.0,,,0.22733333333333333,0.4236666666666667,2.0,25420.0,29450.0,18848.0,23560.0,0.4748201771844885,28.0,47.0,401.02127659574467,124.0,22.120992170111293,False,11550.0,1299.61,1299.61,314.59,5.68,54.93,36.96,52.48,3.18,14.66,29.82,10.6,16.44,0.45,43.02,0.06,46.32,64.01,3.7,38.32,12.24,9.76,0.0,54.44,1.5,2.27,0.15,0.18,12.17,14.03,8.55,15.58,0.0,866.56,866.56,0.0
ZH15NMSC,ZH15NMSC,ZH,Holz,15 kWh,Nahwärme kalt,mittel,Kurve,Schlaufe,684327,684327.4938194177,240252.32748747253,2455.0785969230783,28522.26,34764.80806153846,21097.353132307693,4716.406153846155,13018.45,23584.793142857143,22250.50190769231,13189.270153846155,889.5212307692309,53687.42510769231,1039.68,21036.78,219716.8,246.23999999999998,188112.38142856042,19427.14368,8662.200103384617,3268.8,113472,291.59200000000004,912.0,28.448,6017.611126153848,4881.38,5626.32,3427.2000000000007,0.0,92287.82769230772,110886,110886.02230153845,0.0,511.0,Zeile,Schlaufe,60000.0,4728.0,4102.0,2720.0,12906.0,15884.307692307695,12707.446153846156,0.2151,0.8604,4.0,51624.0,57977.72307692308,41299.200000000004,49281.06461538462,0.3484167570638979,16.0,41.0,1007.2975609756099,529.4769230769232,13.886215713079043,True,11550.0,679.37,679.37,238.51,2.44,28.32,34.51,20.94,4.68,12.92,23.41,22.09,13.09,0.88,53.3,1.03,20.88,218.13,0.24,186.75,19.29,8.6,3.25,112.65,0.29,0.91,0.03,5.97,4.85,5.59,3.4,0.0,91.62,110.08,110.08,0.0
ZH15LMSC,ZH15LMSC,ZH,Holz,15 kWh,LW Wärmepumpe,mittel,Kurve,Schlaufe,548119,548119.027344211,240252.32748747253,2455.0785969230783,28522.26,34764.80806153846,21097.353132307693,4716.406153846155,13018.45,23584.793142857143,22250.50190769231,13189.270153846155,889.5212307692309,53687.42510769231,1039.68,21036.78,52605.6,246.23999999999998,21001.253000466113,19427.14368,8662.200103384617,3268.8,113472,291.59200000000004,912.0,28.448,6017.611126153848,4881.38,5626.32,3427.2000000000007,0.0,92287.82769230772,141789,141788.68425442622,0.0,511.0,Zeile,Schlaufe,60000.0,4728.0,4102.0,2720.0,12906.0,15884.307692307695,12707.446153846156,0.2151,0.8604,4.0,51624.0,57977.72307692308,41299.200000000004,49281.06461538462,0.3484167570638979,16.0,41.0,1007.2975609756099,529.4769230769232,11.122304918167265,True,11550.0,544.15,544.15,238.51,2.44,28.32,34.51,20.94,4.68,12.92,23.41,22.09,13.09,0.88,53.3,1.03,20.88,52.22,0.24,20.85,19.29,8.6,3.25,112.65,0.29,0.91,0.03,5.97,4.85,5.59,3.4,0.0,91.62,140.76,140.76,0.0
ZH15EMSC,ZH15EMSC,ZH,Holz,15 kWh,Erdgas,mittel,Kurve,Schlaufe,665055,665054.8114419876,240252.32748747253,2455.0785969230783,28522.26,34764.80806153846,21097.353132307693,4716.406153846155,13018.45,23584.793142857143,22250.50190769231,13189.270153846155,889.5212307692309,53687.42510769231,1039.68,21036.78,57167.7,246.23999999999998,25563.286024669014,19427.14368,8662.200103384617,3268.8,113472,291.59200000000004,912.0,28.448,6017.611126153848,4881.38,5626.32,3427.2000000000007,0.0,92287.82769230772,254162,254162.43532799996,0.0,511.0,Zeile,Schlaufe,60000.0,4728.0,4102.0,2720.0,12906.0,15884.307692307695,12707.446153846156,0.2151,0.8604,4.0,51624.0,57977.72307692308,41299.200000000004,49281.06461538462,0.3484167570638979,16.0,41.0,1007.2975609756099,529.4769230769232,13.49513888615081,True,11550.0,660.24,660.24,238.51,2.44,28.32,34.51,20.94,4.68,12.92,23.41,22.09,13.09,0.88,53.3,1.03,20.88,56.75,0.24,25.38,19.29,8.6,3.25,112.65,0.29,0.91,0.03,5.97,4.85,5.59,3.4,0.0,91.62,252.32,252.32,0.0
ZH30NMSC,ZH30NMSC,ZH,Holz,30 kWh,Nahwärme kalt,mittel,Kurve,Schlaufe,740119,740119.0513077802,231154.3598197802,2455.0785969230783,26328.24,34764.80806153846,17032.72546461538,4716.406153846155,13018.45,23584.793142857143,22250.50190769231,13189.270153846155,889.5212307692309,53687.42510769231,1039.68,18197.46,224245.9,246.23999999999998,192641.53735384616,19427.14368,8662.200103384617,3268.8,113472,291.59200000000004,912.0,28.448,6017.611126153848,4881.38,5626.32,3427.2000000000007,0.0,92287.82769230772,171246,171246.39153230767,0.0,511.0,Zeile,Schlaufe,60000.0,4728.0,4102.0,2720.0,12906.0,15884.307692307695,12707.446153846156,0.2151,0.8604,4.0,51624.0,57977.72307692308,41299.200000000004,49281.06461538462,0.3484167570638979,16.0,41.0,1007.2975609756099,529.4769230769232,15.018325133275003,True,11550.0,734.76,734.76,229.48,2.44,26.14,34.51,16.91,4.68,12.92,23.41,22.09,13.09,0.88,53.3,1.03,18.07,222.62,0.24,191.25,19.29,8.6,3.25,112.65,0.29,0.91,0.03,5.97,4.85,5.59,3.4,0.0,91.62,170.01,170.01,0.0
ZH30LMSC,ZH30LMSC,ZH,Holz,30 kWh,LW Wärmepumpe,mittel,Kurve,Schlaufe,619342,619341.5805178452,231154.3598197802,2455.0785969230783,26328.24,34764.80806153846,17032.72546461538,4716.406153846155,13018.45,23584.793142857143,22250.50190769231,13189.270153846155,889.5212307692309,53687.42510769231,1039.68,18197.46,55744.0,246.23999999999998,24139.662366382763,19427.14368,8662.200103384617,3268.8,113472,291.59200000000004,912.0,28.448,6017.611126153848,4881.38,5626.32,3427.2000000000007,0.0,92287.82769230772,218971,218970.7957298361,0.0,511.0,Zeile,Schlaufe,60000.0,4728.0,4102.0,2720.0,12906.0,15884.307692307695,12707.446153846156,0.2151,0.8604,4.0,51624.0,57977.72307692308,41299.200000000004,49281.06461538462,0.3484167570638979,16.0,41.0,1007.2975609756099,529.4769230769232,12.567536544746204,True,11550.0,614.86,614.85,229.48,2.44,26.14,34.51,16.91,4.68,12.92,23.41,22.09,13.09,0.88,53.3,1.03,18.07,55.34,0.24,23.96,19.29,8.6,3.25,112.65,0.29,0.91,0.03,5.97,4.85,5.59,3.4,0.0,91.62,217.38,217.38,0.0
ZH30EMSC,ZH30EMSC,ZH,Holz,30 kWh,Erdgas,mittel,Kurve,Schlaufe,799859,799859.1546772642,231154.3598197802,2455.0785969230783,26328.24,34764.80806153846,17032.72546461538,4716.406153846155,13018.45,23584.793142857143,22250.50190769231,13189.270153846155,889.5212307692309,53687.42510769231,1039.68,18197.46,62717.7,246.23999999999998,31113.276927637708,19427.14368,8662.200103384617,3268.8,113472,291.59200000000004,912.0,28.448,6017.611126153848,4881.38,5626.32,3427.2000000000007,0.0,92287.82769230772,392515,392514.755328,0.0,511.0,Zeile,Schlaufe,60000.0,4728.0,4102.0,2720.0,12906.0,15884.307692307695,12707.446153846156,0.2151,0.8604,4.0,51624.0,57977.72307692308,41299.200000000004,49281.06461538462,0.3484167570638979,16.0,41.0,1007.2975609756099,529.4769230769232,16.23055753603917,True,11550.0,794.06,794.06,229.48,2.44,26.14,34.51,16.91,4.68,12.92,23.41,22.09,13.09,0.88,53.3,1.03,18.07,62.26,0.24,30.89,19.29,8.6,3.25,112.65,0.29,0.91,0.03,5.97,4.85,5.59,3.4,0.0,91.62,389.67,389.67,0.0
ZH70NMSC,ZH70NMSC,ZH,Holz,70 kWh,Nahwärme kalt,mittel,Kurve,Schlaufe,903406,903406.3855741892,223604.67653362636,2455.0785969230783,24134.22,34764.80806153846,15290.742178461538,4716.406153846155,13018.45,23584.793142857143,22250.50190769231,13189.270153846155,889.5212307692309,53687.42510769231,1039.68,14583.779999999999,234122.0,246.23999999999998,202517.57029102446,19427.14368,8662.200103384617,3268.8,113472,291.59200000000004,912.0,28.448,6017.611126153848,4881.38,5626.32,3427.2000000000007,0.0,92287.82769230772,332207,332207.37614769227,0.0,511.0,Zeile,Schlaufe,60000.0,4728.0,4102.0,2720.0,12906.0,15884.307692307695,12707.446153846156,0.2151,0.8604,4.0,51624.0,57977.72307692308,41299.200000000004,49281.06461538462,0.3484167570638979,16.0,41.0,1007.2975609756099,529.4769230769232,18.331714069589374,True,11550.0,896.86,896.86,221.98,2.44,23.96,34.51,15.18,4.68,12.92,23.41,22.09,13.09,0.88,53.3,1.03,14.48,232.43,0.24,201.05,19.29,8.6,3.25,112.65,0.29,0.91,0.03,5.97,4.85,5.59,3.4,0.0,91.62,329.8,329.8,0.0
ZH70LMSC,ZH70LMSC,ZH,Holz,70 kWh,LW Wärmepumpe,mittel,Kurve,Schlaufe,824073,824072.6733401357,223604.67653362636,2455.0785969230783,24134.22,34764.80806153846,15290.742178461538,4716.406153846155,13018.45,23584.793142857143,22250.50190769231,13189.270153846155,889.5212307692309,53687.42510769231,1039.68,14583.779999999999,62205.9,246.23999999999998,30601.474540400784,19427.14368,8662.200103384617,3268.8,113472,291.59200000000004,912.0,28.448,6017.611126153848,4881.38,5626.32,3427.2000000000007,0.0,92287.82769230772,424790,424789.75966426235,0.0,511.0,Zeile,Schlaufe,60000.0,4728.0,4102.0,2720.0,12906.0,15884.307692307695,12707.446153846156,0.2151,0.8604,4.0,51624.0,57977.72307692308,41299.200000000004,49281.06461538462,0.3484167570638979,16.0,41.0,1007.2975609756099,529.4769230769232,16.72189267361882,True,11550.0,818.1,818.1,221.98,2.44,23.96,34.51,15.18,4.68,12.92,23.41,22.09,13.09,0.88,53.3,1.03,14.48,61.76,0.24,30.38,19.29,8.6,3.25,112.65,0.29,0.91,0.03,5.97,4.85,5.59,3.4,0.0,91.62,421.71,421.71,0.0
ZH70EMSC,ZH70EMSC,ZH,Holz,70 kWh,Erdgas,mittel,Kurve,Schlaufe,1165533,1165532.8902662704,223604.67653362636,2455.0785969230783,24134.22,34764.80806153846,15290.742178461538,4716.406153846155,13018.45,23584.793142857143,22250.50190769231,13189.270153846155,889.5212307692309,53687.42510769231,1039.68,14583.779999999999,67001.6,246.23999999999998,35397.17580279774,19427.14368,8662.200103384617,3268.8,113472,291.59200000000004,912.0,28.448,6017.611126153848,4881.38,5626.32,3427.2000000000007,0.0,92287.82769230772,761454,761454.275328,0.0,511.0,Zeile,Schlaufe,60000.0,4728.0,4102.0,2720.0,12906.0,15884.307692307695,12707.446153846156,0.2151,0.8604,4.0,51624.0,57977.72307692308,41299.200000000004,49281.06461538462,0.3484167570638979,16.0,41.0,1007.2975609756099,529.4769230769232,23.650724661950846,True,11550.0,1157.09,1157.09,221.98,2.44,23.96,34.51,15.18,4.68,12.92,23.41,22.09,13.09,0.88,53.3,1.03,14.48,66.52,0.24,35.14,19.29,8.6,3.25,112.65,0.29,0.91,0.03,5.97,4.85,5.59,3.4,0.0,91.62,755.94,755.94,0.0
ZM15NMSC,ZM15NMSC,ZH,Massiv,15 kWh,Nahwärme kalt,mittel,Kurve,Schlaufe,744512,744512.3326501868,300437.1663182418,2455.0785969230783,28522.26,34764.80806153846,51098.17639384615,4716.406153846155,13018.45,23584.793142857143,36104.265600000006,17398.611692307695,889.5212307692309,58968.15544615385,1039.68,27876.960000000003,219716.8,246.23999999999998,188112.38142856042,19427.14368,8662.200103384617,3268.8,113472,291.59200000000004,912.0,28.448,6017.611126153848,4881.38,5626.32,3427.2000000000007,0.0,92287.82769230772,110886,110886.02230153845,0.0,511.0,Zeile,Schlaufe,60000.0,4728.0,4102.0,2720.0,12906.0,15884.307692307695,12707.446153846156,0.2151,0.8604,4.0,51624.0,57977.72307692308,41299.200000000004,49281.06461538462,0.3484167570638979,16.0,41.0,1007.2975609756099,529.4769230769232,15.107472585276984,True,11550.0,739.12,739.12,298.26,2.44,28.32,34.51,50.73,4.68,12.92,23.41,35.84,17.27,0.88,58.54,1.03,27.67,218.13,0.24,186.75,19.29,8.6,3.25,112.65,0.29,0.91,0.03,5.97,4.85,5.59,3.4,0.0,91.62,110.08,110.08,0.0
ZM15LMSC,ZM15LMSC,ZH,Massiv,15 kWh,LW Wärmepumpe,mittel,Kurve,Schlaufe,608304,608303.8661749803,300437.1663182418,2455.0785969230783,28522.26,34764.80806153846,51098.17639384615,4716.406153846155,13018.45,23584.793142857143,36104.265600000006,17398.611692307695,889.5212307692309,58968.15544615385,1039.68,27876.960000000003,52605.6,246.23999999999998,21001.253000466113,19427.14368,8662.200103384617,3268.8,113472,291.59200000000004,912.0,28.448,6017.611126153848,4881.38,5626.32,3427.2000000000007,0.0,92287.82769230772,141789,141788.68425442622,0.0,511.0,Zeile,Schlaufe,60000.0,4728.0,4102.0,2720.0,12906.0,15884.307692307695,12707.446153846156,0.2151,0.8604,4.0,51624.0,57977.72307692308,41299.200000000004,49281.06461538462,0.3484167570638979,16.0,41.0,1007.2975609756099,529.4769230769232,12.343561790365206,True,11550.0,603.9,603.9,298.26,2.44,28.32,34.51,50.73,4.68,12.92,23.41,35.84,17.27,0.88,58.54,1.03,27.67,52.22,0.24,20.85,19.29,8.6,3.25,112.65,0.29,0.91,0.03,5.97,4.85,5.59,3.4,0.0,91.62,140.76,140.76,0.0
ZM15EMSC,ZM15EMSC,ZH,Massiv,15 kWh,Erdgas,mittel,Kurve,Schlaufe,725240,725239.6502727569,300437.1663182418,2455.0785969230783,28522.26,34764.80806153846,51098.17639384615,4716.406153846155,13018.45,23584.793142857143,36104.265600000006,17398.611692307695,889.5212307692309,58968.15544615385,1039.68,27876.960000000003,57167.7,246.23999999999998,25563.286024669014,19427.14368,8662.200103384617,3268.8,113472,291.59200000000004,912.0,28.448,6017.611126153848,4881.38,5626.32,3427.2000000000007,0.0,92287.82769230772,254162,254162.43532799996,0.0,511.0,Zeile,Schlaufe,60000.0,4728.0,4102.0,2720.0,12906.0,15884.307692307695,12707.446153846156,0.2151,0.8604,4.0,51624.0,57977.72307692308,41299.200000000004,49281.06461538462,0.3484167570638979,16.0,41.0,1007.2975609756099,529.4769230769232,14.716395758348751,True,11550.0,719.99,719.99,298.26,2.44,28.32,34.51,50.73,4.68,12.92,23.41,35.84,17.27,0.88,58.54,1.03,27.67,56.75,0.24,25.38,19.29,8.6,3.25,112.65,0.29,0.91,0.03,5.97,4.85,5.59,3.4,0.0,91.62,252.32,252.32,0.0
ZM30NMSC,ZM30NMSC,ZH,Massiv,30 kWh,Nahwärme kalt,mittel,Kurve,Schlaufe,800498,800497.7342493187,291533.0427613187,2455.0785969230783,26328.24,34764.80806153846,45678.67283692307,4716.406153846155,13018.45,23584.793142857143,36104.265600000006,17398.611692307695,889.5212307692309,58968.15544615385,1039.68,26586.36,224245.9,246.23999999999998,192641.53735384616,19427.14368,8662.200103384617,3268.8,113472,291.59200000000004,912.0,28.448,6017.611126153848,4881.38,5626.32,3427.2000000000007,0.0,92287.82769230772,171246,171246.39153230767,0.0,511.0,Zeile,Schlaufe,60000.0,4728.0,4102.0,2720.0,12906.0,15884.307692307695,12707.446153846156,0.2151,0.8604,4.0,51624.0,57977.72307692308,41299.200000000004,49281.06461538462,0.3484167570638979,16.0,41.0,1007.2975609756099,529.4769230769232,16.243515445472305,True,11550.0,794.7,794.7,289.42,2.44,26.14,34.51,45.35,4.68,12.92,23.41,35.84,17.27,0.88,58.54,1.03,26.39,222.62,0.24,191.25,19.29,8.6,3.25,112.65,0.29,0.91,0.03,5.97,4.85,5.59,3.4,0.0,91.62,170.01,170.01,0.0
ZM30LMSC,ZM30LMSC,ZH,Massiv,30 kWh,LW Wärmepumpe,mittel,Kurve,Schlaufe,679720,679720.2634593837,291533.0427613187,2455.0785969230783,26328.24,34764.80806153846,45678.67283692307,4716.406153846155,13018.45,23584.793142857143,36104.265600000006,17398.611692307695,889.5212307692309,58968.15544615385,1039.68,26586.36,55744.0,246.23999999999998,24139.662366382763,19427.14368,8662.200103384617,3268.8,113472,291.59200000000004,912.0,28.448,6017.611126153848,4881.38,5626.32,3427.2000000000007,0.0,92287.82769230772,218971,218970.7957298361,0.0,511.0,Zeile,Schlaufe,60000.0,4728.0,4102.0,2720.0,12906.0,15884.307692307695,12707.446153846156,0.2151,0.8604,4.0,51624.0,57977.72307692308,41299.200000000004,49281.06461538462,0.3484167570638979,16.0,41.0,1007.2975609756099,529.4769230769232,13.792726856943506,True,11550.0,674.8,674.8,289.42,2.44,26.14,34.51,45.35,4.68,12.92,23.41,35.84,17.27,0.88,58.54,1.03,26.39,55.34,0.24,23.96,19.29,8.6,3.25,112.65,0.29,0.91,0.03,5.97,4.85,5.59,3.4,0.0,91.62,217.38,217.38,0.0
ZM30EMSC,ZM30EMSC,ZH,Massiv,30 kWh,Erdgas,mittel,Kurve,Schlaufe,860238,860237.8376188026,291533.0427613187,2455.0785969230783,26328.24,34764.80806153846,45678.67283692307,4716.406153846155,13018.45,23584.793142857143,36104.265600000006,17398.611692307695,889.5212307692309,58968.15544615385,1039.68,26586.36,62717.7,246.23999999999998,31113.276927637708,19427.14368,8662.200103384617,3268.8,113472,291.59200000000004,912.0,28.448,6017.611126153848,4881.38,5626.32,3427.2000000000007,0.0,92287.82769230772,392515,392514.755328,0.0,511.0,Zeile,Schlaufe,60000.0,4728.0,4102.0,2720.0,12906.0,15884.307692307695,12707.446153846156,0.2151,0.8604,4.0,51624.0,57977.72307692308,41299.200000000004,49281.06461538462,0.3484167570638979,16.0,41.0,1007.2975609756099,529.4769230769232,17.455747848236474,True,11550.0,854.01,854.01,289.42,2.44,26.14,34.51,45.35,4.68,12.92,23.41,35.84,17.27,0.88,58.54,1.03,26.39,62.26,0.24,30.89,19.29,8.6,3.25,112.65,0.29,0.91,0.03,5.97,4.85,5.59,3.4,0.0,91.62,389.67,389.67,0.0
ZM70NMSC,ZM70NMSC,ZH,Massiv,70 kWh,Nahwärme kalt,mittel,Kurve,Schlaufe,961979,961978.7367372662,282177.02769670327,2455.0785969230783,24134.22,34764.80806153846,41226.93777230768,4716.406153846155,13018.45,23584.793142857143,36104.265600000006,17398.611692307695,889.5212307692309,58968.15544615385,1039.68,23876.100000000002,234122.0,246.23999999999998,202517.57029102446,19427.14368,8662.200103384617,3268.8,113472,291.59200000000004,912.0,28.448,6017.611126153848,4881.38,5626.32,3427.2000000000007,0.0,92287.82769230772,332207,332207.37614769227,0.0,511.0,Zeile,Schlaufe,60000.0,4728.0,4102.0,2720.0,12906.0,15884.307692307695,12707.446153846156,0.2151,0.8604,4.0,51624.0,57977.72307692308,41299.200000000004,49281.06461538462,0.3484167570638979,16.0,41.0,1007.2975609756099,529.4769230769232,19.52025071384019,True,11550.0,955.01,955.01,280.13,2.44,23.96,34.51,40.93,4.68,12.92,23.41,35.84,17.27,0.88,58.54,1.03,23.7,232.43,0.24,201.05,19.29,8.6,3.25,112.65,0.29,0.91,0.03,5.97,4.85,5.59,3.4,0.0,91.62,329.8,329.8,0.0
ZM70LMSC,ZM70LMSC,ZH,Massiv,70 kWh,LW Wärmepumpe,mittel,Kurve,Schlaufe,882645,882645.0245032127,282177.02769670327,2455.0785969230783,24134.22,34764.80806153846,41226.93777230768,4716.406153846155,13018.45,23584.793142857143,36104.265600000006,17398.611692307695,889.5212307692309,58968.15544615385,1039.68,23876.100000000002,62205.9,246.23999999999998,30601.474540400784,19427.14368,8662.200103384617,3268.8,113472,291.59200000000004,912.0,28.448,6017.611126153848,4881.38,5626.32,3427.2000000000007,0.0,92287.82769230772,424790,424789.75966426235,0.0,511.0,Zeile,Schlaufe,60000.0,4728.0,4102.0,2720.0,12906.0,15884.307692307695,12707.446153846156,0.2151,0.8604,4.0,51624.0,57977.72307692308,41299.200000000004,49281.06461538462,0.3484167570638979,16.0,41.0,1007.2975609756099,529.4769230769232,17.91042931786964,True,11550.0,876.25,876.25,280.13,2.44,23.96,34.51,40.93,4.68,12.92,23.41,35.84,17.27,0.88,58.54,1.03,23.7,61.76,0.24,30.38,19.29,8.6,3.25,112.65,0.29,0.91,0.03,5.97,4.85,5.59,3.4,0.0,91.62,421.71,421.71,0.0
ZM70EMSC,ZM70EMSC,ZH,Massiv,70 kWh,Erdgas,mittel,Kurve,Schlaufe,1224105,1224105.241429347,282177.02769670327,2455.0785969230783,24134.22,34764.80806153846,41226.93777230768,4716.406153846155,13018.45,23584.793142857143,36104.265600000006,17398.611692307695,889.5212307692309,58968.15544615385,1039.68,23876.100000000002,67001.6,246.23999999999998,35397.17580279774,19427.14368,8662.200103384617,3268.8,113472,291.59200000000004,912.0,28.448,6017.611126153848,4881.38,5626.32,3427.2000000000007,0.0,92287.82769230772,761454,761454.275328,0.0,511.0,Zeile,Schlaufe,60000.0,4728.0,4102.0,2720.0,12906.0,15884.307692307695,12707.446153846156,0.2151,0.8604,4.0,51624.0,57977.72307692308,41299.200000000004,49281.06461538462,0.3484167570638979,16.0,41.0,1007.2975609756099,529.4769230769232,24.839261306201664,True,11550.0,1215.24,1215.24,280.13,2.44,23.96,34.51,40.93,4.68,12.92,23.41,35.84,17.27,0.88,58.54,1.03,23.7,66.52,0.24,35.14,19.29,8.6,3.25,112.65,0.29,0.91,0.03,5.97,4.85,5.59,3.4,0.0,91.62,755.94,755.94,0.0
PH15NMSC,PH15NMSC,PH,Holz,15 kWh,Nahwärme kalt,mittel,Kurve,Schlaufe,541601,541600.5232219591,201839.22477010987,1972.280713846154,22913.28,27847.825723076923,22336.057304615388,4110.572307692308,12787.2,18946.77942857143,21419.638153846157,7856.710892307692,357.2972307692308,43005.50301538461,1386.24,16899.84,156503.2,383.04,127017.02915708005,15606.743040000001,6958.754894769232,6537.6,94178,326.03200000000004,912.0,31.808,4834.231532307693,4881.38,5626.32,3427.2000000000007,0.0,74139.17538461539,89080,89079.98444307692,0.0,411.0,Punkt,Schlaufe,60000.0,4728.0,4102.0,2720.0,10368.0,12760.615384615383,10208.492307692308,0.1728,0.6912,4.0,41472.0,46576.24615384615,33177.6,39589.80923076923,0.3888888888888889,32.0,41.0,809.209756097561,425.3538461538461,13.680301414562685,True,11550.0,669.3,669.3,249.43,2.44,28.32,34.41,27.6,5.08,15.8,23.41,26.47,9.71,0.44,53.15,1.71,20.88,193.4,0.47,156.96,19.29,8.6,8.08,116.38,0.4,1.13,0.04,5.97,6.03,6.95,4.24,0.0,91.62,110.08,110.08,0.0
PH15LMSC,PH15LMSC,PH,Holz,15 kWh,LW Wärmepumpe,mittel,Kurve,Schlaufe,456036,456035.86127962405,201839.22477010987,1972.280713846154,22913.28,27847.825723076923,22336.057304615388,4110.572307692308,12787.2,18946.77942857143,21419.638153846157,7856.710892307692,357.2972307692308,43005.50301538461,1386.24,16899.84,46112.9,383.04,16626.797779789085,15606.743040000001,6958.754894769232,6537.6,94178,326.03200000000004,912.0,31.808,4834.231532307693,4881.38,5626.32,3427.2000000000007,0.0,74139.17538461539,113906,113905.55387803278,0.0,411.0,Punkt,Schlaufe,60000.0,4728.0,4102.0,2720.0,10368.0,12760.615384615383,10208.492307692308,0.1728,0.6912,4.0,41472.0,46576.24615384615,33177.6,39589.80923076923,0.3888888888888889,32.0,41.0,809.209756097561,425.3538461538461,11.51902143860781,True,11550.0,563.56,563.56,249.43,2.44,28.32,34.41,27.6,5.08,15.8,23.41,26.47,9.71,0.44,53.15,1.71,20.88,56.99,0.47,20.55,19.29,8.6,8.08,116.38,0.4,1.13,0.04,5.97,6.03,6.95,4.24,0.0,91.62,140.76,140.76,0.0
PH15EMSC,PH15EMSC,PH,Holz,15 kWh,Erdgas,mittel,Kurve,Schlaufe,547287,547287.1845784931,201839.22477010987,1972.280713846154,22913.28,27847.825723076923,22336.057304615388,4110.572307692308,12787.2,18946.77942857143,21419.638153846157,7856.710892307692,357.2972307692308,43005.50301538461,1386.24,16899.84,47089.1,383.04,17602.973772690904,15606.743040000001,6958.754894769232,6537.6,94178,326.03200000000004,912.0,31.808,4834.231532307693,4881.38,5626.32,3427.2000000000007,0.0,74139.17538461539,204181,204180.70118399998,0.0,411.0,Punkt,Schlaufe,60000.0,4728.0,4102.0,2720.0,10368.0,12760.615384615383,10208.492307692308,0.1728,0.6912,4.0,41472.0,46576.24615384615,33177.6,39589.80923076923,0.3888888888888889,32.0,41.0,809.209756097561,425.3538461538461,13.823940938647947,True,11550.0,676.32,676.32,249.43,2.44,28.32,34.41,27.6,5.08,15.8,23.41,26.47,9.71,0.44,53.15,1.71,20.88,58.19,0.47,21.75,19.29,8.6,8.08,116.38,0.4,1.13,0.04,5.97,6.03,6.95,4.24,0.0,91.62,252.32,252.32,0.0
PH30NMSC,PH30NMSC,PH,Holz,30 kWh,Nahwärme kalt,mittel,Kurve,Schlaufe,584063,584062.6695379643,193492.42767472527,1972.280713846154,21150.72,27847.825723076923,18032.78020923077,4110.572307692308,12787.2,18946.77942857143,21419.638153846157,7856.710892307692,357.2972307692308,43005.50301538461,1386.24,14618.88,158821.8,383.04,129335.63410693122,15606.743040000001,6958.754894769232,6537.6,94178,326.03200000000004,912.0,31.808,4834.231532307693,4881.38,5626.32,3427.2000000000007,0.0,74139.17538461539,137570,137570.32290461537,0.0,411.0,Punkt,Schlaufe,60000.0,4728.0,4102.0,2720.0,10368.0,12760.615384615383,10208.492307692308,0.1728,0.6912,4.0,41472.0,46576.24615384615,33177.6,39589.80923076923,0.3888888888888889,32.0,41.0,809.209756097561,425.3538461538461,14.752853850177946,True,11550.0,721.77,721.77,239.11,2.44,26.14,34.41,22.28,5.08,15.8,23.41,26.47,9.71,0.44,53.15,1.71,18.07,196.27,0.47,159.83,19.29,8.6,8.08,116.38,0.4,1.13,0.04,5.97,6.03,6.95,4.24,0.0,91.62,170.01,170.01,0.0
PH30LMSC,PH30LMSC,PH,Holz,30 kWh,LW Wärmepumpe,mittel,Kurve,Schlaufe,510981,510980.78297220304,193492.42767472527,1972.280713846154,21150.72,27847.825723076923,18032.78020923077,4110.572307692308,12787.2,18946.77942857143,21419.638153846157,7856.710892307692,357.2972307692308,43005.50301538461,1386.24,14618.88,47400.6,383.04,17914.4772234904,15606.743040000001,6958.754894769232,6537.6,94178,326.03200000000004,912.0,31.808,4834.231532307693,4881.38,5626.32,3427.2000000000007,0.0,74139.17538461539,175910,175909.59322229505,0.0,411.0,Punkt,Schlaufe,60000.0,4728.0,4102.0,2720.0,10368.0,12760.615384615383,10208.492307692308,0.1728,0.6912,4.0,41472.0,46576.24615384615,33177.6,39589.80923076923,0.3888888888888889,32.0,41.0,809.209756097561,425.3538461538461,12.906876615486906,True,11550.0,631.46,631.46,239.11,2.44,26.14,34.41,22.28,5.08,15.8,23.41,26.47,9.71,0.44,53.15,1.71,18.07,58.58,0.47,22.14,19.29,8.6,8.08,116.38,0.4,1.13,0.04,5.97,6.03,6.95,4.24,0.0,91.62,217.38,217.38,0.0
PH30EMSC,PH30EMSC,PH,Holz,30 kWh,Erdgas,mittel,Kurve,Schlaufe,651677,651677.2194967852,193492.42767472527,1972.280713846154,21150.72,27847.825723076923,18032.78020923077,4110.572307692308,12787.2,18946.77942857143,21419.638153846157,7856.710892307692,357.2972307692308,43005.50301538461,1386.24,14618.88,48681.0,383.04,19194.845786367507,15606.743040000001,6958.754894769232,6537.6,94178,326.03200000000004,912.0,31.808,4834.231532307693,4881.38,5626.32,3427.2000000000007,0.0,74139.17538461539,315326,315325.661184,0.0,411.0,Punkt,Schlaufe,60000.0,4728.0,4102.0,2720.0,10368.0,12760.615384615383,10208.492307692308,0.1728,0.6912,4.0,41472.0,46576.24615384615,33177.6,39589.80923076923,0.3888888888888889,32.0,41.0,809.209756097561,425.3538461538461,16.460731490221505,True,11550.0,805.33,805.33,239.11,2.44,26.14,34.41,22.28,5.08,15.8,23.41,26.47,9.71,0.44,53.15,1.71,18.07,60.16,0.47,23.72,19.29,8.6,8.08,116.38,0.4,1.13,0.04,5.97,6.03,6.95,4.24,0.0,91.62,389.67,389.67,0.0
PH70NMSC,PH70NMSC,PH,Holz,70 kWh,Nahwärme kalt,mittel,Kurve,Schlaufe,714963,714962.6085923422,186982.56606241755,1972.280713846154,19388.16,27847.825723076923,16188.518596923079,4110.572307692308,12787.2,18946.77942857143,21419.638153846157,7856.710892307692,357.2972307692308,43005.50301538461,1386.24,11715.839999999998,166924.0,383.04,137437.86554284772,15606.743040000001,6958.754894769232,6537.6,94178,326.03200000000004,912.0,31.808,4834.231532307693,4881.38,5626.32,3427.2000000000007,0.0,74139.17538461539,266878,266877.8921353846,0.0,411.0,Punkt,Schlaufe,60000.0,4728.0,4102.0,2720.0,10368.0,12760.615384615383,10208.492307692308,0.1728,0.6912,4.0,41472.0,46576.24615384615,33177.6,39589.80923076923,0.3888888888888889,32.0,41.0,809.209756097561,425.3538461538461,18.059258745724716,True,11550.0,883.53,883.53,231.07,2.44,23.96,34.41,20.01,5.08,15.8,23.41,26.47,9.71,0.44,53.15,1.71,14.48,206.28,0.47,169.84,19.29,8.6,8.08,116.38,0.4,1.13,0.04,5.97,6.03,6.95,4.24,0.0,91.62,329.8,329.8,0.0
PH70LMSC,PH70LMSC,PH,Holz,70 kWh,LW Wärmepumpe,mittel,Kurve,Schlaufe,675544,675544.044013302,186982.56606241755,1972.280713846154,19388.16,27847.825723076923,16188.518596923079,4110.572307692308,12787.2,18946.77942857143,21419.638153846157,7856.710892307692,357.2972307692308,43005.50301538461,1386.24,11715.839999999998,53129.6,383.04,23643.49495886416,15606.743040000001,6958.754894769232,6537.6,94178,326.03200000000004,912.0,31.808,4834.231532307693,4881.38,5626.32,3427.2000000000007,0.0,74139.17538461539,341254,341253.69814032794,0.0,411.0,Punkt,Schlaufe,60000.0,4728.0,4102.0,2720.0,10368.0,12760.615384615383,10208.492307692308,0.1728,0.6912,4.0,41472.0,46576.24615384615,33177.6,39589.80923076923,0.3888888888888889,32.0,41.0,809.209756097561,425.3538461538461,17.063584218745582,True,11550.0,834.82,834.82,231.07,2.44,23.96,34.41,20.01,5.08,15.8,23.41,26.47,9.71,0.44,53.15,1.71,14.48,65.66,0.47,29.22,19.29,8.6,8.08,116.38,0.4,1.13,0.04,5.97,6.03,6.95,4.24,0.0,91.62,421.71,421.71,0.0
PH70EMSC,PH70EMSC,PH,Holz,70 kWh,Erdgas,mittel,Kurve,Schlaufe,949624,949623.5239074207,186982.56606241755,1972.280713846154,19388.16,27847.825723076923,16188.518596923079,4110.572307692308,12787.2,18946.77942857143,21419.638153846157,7856.710892307692,357.2972307692308,43005.50301538461,1386.24,11715.839999999998,56750.6,383.04,27264.451809310667,15606.743040000001,6958.754894769232,6537.6,94178,326.03200000000004,912.0,31.808,4834.231532307693,4881.38,5626.32,3427.2000000000007,0.0,74139.17538461539,611712,611712.2211840001,0.0,411.0,Punkt,Schlaufe,60000.0,4728.0,4102.0,2720.0,10368.0,12760.615384615383,10208.492307692308,0.1728,0.6912,4.0,41472.0,46576.24615384615,33177.6,39589.80923076923,0.3888888888888889,32.0,41.0,809.209756097561,425.3538461538461,23.986564784186243,True,11550.0,1173.52,1173.52,231.07,2.44,23.96,34.41,20.01,5.08,15.8,23.41,26.47,9.71,0.44,53.15,1.71,14.48,70.13,0.47,33.69,19.29,8.6,8.08,116.38,0.4,1.13,0.04,5.97,6.03,6.95,4.24,0.0,91.62,755.94,755.94,0.0
PM15NMSC,PM15NMSC,PH,Massiv,15 kWh,Nahwärme kalt,mittel,Kurve,Schlaufe,598877,598877.03079119,259115.73233934067,1972.280713846154,22913.28,27847.825723076923,54098.34062769231,4110.572307692308,12787.2,18946.77942857143,34701.312000000005,10364.171815384616,357.2972307692308,47235.552492307696,1386.24,22394.88,156503.2,383.04,127017.02915708005,15606.743040000001,6958.754894769232,6537.6,94178,326.03200000000004,912.0,31.808,4834.231532307693,4881.38,5626.32,3427.2000000000007,0.0,74139.17538461539,89080,89079.98444307692,0.0,411.0,Punkt,Schlaufe,60000.0,4728.0,4102.0,2720.0,10368.0,12760.615384615383,10208.492307692308,0.1728,0.6912,4.0,41472.0,46576.24615384615,33177.6,39589.80923076923,0.3888888888888889,32.0,41.0,809.209756097561,425.3538461538461,15.12705017850256,True,11550.0,740.08,740.08,320.21,2.44,28.32,34.41,66.85,5.08,15.8,23.41,42.88,12.81,0.44,58.37,1.71,27.68,193.4,0.47,156.96,19.29,8.6,8.08,116.38,0.4,1.13,0.04,5.97,6.03,6.95,4.24,0.0,91.62,110.08,110.08,0.0
PM15LMSC,PM15LMSC,PH,Massiv,15 kWh,LW Wärmepumpe,mittel,Kurve,Schlaufe,513312,513312.36884885485,259115.73233934067,1972.280713846154,22913.28,27847.825723076923,54098.34062769231,4110.572307692308,12787.2,18946.77942857143,34701.312000000005,10364.171815384616,357.2972307692308,47235.552492307696,1386.24,22394.88,46112.9,383.04,16626.797779789085,15606.743040000001,6958.754894769232,6537.6,94178,326.03200000000004,912.0,31.808,4834.231532307693,4881.38,5626.32,3427.2000000000007,0.0,74139.17538461539,113906,113905.55387803278,0.0,411.0,Punkt,Schlaufe,60000.0,4728.0,4102.0,2720.0,10368.0,12760.615384615383,10208.492307692308,0.1728,0.6912,4.0,41472.0,46576.24615384615,33177.6,39589.80923076923,0.3888888888888889,32.0,41.0,809.209756097561,425.3538461538461,12.965770202547683,True,11550.0,634.34,634.34,320.21,2.44,28.32,34.41,66.85,5.08,15.8,23.41,42.88,12.81,0.44,58.37,1.71,27.68,56.99,0.47,20.55,19.29,8.6,8.08,116.38,0.4,1.13,0.04,5.97,6.03,6.95,4.24,0.0,91.62,140.76,140.76,0.0
PM15EMSC,PM15EMSC,PH,Massiv,15 kWh,Erdgas,mittel,Kurve,Schlaufe,604564,604563.6921477239,259115.73233934067,1972.280713846154,22913.28,27847.825723076923,54098.34062769231,4110.572307692308,12787.2,18946.77942857143,34701.312000000005,10364.171815384616,357.2972307692308,47235.552492307696,1386.24,22394.88,47089.1,383.04,17602.973772690904,15606.743040000001,6958.754894769232,6537.6,94178,326.03200000000004,912.0,31.808,4834.231532307693,4881.38,5626.32,3427.2000000000007,0.0,74139.17538461539,204181,204180.70118399998,0.0,411.0,Punkt,Schlaufe,60000.0,4728.0,4102.0,2720.0,10368.0,12760.615384615383,10208.492307692308,0.1728,0.6912,4.0,41472.0,46576.24615384615,33177.6,39589.80923076923,0.3888888888888889,32.0,41.0,809.209756097561,425.3538461538461,15.270689702587823,True,11550.0,747.1,747.1,320.21,2.44,28.32,34.41,66.85,5.08,15.8,23.41,42.88,12.81,0.44,58.37,1.71,27.68,58.19,0.47,21.75,19.29,8.6,8.08,116.38,0.4,1.13,0.04,5.97,6.03,6.95,4.24,0.0,91.62,252.32,252.32,0.0
PM30NMSC,PM30NMSC,PH,Massiv,30 kWh,Nahwärme kalt,mittel,Kurve,Schlaufe,641149,641148.9114087333,250578.6695454945,1972.280713846154,21150.72,27847.825723076923,48360.63783384615,4110.572307692308,12787.2,18946.77942857143,34701.312000000005,10364.171815384616,357.2972307692308,47235.552492307696,1386.24,21358.08,158821.8,383.04,129335.63410693122,15606.743040000001,6958.754894769232,6537.6,94178,326.03200000000004,912.0,31.808,4834.231532307693,4881.38,5626.32,3427.2000000000007,0.0,74139.17538461539,137570,137570.32290461537,0.0,411.0,Punkt,Schlaufe,60000.0,4728.0,4102.0,2720.0,10368.0,12760.615384615383,10208.492307692308,0.1728,0.6912,4.0,41472.0,46576.24615384615,33177.6,39589.80923076923,0.3888888888888889,32.0,41.0,809.209756097561,425.3538461538461,16.19479668799293,True,11550.0,792.31,792.31,309.66,2.44,26.14,34.41,59.76,5.08,15.8,23.41,42.88,12.81,0.44,58.37,1.71,26.39,196.27,0.47,159.83,19.29,8.6,8.08,116.38,0.4,1.13,0.04,5.97,6.03,6.95,4.24,0.0,91.62,170.01,170.01,0.0
PM30LMSC,PM30LMSC,PH,Massiv,30 kWh,LW Wärmepumpe,mittel,Kurve,Schlaufe,568067,568067.0248429723,250578.6695454945,1972.280713846154,21150.72,27847.825723076923,48360.63783384615,4110.572307692308,12787.2,18946.77942857143,34701.312000000005,10364.171815384616,357.2972307692308,47235.552492307696,1386.24,21358.08,47400.6,383.04,17914.4772234904,15606.743040000001,6958.754894769232,6537.6,94178,326.03200000000004,912.0,31.808,4834.231532307693,4881.38,5626.32,3427.2000000000007,0.0,74139.17538461539,175910,175909.59322229505,0.0,411.0,Punkt,Schlaufe,60000.0,4728.0,4102.0,2720.0,10368.0,12760.615384615383,10208.492307692308,0.1728,0.6912,4.0,41472.0,46576.24615384615,33177.6,39589.80923076923,0.3888888888888889,32.0,41.0,809.209756097561,425.3538461538461,14.348819453301891,True,11550.0,702.0,702.0,309.66,2.44,26.14,34.41,59.76,5.08,15.8,23.41,42.88,12.81,0.44,58.37,1.71,26.39,58.58,0.47,22.14,19.29,8.6,8.08,116.38,0.4,1.13,0.04,5.97,6.03,6.95,4.24,0.0,91.62,217.38,217.38,0.0
PM30EMSC,PM30EMSC,PH,Massiv,30 kWh,Erdgas,mittel,Kurve,Schlaufe,708763,708763.4613675543,250578.6695454945,1972.280713846154,21150.72,27847.825723076923,48360.63783384615,4110.572307692308,12787.2,18946.77942857143,34701.312000000005,10364.171815384616,357.2972307692308,47235.552492307696,1386.24,21358.08,48681.0,383.04,19194.845786367507,15606.743040000001,6958.754894769232,6537.6,94178,326.03200000000004,912.0,31.808,4834.231532307693,4881.38,5626.32,3427.2000000000007,0.0,74139.17538461539,315326,315325.661184,0.0,411.0,Punkt,Schlaufe,60000.0,4728.0,4102.0,2720.0,10368.0,12760.615384615383,10208.492307692308,0.1728,0.6912,4.0,41472.0,46576.24615384615,33177.6,39589.80923076923,0.3888888888888889,32.0,41.0,809.209756097561,425.3538461538461,17.90267432803649,True,11550.0,875.87,875.87,309.66,2.44,26.14,34.41,59.76,5.08,15.8,23.41,42.88,12.81,0.44,58.37,1.71,26.39,60.16,0.47,23.72,19.29,8.6,8.08,116.38,0.4,1.13,0.04,5.97,6.03,6.95,4.24,0.0,91.62,389.67,389.67,0.0
PM70NMSC,PM70NMSC,PH,Massiv,70 kWh,Nahwärme kalt,mittel,Kurve,Schlaufe,769906,769905.7590661884,241925.71653626373,1972.280713846154,19388.16,27847.825723076923,43647.524824615386,4110.572307692308,12787.2,18946.77942857143,34701.312000000005,10364.171815384616,357.2972307692308,47235.552492307696,1386.24,19180.8,166924.0,383.04,137437.86554284772,15606.743040000001,6958.754894769232,6537.6,94178,326.03200000000004,912.0,31.808,4834.231532307693,4881.38,5626.32,3427.2000000000007,0.0,74139.17538461539,266878,266877.8921353846,0.0,411.0,Punkt,Schlaufe,60000.0,4728.0,4102.0,2720.0,10368.0,12760.615384615383,10208.492307692308,0.1728,0.6912,4.0,41472.0,46576.24615384615,33177.6,39589.80923076923,0.3888888888888889,32.0,41.0,809.209756097561,425.3538461538461,19.447069183344716,True,11550.0,951.43,951.43,298.97,2.44,23.96,34.41,53.94,5.08,15.8,23.41,42.88,12.81,0.44,58.37,1.71,23.7,206.28,0.47,169.84,19.29,8.6,8.08,116.38,0.4,1.13,0.04,5.97,6.03,6.95,4.24,0.0,91.62,329.8,329.8,0.0
PM70LMSC,PM70LMSC,PH,Massiv,70 kWh,LW Wärmepumpe,mittel,Kurve,Schlaufe,730487,730487.1944871482,241925.71653626373,1972.280713846154,19388.16,27847.825723076923,43647.524824615386,4110.572307692308,12787.2,18946.77942857143,34701.312000000005,10364.171815384616,357.2972307692308,47235.552492307696,1386.24,19180.8,53129.6,383.04,23643.49495886416,15606.743040000001,6958.754894769232,6537.6,94178,326.03200000000004,912.0,31.808,4834.231532307693,4881.38,5626.32,3427.2000000000007,0.0,74139.17538461539,341254,341253.69814032794,0.0,411.0,Punkt,Schlaufe,60000.0,4728.0,4102.0,2720.0,10368.0,12760.615384615383,10208.492307692308,0.1728,0.6912,4.0,41472.0,46576.24615384615,33177.6,39589.80923076923,0.3888888888888889,32.0,41.0,809.209756097561,425.3538461538461,18.451394656365586,True,11550.0,902.72,902.72,298.97,2.44,23.96,34.41,53.94,5.08,15.8,23.41,42.88,12.81,0.44,58.37,1.71,23.7,65.66,0.47,29.22,19.29,8.6,8.08,116.38,0.4,1.13,0.04,5.97,6.03,6.95,4.24,0.0,91.62,421.71,421.71,0.0
PM70EMSC,PM70EMSC,PH,Massiv,70 kWh,Erdgas,mittel,Kurve,Schlaufe,1004567,1004566.6743812668,241925.71653626373,1972.280713846154,19388.16,27847.825723076923,43647.524824615386,4110.572307692308,12787.2,18946.77942857143,34701.312000000005,10364.171815384616,357.2972307692308,47235.552492307696,1386.24,19180.8,56750.6,383.04,27264.451809310667,15606.743040000001,6958.754894769232,6537.6,94178,326.03200000000004,912.0,31.808,4834.231532307693,4881.38,5626.32,3427.2000000000007,0.0,74139.17538461539,611712,611712.2211840001,0.0,411.0,Punkt,Schlaufe,60000.0,4728.0,4102.0,2720.0,10368.0,12760.615384615383,10208.492307692308,0.1728,0.6912,4.0,41472.0,46576.24615384615,33177.6,39589.80923076923,0.3888888888888889,32.0,41.0,809.209756097561,425.3538461538461,25.374375221806247,True,11550.0,1241.42,1241.42,298.97,2.44,23.96,34.41,53.94,5.08,15.8,23.41,42.88,12.81,0.44,58.37,1.71,23.7,70.13,0.47,33.69,19.29,8.6,8.08,116.38,0.4,1.13,0.04,5.97,6.03,6.95,4.24,0.0,91.62,755.94,755.94,0.0
BH15NMSC,BH15NMSC,BW,Holz,15 kWh,Nahwärme kalt,mittel,Kurve,Schlaufe,903200,903200.13825196,306036.1539681318,3511.8409846153854,32639.489999999998,49440.31780769231,24175.730461538464,6479.63076923077,6415.8,33736.61571428572,13982.076923076926,30969.45692307692,795.2538461538462,76350.87053846153,3465.6,24073.469999999998,282806.2,83.78999999999999,229467.14606690517,27789.350400000003,12390.751716923076,13075.2,155742,250.69450000000003,912.0,24.458000000000002,8607.82763076923,4881.38,5626.32,3427.2000000000007,0.0,132012.13846153847,158616,158615.72750769233,0.0,611.0,BW,Schlaufe,60000.0,4728.0,4102.0,2720.0,14769.0,22721.53846153846,18177.23076923077,0.24615,1.23075,5.0,73845.0,82933.61538461539,59076.0,70493.57307692307,0.28987744600176046,7.0,41.0,1440.878048780488,757.3846153846154,12.81251749384844,True,11550.0,626.84,626.84,212.4,2.44,22.65,34.31,16.78,4.5,4.45,23.41,9.7,21.49,0.55,52.99,2.41,16.71,196.27,0.06,159.26,19.29,8.6,9.07,108.09,0.17,0.63,0.02,5.97,3.39,3.9,2.38,0.0,91.62,110.08,110.08,0.0
BH15LMSC,BH15LMSC,BW,Holz,15 kWh,LW Wärmepumpe,mittel,Kurve,Schlaufe,749104,749104.4366904064,306036.1539681318,3511.8409846153854,32639.489999999998,49440.31780769231,24175.730461538464,6479.63076923077,6415.8,33736.61571428572,13982.076923076926,30969.45692307692,795.2538461538462,76350.87053846153,3465.6,24073.469999999998,84506.2,83.78999999999999,31167.061429437264,27789.350400000003,12390.751716923076,13075.2,155742,250.69450000000003,912.0,24.458000000000002,8607.82763076923,4881.38,5626.32,3427.2000000000007,0.0,132012.13846153847,202820,202820.11058360658,0.0,611.0,BW,Schlaufe,60000.0,4728.0,4102.0,2720.0,14769.0,22721.53846153846,18177.23076923077,0.24615,1.23075,5.0,73845.0,82933.61538461539,59076.0,70493.57307692307,0.28987744600176046,7.0,41.0,1440.878048780488,757.3846153846154,10.626563585775099,True,11550.0,519.89,519.89,212.4,2.44,22.65,34.31,16.78,4.5,4.45,23.41,9.7,21.49,0.55,52.99,2.41,16.71,58.65,0.06,21.63,19.29,8.6,9.07,108.09,0.17,0.63,0.02,5.97,3.39,3.9,2.38,0.0,91.62,140.76,140.76,0.0
BH15EMSC,BH15EMSC,BW,Holz,15 kWh,Erdgas,mittel,Kurve,Schlaufe,918535,918535.2150730293,306036.1539681318,3511.8409846153854,32639.489999999998,49440.31780769231,24175.730461538464,6479.63076923077,6415.8,33736.61571428572,13982.076923076926,30969.45692307692,795.2538461538462,76350.87053846153,3465.6,24073.469999999998,93193.1,83.78999999999999,39854.00655566677,27789.350400000003,12390.751716923076,13075.2,155742,250.69450000000003,912.0,24.458000000000002,8607.82763076923,4881.38,5626.32,3427.2000000000007,0.0,132012.13846153847,363564,363563.94383999996,0.0,611.0,BW,Schlaufe,60000.0,4728.0,4102.0,2720.0,14769.0,22721.53846153846,18177.23076923077,0.24615,1.23075,5.0,73845.0,82933.61538461539,59076.0,70493.57307692307,0.28987744600176046,7.0,41.0,1440.878048780488,757.3846153846154,13.030056145270397,True,11550.0,637.48,637.48,212.4,2.44,22.65,34.31,16.78,4.5,4.45,23.41,9.7,21.49,0.55,52.99,2.41,16.71,64.68,0.06,27.66,19.29,8.6,9.07,108.09,0.17,0.63,0.02,5.97,3.39,3.9,2.38,0.0,91.62,252.32,252.32,0.0
BH30NMSC,BH30NMSC,BW,Holz,30 kWh,Nahwärme kalt,mittel,Kurve,Schlaufe,982536,982536.1238484379,295618.5344296703,3511.8409846153854,30128.760000000002,49440.31780769231,19518.02092307692,6479.63076923077,6415.8,33736.61571428572,13982.076923076926,30969.45692307692,795.2538461538462,76350.87053846153,3465.6,20824.289999999997,286218.0,83.78999999999999,232878.90504799839,27789.350400000003,12390.751716923076,13075.2,155742,250.69450000000003,912.0,24.458000000000002,8607.82763076923,4881.38,5626.32,3427.2000000000007,0.0,132012.13846153847,244958,244957.57366153845,0.0,611.0,BW,Schlaufe,60000.0,4728.0,4102.0,2720.0,14769.0,22721.53846153846,18177.23076923077,0.24615,1.23075,5.0,73845.0,82933.61538461539,59076.0,70493.57307692307,0.28987744600176046,7.0,41.0,1440.878048780488,757.3846153846154,13.937953219881303,True,11550.0,681.9,681.9,205.17,2.44,20.91,34.31,13.55,4.5,4.45,23.41,9.7,21.49,0.55,52.99,2.41,14.45,198.64,0.06,161.62,19.29,8.6,9.07,108.09,0.17,0.63,0.02,5.97,3.39,3.9,2.38,0.0,91.62,170.01,170.01,0.0
BH30LMSC,BH30LMSC,BW,Holz,30 kWh,LW Wärmepumpe,mittel,Kurve,Schlaufe,850700,850699.8916025979,295618.5344296703,3511.8409846153854,30128.760000000002,49440.31780769231,19518.02092307692,6479.63076923077,6415.8,33736.61571428572,13982.076923076926,30969.45692307692,795.2538461538462,76350.87053846153,3465.6,20824.289999999997,86114.9,83.78999999999999,32775.80801123774,27789.350400000003,12390.751716923076,13075.2,155742,250.69450000000003,912.0,24.458000000000002,8607.82763076923,4881.38,5626.32,3427.2000000000007,0.0,132012.13846153847,313224,313224.438452459,0.0,611.0,BW,Schlaufe,60000.0,4728.0,4102.0,2720.0,14769.0,22721.53846153846,18177.23076923077,0.24615,1.23075,5.0,73845.0,82933.61538461539,59076.0,70493.57307692307,0.28987744600176046,7.0,41.0,1440.878048780488,757.3846153846154,12.067765251086199,True,11550.0,590.4,590.4,205.17,2.44,20.91,34.31,13.55,4.5,4.45,23.41,9.7,21.49,0.55,52.99,2.41,14.45,59.77,0.06,22.75,19.29,8.6,9.07,108.09,0.17,0.63,0.02,5.97,3.39,3.9,2.38,0.0,91.62,217.38,217.38,0.0
BH30EMSC,BH30EMSC,BW,Holz,30 kWh,Erdgas,mittel,Kurve,Schlaufe,1106472,1106471.9640962188,295618.5344296703,3511.8409846153854,30128.760000000002,49440.31780769231,19518.02092307692,6479.63076923077,6415.8,33736.61571428572,13982.076923076926,30969.45692307692,795.2538461538462,76350.87053846153,3465.6,20824.289999999997,93642.9,83.78999999999999,40303.77511731787,27789.350400000003,12390.751716923076,13075.2,155742,250.69450000000003,912.0,24.458000000000002,8607.82763076923,4881.38,5626.32,3427.2000000000007,0.0,132012.13846153847,561469,561468.5438399999,0.0,611.0,BW,Schlaufe,60000.0,4728.0,4102.0,2720.0,14769.0,22721.53846153846,18177.23076923077,0.24615,1.23075,5.0,73845.0,82933.61538461539,59076.0,70493.57307692307,0.28987744600176046,7.0,41.0,1440.878048780488,757.3846153846154,15.696068674073722,True,11550.0,767.92,767.92,205.17,2.44,20.91,34.31,13.55,4.5,4.45,23.41,9.7,21.49,0.55,52.99,2.41,14.45,64.99,0.06,27.97,19.29,8.6,9.07,108.09,0.17,0.63,0.02,5.97,3.39,3.9,2.38,0.0,91.62,389.67,389.67,0.0
BH70NMSC,BH70NMSC,BW,Holz,70 kWh,Nahwärme kalt,mittel,Kurve,Schlaufe,1216956,1216956.2644730094,286976.323198901,3511.8409846153854,27618.030000000002,49440.31780769231,17521.85969230769,6479.63076923077,6415.8,33736.61571428572,13982.076923076926,30969.45692307692,795.2538461538462,76350.87053846153,3465.6,16688.969999999998,299035.4,83.78999999999999,245696.33382641588,27789.350400000003,12390.751716923076,13075.2,155742,250.69450000000003,912.0,24.458000000000002,8607.82763076923,4881.38,5626.32,3427.2000000000007,0.0,132012.13846153847,475202,475202.49673846154,0.0,611.0,BW,Schlaufe,60000.0,4728.0,4102.0,2720.0,14769.0,22721.53846153846,18177.23076923077,0.24615,1.23075,5.0,73845.0,82933.61538461539,59076.0,70493.57307692307,0.28987744600176046,7.0,41.0,1440.878048780488,757.3846153846154,17.263364748798566,True,11550.0,844.59,844.59,199.17,2.44,19.17,34.31,12.16,4.5,4.45,23.41,9.7,21.49,0.55,52.99,2.41,11.58,207.54,0.06,170.52,19.29,8.6,9.07,108.09,0.17,0.63,0.02,5.97,3.39,3.9,2.38,0.0,91.62,329.8,329.8,0.0
BH70LMSC,BH70LMSC,BW,Holz,70 kWh,LW Wärmepumpe,mittel,Kurve,Schlaufe,1144481,1144480.568395242,286976.323198901,3511.8409846153854,27618.030000000002,49440.31780769231,17521.85969230769,6479.63076923077,6415.8,33736.61571428572,13982.076923076926,30969.45692307692,795.2538461538462,76350.87053846153,3465.6,16688.969999999998,94126.2,83.78999999999999,40787.155051044465,27789.350400000003,12390.751716923076,13075.2,155742,250.69450000000003,912.0,24.458000000000002,8607.82763076923,4881.38,5626.32,3427.2000000000007,0.0,132012.13846153847,607636,607635.9794360657,0.0,611.0,BW,Schlaufe,60000.0,4728.0,4102.0,2720.0,14769.0,22721.53846153846,18177.23076923077,0.24615,1.23075,5.0,73845.0,82933.61538461539,59076.0,70493.57307692307,0.28987744600176046,7.0,41.0,1440.878048780488,757.3846153846154,16.235246965654255,True,11550.0,794.29,794.29,199.17,2.44,19.17,34.31,12.16,4.5,4.45,23.41,9.7,21.49,0.55,52.99,2.41,11.58,65.33,0.06,28.31,19.29,8.6,9.07,108.09,0.17,0.63,0.02,5.97,3.39,3.9,2.38,0.0,91.62,421.71,421.71,0.0
BH70EMSC,BH70EMSC,BW,Holz,70 kWh,Erdgas,mittel,Kurve,Schlaufe,1630558,1630557.776061025,286976.323198901,3511.8409846153854,27618.030000000002,49440.31780769231,17521.85969230769,6479.63076923077,6415.8,33736.61571428572,13982.076923076926,30969.45692307692,795.2538461538462,76350.87053846153,3465.6,16688.969999999998,98625.3,83.78999999999999,45286.19831289325,27789.350400000003,12390.751716923076,13075.2,155742,250.69450000000003,912.0,24.458000000000002,8607.82763076923,4881.38,5626.32,3427.2000000000007,0.0,132012.13846153847,1089214,1089214.14384,0.0,611.0,BW,Schlaufe,60000.0,4728.0,4102.0,2720.0,14769.0,22721.53846153846,18177.23076923077,0.24615,1.23075,5.0,73845.0,82933.61538461539,59076.0,70493.57307692307,0.28987744600176046,7.0,41.0,1440.878048780488,757.3846153846154,23.130587724383744,True,11550.0,1131.64,1131.64,199.17,2.44,19.17,34.31,12.16,4.5,4.45,23.41,9.7,21.49,0.55,52.99,2.41,11.58,68.45,0.06,31.43,19.29,8.6,9.07,108.09,0.17,0.63,0.02,5.97,3.39,3.9,2.38,0.0,91.62,755.94,755.94,0.0
BM15NMSC,BM15NMSC,BW,Massiv,15 kWh,Nahwärme kalt,mittel,Kurve,Schlaufe,971510,971509.7545596523,374345.7702758241,3511.8409846153854,32639.489999999998,49440.31780769231,58554.06276923077,6479.63076923077,6415.8,33736.61571428572,22692.000000000004,40853.32615384615,795.2538461538462,83860.79223076922,3465.6,31901.04,282806.2,83.78999999999999,229467.14606690517,27789.350400000003,12390.751716923076,13075.2,155742,250.69450000000003,912.0,24.458000000000002,8607.82763076923,4881.38,5626.32,3427.2000000000007,0.0,132012.13846153847,158616,158615.72750769233,0.0,611.0,BW,Schlaufe,60000.0,4728.0,4102.0,2720.0,14769.0,22721.53846153846,18177.23076923077,0.24615,1.23075,5.0,73845.0,82933.61538461539,59076.0,70493.57307692307,0.28987744600176046,7.0,41.0,1440.878048780488,757.3846153846154,13.781536559361722,True,11550.0,674.25,674.25,259.8,2.44,22.65,34.31,40.64,4.5,4.45,23.41,15.75,28.35,0.55,58.2,2.41,22.14,196.27,0.06,159.26,19.29,8.6,9.07,108.09,0.17,0.63,0.02,5.97,3.39,3.9,2.38,0.0,91.62,110.08,110.08,0.0
BM15LMSC,BM15LMSC,BW,Massiv,15 kWh,LW Wärmepumpe,mittel,Kurve,Schlaufe,817414,817414.0529980988,374345.7702758241,3511.8409846153854,32639.489999999998,49440.31780769231,58554.06276923077,6479.63076923077,6415.8,33736.61571428572,22692.000000000004,40853.32615384615,795.2538461538462,83860.79223076922,3465.6,31901.04,84506.2,83.78999999999999,31167.061429437264,27789.350400000003,12390.751716923076,13075.2,155742,250.69450000000003,912.0,24.458000000000002,8607.82763076923,4881.38,5626.32,3427.2000000000007,0.0,132012.13846153847,202820,202820.11058360658,0.0,611.0,BW,Schlaufe,60000.0,4728.0,4102.0,2720.0,14769.0,22721.53846153846,18177.23076923077,0.24615,1.23075,5.0,73845.0,82933.61538461539,59076.0,70493.57307692307,0.28987744600176046,7.0,41.0,1440.878048780488,757.3846153846154,11.595582651288382,True,11550.0,567.3,567.3,259.8,2.44,22.65,34.31,40.64,4.5,4.45,23.41,15.75,28.35,0.55,58.2,2.41,22.14,58.65,0.06,21.63,19.29,8.6,9.07,108.09,0.17,0.63,0.02,5.97,3.39,3.9,2.38,0.0,91.62,140.76,140.76,0.0
BM15EMSC,BM15EMSC,BW,Massiv,15 kWh,Erdgas,mittel,Kurve,Schlaufe,986845,986844.8313807216,374345.7702758241,3511.8409846153854,32639.489999999998,49440.31780769231,58554.06276923077,6479.63076923077,6415.8,33736.61571428572,22692.000000000004,40853.32615384615,795.2538461538462,83860.79223076922,3465.6,31901.04,93193.1,83.78999999999999,39854.00655566677,27789.350400000003,12390.751716923076,13075.2,155742,250.69450000000003,912.0,24.458000000000002,8607.82763076923,4881.38,5626.32,3427.2000000000007,0.0,132012.13846153847,363564,363563.94383999996,0.0,611.0,BW,Schlaufe,60000.0,4728.0,4102.0,2720.0,14769.0,22721.53846153846,18177.23076923077,0.24615,1.23075,5.0,73845.0,82933.61538461539,59076.0,70493.57307692307,0.28987744600176046,7.0,41.0,1440.878048780488,757.3846153846154,13.999075210783683,True,11550.0,684.89,684.89,259.8,2.44,22.65,34.31,40.64,4.5,4.45,23.41,15.75,28.35,0.55,58.2,2.41,22.14,64.68,0.06,27.66,19.29,8.6,9.07,108.09,0.17,0.63,0.02,5.97,3.39,3.9,2.38,0.0,91.62,252.32,252.32,0.0
BM30NMSC,BM30NMSC,BW,Massiv,30 kWh,Nahwärme kalt,mittel,Kurve,Schlaufe,1051065,1051065.4503099765,364147.8608912088,3511.8409846153854,30128.760000000002,49440.31780769231,52343.78338461538,6479.63076923077,6415.8,33736.61571428572,22692.000000000004,40853.32615384615,795.2538461538462,83860.79223076922,3465.6,30424.14,286218.0,83.78999999999999,232878.90504799839,27789.350400000003,12390.751716923076,13075.2,155742,250.69450000000003,912.0,24.458000000000002,8607.82763076923,4881.38,5626.32,3427.2000000000007,0.0,132012.13846153847,244958,244957.57366153845,0.0,611.0,BW,Schlaufe,60000.0,4728.0,4102.0,2720.0,14769.0,22721.53846153846,18177.23076923077,0.24615,1.23075,5.0,73845.0,82933.61538461539,59076.0,70493.57307692307,0.28987744600176046,7.0,41.0,1440.878048780488,757.3846153846154,14.910089025605874,True,11550.0,729.46,729.46,252.73,2.44,20.91,34.31,36.33,4.5,4.45,23.41,15.75,28.35,0.55,58.2,2.41,21.12,198.64,0.06,161.62,19.29,8.6,9.07,108.09,0.17,0.63,0.02,5.97,3.39,3.9,2.38,0.0,91.62,170.01,170.01,0.0
BM30LMSC,BM30LMSC,BW,Massiv,30 kWh,LW Wärmepumpe,mittel,Kurve,Schlaufe,919229,919229.2180641363,364147.8608912088,3511.8409846153854,30128.760000000002,49440.31780769231,52343.78338461538,6479.63076923077,6415.8,33736.61571428572,22692.000000000004,40853.32615384615,795.2538461538462,83860.79223076922,3465.6,30424.14,86114.9,83.78999999999999,32775.80801123774,27789.350400000003,12390.751716923076,13075.2,155742,250.69450000000003,912.0,24.458000000000002,8607.82763076923,4881.38,5626.32,3427.2000000000007,0.0,132012.13846153847,313224,313224.438452459,0.0,611.0,BW,Schlaufe,60000.0,4728.0,4102.0,2720.0,14769.0,22721.53846153846,18177.23076923077,0.24615,1.23075,5.0,73845.0,82933.61538461539,59076.0,70493.57307692307,0.28987744600176046,7.0,41.0,1440.878048780488,757.3846153846154,13.039901056810768,True,11550.0,637.96,637.96,252.73,2.44,20.91,34.31,36.33,4.5,4.45,23.41,15.75,28.35,0.55,58.2,2.41,21.12,59.77,0.06,22.75,19.29,8.6,9.07,108.09,0.17,0.63,0.02,5.97,3.39,3.9,2.38,0.0,91.62,217.38,217.38,0.0
BM30EMSC,BM30EMSC,BW,Massiv,30 kWh,Erdgas,mittel,Kurve,Schlaufe,1175001,1175001.2905577575,364147.8608912088,3511.8409846153854,30128.760000000002,49440.31780769231,52343.78338461538,6479.63076923077,6415.8,33736.61571428572,22692.000000000004,40853.32615384615,795.2538461538462,83860.79223076922,3465.6,30424.14,93642.9,83.78999999999999,40303.77511731787,27789.350400000003,12390.751716923076,13075.2,155742,250.69450000000003,912.0,24.458000000000002,8607.82763076923,4881.38,5626.32,3427.2000000000007,0.0,132012.13846153847,561469,561468.5438399999,0.0,611.0,BW,Schlaufe,60000.0,4728.0,4102.0,2720.0,14769.0,22721.53846153846,18177.23076923077,0.24615,1.23075,5.0,73845.0,82933.61538461539,59076.0,70493.57307692307,0.28987744600176046,7.0,41.0,1440.878048780488,757.3846153846154,16.66820447979829,True,11550.0,815.48,815.48,252.73,2.44,20.91,34.31,36.33,4.5,4.45,23.41,15.75,28.35,0.55,58.2,2.41,21.12,64.99,0.06,27.97,19.29,8.6,9.07,108.09,0.17,0.63,0.02,5.97,3.39,3.9,2.38,0.0,91.62,389.67,389.67,0.0
BM70NMSC,BM70NMSC,BW,Massiv,70 kWh,Nahwärme kalt,mittel,Kurve,Schlaufe,1283414,1283414.2812422402,353434.33996813186,3511.8409846153854,27618.030000000002,49440.31780769231,47242.48246153846,6479.63076923077,6415.8,33736.61571428572,22692.000000000004,40853.32615384615,795.2538461538462,83860.79223076922,3465.6,27322.65,299035.4,83.78999999999999,245696.33382641588,27789.350400000003,12390.751716923076,13075.2,155742,250.69450000000003,912.0,24.458000000000002,8607.82763076923,4881.38,5626.32,3427.2000000000007,0.0,132012.13846153847,475202,475202.49673846154,0.0,611.0,BW,Schlaufe,60000.0,4728.0,4102.0,2720.0,14769.0,22721.53846153846,18177.23076923077,0.24615,1.23075,5.0,73845.0,82933.61538461539,59076.0,70493.57307692307,0.28987744600176046,7.0,41.0,1440.878048780488,757.3846153846154,18.206117596589543,True,11550.0,890.72,890.72,245.29,2.44,19.17,34.31,32.79,4.5,4.45,23.41,15.75,28.35,0.55,58.2,2.41,18.96,207.54,0.06,170.52,19.29,8.6,9.07,108.09,0.17,0.63,0.02,5.97,3.39,3.9,2.38,0.0,91.62,329.8,329.8,0.0
BM70LMSC,BM70LMSC,BW,Massiv,70 kWh,LW Wärmepumpe,mittel,Kurve,Schlaufe,1210939,1210938.585164473,353434.33996813186,3511.8409846153854,27618.030000000002,49440.31780769231,47242.48246153846,6479.63076923077,6415.8,33736.61571428572,22692.000000000004,40853.32615384615,795.2538461538462,83860.79223076922,3465.6,27322.65,94126.2,83.78999999999999,40787.155051044465,27789.350400000003,12390.751716923076,13075.2,155742,250.69450000000003,912.0,24.458000000000002,8607.82763076923,4881.38,5626.32,3427.2000000000007,0.0,132012.13846153847,607636,607635.9794360657,0.0,611.0,BW,Schlaufe,60000.0,4728.0,4102.0,2720.0,14769.0,22721.53846153846,18177.23076923077,0.24615,1.23075,5.0,73845.0,82933.61538461539,59076.0,70493.57307692307,0.28987744600176046,7.0,41.0,1440.878048780488,757.3846153846154,17.17799981344524,True,11550.0,840.42,840.42,245.29,2.44,19.17,34.31,32.79,4.5,4.45,23.41,15.75,28.35,0.55,58.2,2.41,18.96,65.33,0.06,28.31,19.29,8.6,9.07,108.09,0.17,0.63,0.02,5.97,3.39,3.9,2.38,0.0,91.62,421.71,421.71,0.0
BM70EMSC,BM70EMSC,BW,Massiv,70 kWh,Erdgas,mittel,Kurve,Schlaufe,1697016,1697015.7928302558,353434.33996813186,3511.8409846153854,27618.030000000002,49440.31780769231,47242.48246153846,6479.63076923077,6415.8,33736.61571428572,22692.000000000004,40853.32615384615,795.2538461538462,83860.79223076922,3465.6,27322.65,98625.3,83.78999999999999,45286.19831289325,27789.350400000003,12390.751716923076,13075.2,155742,250.69450000000003,912.0,24.458000000000002,8607.82763076923,4881.38,5626.32,3427.2000000000007,0.0,132012.13846153847,1089214,1089214.14384,0.0,611.0,BW,Schlaufe,60000.0,4728.0,4102.0,2720.0,14769.0,22721.53846153846,18177.23076923077,0.24615,1.23075,5.0,73845.0,82933.61538461539,59076.0,70493.57307692307,0.28987744600176046,7.0,41.0,1440.878048780488,757.3846153846154,24.073340572174722,True,11550.0,1177.77,1177.77,245.29,2.44,19.17,34.31,32.79,4.5,4.45,23.41,15.75,28.35,0.55,58.2,2.41,18.96,68.45,0.06,31.43,19.29,8.6,9.07,108.09,0.17,0.63,0.02,5.97,3.39,3.9,2.38,0.0,91.62,755.94,755.94,0.0
EH15NMSA,EH15NMSA,EFH,Holz,15 kWh,Nahwärme kalt,mittel,Wendehammer,Sackgasse,159806,159806.42871831142,64568.09662476191,1207.4227200000003,12084.28,6778.831999999999,12206.48,940.8000000000001,5221.216,5551.321904761906,1760.64,2010.8480000000002,94.08,7133.095999999999,49.559999999999995,9529.52,53604.5,798.0,48787.5849116008,2204.6976000000004,1814.2375040000004,0.0,18144,419.02000000000004,866.4000000000001,40.88,32.457600000000006,4229.26,6406.96,3326.4000000000005,2822.4,0.0,23490,23490.03447794872,0.0,112.0,EFH,Sackgasse,60000.0,5384.0,3554.0,2640.0,5468.0,,,0.10513333333333333,0.19626666666666667,2.0,11776.0,14060.8,8748.800000000001,10936.0,0.6626294434687822,56.0,51.0,171.5450980392157,56.0,14.612877534593217,False,11578.0,931.57,931.57,376.39,7.04,70.44,39.52,71.16,5.48,30.44,32.36,10.26,11.72,0.55,41.58,0.29,55.55,312.48,4.65,284.4,12.85,10.58,0.0,105.77,2.44,5.05,0.24,0.19,24.65,37.35,19.39,16.45,0.0,136.93,136.93,0.0
EH15LMSA,EH15LMSA,EFH,Holz,15 kWh,LW Wärmepumpe,mittel,Wendehammer,Sackgasse,122721,122721.34009770144,64568.09662476191,1207.4227200000003,12084.28,6778.831999999999,12206.48,940.8000000000001,5221.216,5551.321904761906,1760.64,2010.8480000000002,94.08,7133.095999999999,49.559999999999995,9529.52,9973.0,798.0,5156.0932397592005,2204.6976000000004,1814.2375040000004,0.0,18144,419.02000000000004,866.4000000000001,40.88,32.457600000000006,4229.26,6406.96,3326.4000000000005,2822.4,0.0,30036,30036.43752918033,0.0,112.0,EFH,Sackgasse,60000.0,5384.0,3554.0,2640.0,5468.0,,,0.10513333333333333,0.19626666666666667,2.0,11776.0,14060.8,8748.800000000001,10936.0,0.6626294434687822,56.0,51.0,171.5450980392157,56.0,11.221775795327488,False,11578.0,715.39,715.39,376.39,7.04,70.44,39.52,71.16,5.48,30.44,32.36,10.26,11.72,0.55,41.58,0.29,55.55,58.14,4.65,30.06,12.85,10.58,0.0,105.77,2.44,5.05,0.24,0.19,24.65,37.35,19.39,16.45,0.0,175.09,175.09,0.0
EH15EMSA,EH15EMSA,EFH,Holz,15 kWh,Erdgas,mittel,Wendehammer,Sackgasse,149469,149469.02047795895,64568.09662476191,1207.4227200000003,12084.28,6778.831999999999,12206.48,940.8000000000001,5221.216,5551.321904761906,1760.64,2010.8480000000002,94.08,7133.095999999999,49.559999999999995,9529.52,12915.5,798.0,8098.579490530399,2204.6976000000004,1814.2375040000004,0.0,18144,419.02000000000004,866.4000000000001,40.88,32.457600000000006,4229.26,6406.96,3326.4000000000005,2822.4,0.0,53842,53841.631658666665,0.0,112.0,EFH,Sackgasse,60000.0,5384.0,3554.0,2640.0,5468.0,,,0.10513333333333333,0.19626666666666667,2.0,11776.0,14060.8,8748.800000000001,10936.0,0.6626294434687822,56.0,51.0,171.5450980392157,56.0,13.667613430683886,False,11578.0,871.31,871.31,376.39,7.04,70.44,39.52,71.16,5.48,30.44,32.36,10.26,11.72,0.55,41.58,0.29,55.55,75.29,4.65,47.21,12.85,10.58,0.0,105.77,2.44,5.05,0.24,0.19,24.65,37.35,19.39,16.45,0.0,313.86,313.86,0.0
EH30NMSA,EH30NMSA,EFH,Holz,30 kWh,Nahwärme kalt,mittel,Wendehammer,Sackgasse,171325,171325.41559555833,62320.3366247619,1207.4227200000003,11154.72,6778.831999999999,11073.92,940.8000000000001,5221.216,5551.321904761906,1760.64,2010.8480000000002,94.08,7133.095999999999,49.559999999999995,9343.88,54584.6,798.0,49767.62409654001,2204.6976000000004,1814.2375040000004,0.0,18144,419.02000000000004,866.4000000000001,40.88,32.457600000000006,4229.26,6406.96,3326.4000000000005,2822.4,0.0,36277,36276.74217025641,0.0,112.0,EFH,Sackgasse,60000.0,5384.0,3554.0,2640.0,5468.0,,,0.10513333333333333,0.19626666666666667,2.0,11776.0,14060.8,8748.800000000001,10936.0,0.6626294434687822,56.0,51.0,171.5450980392157,56.0,15.666186502885726,False,11578.0,998.72,998.72,363.29,7.04,65.02,39.52,64.55,5.48,30.44,32.36,10.26,11.72,0.55,41.58,0.29,54.47,318.19,4.65,290.11,12.85,10.58,0.0,105.77,2.44,5.05,0.24,0.19,24.65,37.35,19.39,16.45,0.0,211.47,211.47,0.0
EH30LMSA,EH30LMSA,EFH,Holz,30 kWh,LW Wärmepumpe,mittel,Wendehammer,Sackgasse,137520,137519.61653846083,62320.3366247619,1207.4227200000003,11154.72,6778.831999999999,11073.92,940.8000000000001,5221.216,5551.321904761906,1760.64,2010.8480000000002,94.08,7133.095999999999,49.559999999999995,9343.88,10668.8,798.0,5851.913287076,2204.6976000000004,1814.2375040000004,0.0,18144,419.02000000000004,866.4000000000001,40.88,32.457600000000006,4229.26,6406.96,3326.4000000000005,2822.4,0.0,46387,46386.65392262295,0.0,112.0,EFH,Sackgasse,60000.0,5384.0,3554.0,2640.0,5468.0,,,0.10513333333333333,0.19626666666666667,2.0,11776.0,14060.8,8748.800000000001,10936.0,0.6626294434687822,56.0,51.0,171.5450980392157,56.0,12.574946647628096,False,11578.0,801.66,801.65,363.29,7.04,65.02,39.52,64.55,5.48,30.44,32.36,10.26,11.72,0.55,41.58,0.29,54.47,62.19,4.65,34.11,12.85,10.58,0.0,105.77,2.44,5.05,0.24,0.19,24.65,37.35,19.39,16.45,0.0,270.41,270.41,0.0
EH30EMSA,EH30EMSA,EFH,Holz,30 kWh,Erdgas,mittel,Wendehammer,Sackgasse,176972,176971.96461657496,62320.3366247619,1207.4227200000003,11154.72,6778.831999999999,11073.92,940.8000000000001,5221.216,5551.321904761906,1760.64,2010.8480000000002,94.08,7133.095999999999,49.559999999999995,9343.88,13357.7,798.0,8540.803629146401,2204.6976000000004,1814.2375040000004,0.0,18144,419.02000000000004,866.4000000000001,40.88,32.457600000000006,4229.26,6406.96,3326.4000000000005,2822.4,0.0,83150,83150.11165866666,0.0,112.0,EFH,Sackgasse,60000.0,5384.0,3554.0,2640.0,5468.0,,,0.10513333333333333,0.19626666666666667,2.0,11776.0,14060.8,8748.800000000001,10936.0,0.6626294434687822,56.0,51.0,171.5450980392157,56.0,16.182513223900415,False,11578.0,1031.64,1031.64,363.29,7.04,65.02,39.52,64.55,5.48,30.44,32.36,10.26,11.72,0.55,41.58,0.29,54.47,77.87,4.65,49.79,12.85,10.58,0.0,105.77,2.44,5.05,0.24,0.19,24.65,37.35,19.39,16.45,0.0,484.71,484.71,0.0
EH70NMSA,EH70NMSA,EFH,Holz,70 kWh,Nahwärme kalt,mittel,Wendehammer,Sackgasse,205221,205220.5594657407,59886.936624761904,1207.4227200000003,10225.16,6778.831999999999,9941.36,940.8000000000001,5221.216,5551.321904761906,1760.64,2010.8480000000002,94.08,7133.095999999999,49.559999999999995,8972.6,56815.2,798.0,51998.2807872352,2204.6976000000004,1814.2375040000004,0.0,18144,419.02000000000004,866.4000000000001,40.88,32.457600000000006,4229.26,6406.96,3326.4000000000005,2822.4,0.0,70375,70374.6293497436,0.0,112.0,EFH,Sackgasse,60000.0,5384.0,3554.0,2640.0,5468.0,,,0.10513333333333333,0.19626666666666667,2.0,11776.0,14060.8,8748.800000000001,10936.0,0.6626294434687822,56.0,51.0,171.5450980392157,56.0,18.76559614719648,False,11578.0,1196.31,1196.31,349.1,7.04,59.61,39.52,57.95,5.48,30.44,32.36,10.26,11.72,0.55,41.58,0.29,52.3,331.2,4.65,303.12,12.85,10.58,0.0,105.77,2.44,5.05,0.24,0.19,24.65,37.35,19.39,16.45,0.0,410.24,410.24,0.0
EH70LMSA,EH70LMSA,EFH,Holz,70 kWh,LW Wärmepumpe,mittel,Wendehammer,Sackgasse,180158,180158.14297308918,59886.936624761904,1207.4227200000003,10225.16,6778.831999999999,9941.36,940.8000000000001,5221.216,5551.321904761906,1760.64,2010.8480000000002,94.08,7133.095999999999,49.559999999999995,8972.6,12140.2,798.0,7323.262672524001,2204.6976000000004,1814.2375040000004,0.0,18144,419.02000000000004,866.4000000000001,40.88,32.457600000000006,4229.26,6406.96,3326.4000000000005,2822.4,0.0,89987,89987.23097180329,0.0,112.0,EFH,Sackgasse,60000.0,5384.0,3554.0,2640.0,5468.0,,,0.10513333333333333,0.19626666666666667,2.0,11776.0,14060.8,8748.800000000001,10936.0,0.6626294434687822,56.0,51.0,171.5450980392157,56.0,16.473860915608007,False,11578.0,1050.21,1050.21,349.1,7.04,59.61,39.52,57.95,5.48,30.44,32.36,10.26,11.72,0.55,41.58,0.29,52.3,70.77,4.65,42.69,12.85,10.58,0.0,105.77,2.44,5.05,0.24,0.19,24.65,37.35,19.39,16.45,0.0,524.57,524.57,0.0
EH70EMSA,EH70EMSA,EFH,Holz,70 kWh,Erdgas,mittel,Wendehammer,Sackgasse,253568,253568.2214092649,59886.936624761904,1207.4227200000003,10225.16,6778.831999999999,9941.36,940.8000000000001,5221.216,5551.321904761906,1760.64,2010.8480000000002,94.08,7133.095999999999,49.559999999999995,8972.6,14231.4,798.0,9414.513755169599,2204.6976000000004,1814.2375040000004,0.0,18144,419.02000000000004,866.4000000000001,40.88,32.457600000000006,4229.26,6406.96,3326.4000000000005,2822.4,0.0,161306,161306.05832533338,0.0,112.0,EFH,Sackgasse,60000.0,5384.0,3554.0,2640.0,5468.0,,,0.10513333333333333,0.19626666666666667,2.0,11776.0,14060.8,8748.800000000001,10936.0,0.6626294434687822,56.0,51.0,171.5450980392157,56.0,23.18656011423417,False,11578.0,1478.14,1478.14,349.1,7.04,59.61,39.52,57.95,5.48,30.44,32.36,10.26,11.72,0.55,41.58,0.29,52.3,82.96,4.65,54.88,12.85,10.58,0.0,105.77,2.44,5.05,0.24,0.19,24.65,37.35,19.39,16.45,0.0,940.31,940.31,0.0
EM15NMSA,EM15NMSA,EFH,Massiv,15 kWh,Nahwärme kalt,mittel,Wendehammer,Sackgasse,175749,175748.52471831144,80510.19262476191,1207.4227200000003,12084.28,6778.831999999999,25797.199999999997,940.8000000000001,5221.216,5551.321904761906,2768.6400000000003,2652.608,94.08,7834.7119999999995,49.559999999999995,9529.52,53604.5,798.0,48787.5849116008,2204.6976000000004,1814.2375040000004,0.0,18144,419.02000000000004,866.4000000000001,40.88,32.457600000000006,4229.26,6406.96,3326.4000000000005,2822.4,0.0,23490,23490.03447794872,0.0,112.0,EFH,Sackgasse,60000.0,5384.0,3554.0,2640.0,5468.0,,,0.10513333333333333,0.19626666666666667,2.0,11776.0,14060.8,8748.800000000001,10936.0,0.6626294434687822,56.0,51.0,171.5450980392157,56.0,16.07064051923111,False,11578.0,1024.51,1024.5,469.32,7.04,70.44,39.52,150.38,5.48,30.44,32.36,16.14,15.46,0.55,45.67,0.29,55.55,312.48,4.65,284.4,12.85,10.58,0.0,105.77,2.44,5.05,0.24,0.19,24.65,37.35,19.39,16.45,0.0,136.93,136.93,0.0
EM15LMSA,EM15LMSA,EFH,Massiv,15 kWh,LW Wärmepumpe,mittel,Wendehammer,Sackgasse,138663,138663.43609770143,80510.19262476191,1207.4227200000003,12084.28,6778.831999999999,25797.199999999997,940.8000000000001,5221.216,5551.321904761906,2768.6400000000003,2652.608,94.08,7834.7119999999995,49.559999999999995,9529.52,9973.0,798.0,5156.0932397592005,2204.6976000000004,1814.2375040000004,0.0,18144,419.02000000000004,866.4000000000001,40.88,32.457600000000006,4229.26,6406.96,3326.4000000000005,2822.4,0.0,30036,30036.43752918033,0.0,112.0,EFH,Sackgasse,60000.0,5384.0,3554.0,2640.0,5468.0,,,0.10513333333333333,0.19626666666666667,2.0,11776.0,14060.8,8748.800000000001,10936.0,0.6626294434687822,56.0,51.0,171.5450980392157,56.0,12.679538779965382,False,11578.0,808.32,808.32,469.32,7.04,70.44,39.52,150.38,5.48,30.44,32.36,16.14,15.46,0.55,45.67,0.29,55.55,58.14,4.65,30.06,12.85,10.58,0.0,105.77,2.44,5.05,0.24,0.19,24.65,37.35,19.39,16.45,0.0,175.09,175.09,0.0
EM15EMSA,EM15EMSA,EFH,Massiv,15 kWh,Erdgas,mittel,Wendehammer,Sackgasse,165411,165411.11647795897,80510.19262476191,1207.4227200000003,12084.28,6778.831999999999,25797.199999999997,940.8000000000001,5221.216,5551.321904761906,2768.6400000000003,2652.608,94.08,7834.7119999999995,49.559999999999995,9529.52,12915.5,798.0,8098.579490530399,2204.6976000000004,1814.2375040000004,0.0,18144,419.02000000000004,866.4000000000001,40.88,32.457600000000006,4229.26,6406.96,3326.4000000000005,2822.4,0.0,53842,53841.631658666665,0.0,112.0,EFH,Sackgasse,60000.0,5384.0,3554.0,2640.0,5468.0,,,0.10513333333333333,0.19626666666666667,2.0,11776.0,14060.8,8748.800000000001,10936.0,0.6626294434687822,56.0,51.0,171.5450980392157,56.0,15.125376415321778,False,11578.0,964.24,964.24,469.32,7.04,70.44,39.52,150.38,5.48,30.44,32.36,16.14,15.46,0.55,45.67,0.29,55.55,75.29,4.65,47.21,12.85,10.58,0.0,105.77,2.44,5.05,0.24,0.19,24.65,37.35,19.39,16.45,0.0,313.86,313.86,0.0
EM30NMSA,EM30NMSA,EFH,Massiv,30 kWh,Nahwärme kalt,mittel,Wendehammer,Sackgasse,187016,187015.83159555832,78010.75262476191,1207.4227200000003,11154.72,6778.831999999999,24412.96,940.8000000000001,5221.216,5551.321904761906,2768.6400000000003,2652.608,94.08,7834.7119999999995,49.559999999999995,9343.88,54584.6,798.0,49767.62409654001,2204.6976000000004,1814.2375040000004,0.0,18144,419.02000000000004,866.4000000000001,40.88,32.457600000000006,4229.26,6406.96,3326.4000000000005,2822.4,0.0,36277,36276.74217025641,0.0,112.0,EFH,Sackgasse,60000.0,5384.0,3554.0,2640.0,5468.0,,,0.10513333333333333,0.19626666666666667,2.0,11776.0,14060.8,8748.800000000001,10936.0,0.6626294434687822,56.0,51.0,171.5450980392157,56.0,17.100935588474606,False,11578.0,1090.19,1090.18,454.75,7.04,65.02,39.52,142.31,5.48,30.44,32.36,16.14,15.46,0.55,45.67,0.29,54.47,318.19,4.65,290.11,12.85,10.58,0.0,105.77,2.44,5.05,0.24,0.19,24.65,37.35,19.39,16.45,0.0,211.47,211.47,0.0
EM30LMSA,EM30LMSA,EFH,Massiv,30 kWh,LW Wärmepumpe,mittel,Wendehammer,Sackgasse,153210,153210.03253846086,78010.75262476191,1207.4227200000003,11154.72,6778.831999999999,24412.96,940.8000000000001,5221.216,5551.321904761906,2768.6400000000003,2652.608,94.08,7834.7119999999995,49.559999999999995,9343.88,10668.8,798.0,5851.913287076,2204.6976000000004,1814.2375040000004,0.0,18144,419.02000000000004,866.4000000000001,40.88,32.457600000000006,4229.26,6406.96,3326.4000000000005,2822.4,0.0,46387,46386.65392262295,0.0,112.0,EFH,Sackgasse,60000.0,5384.0,3554.0,2640.0,5468.0,,,0.10513333333333333,0.19626666666666667,2.0,11776.0,14060.8,8748.800000000001,10936.0,0.6626294434687822,56.0,51.0,171.5450980392157,56.0,14.009695733216976,False,11578.0,893.12,893.12,454.75,7.04,65.02,39.52,142.31,5.48,30.44,32.36,16.14,15.46,0.55,45.67,0.29,54.47,62.19,4.65,34.11,12.85,10.58,0.0,105.77,2.44,5.05,0.24,0.19,24.65,37.35,19.39,16.45,0.0,270.41,270.41,0.0
EM30EMSA,EM30EMSA,EFH,Massiv,30 kWh,Erdgas,mittel,Wendehammer,Sackgasse,192662,192662.38061657496,78010.75262476191,1207.4227200000003,11154.72,6778.831999999999,24412.96,940.8000000000001,5221.216,5551.321904761906,2768.6400000000003,2652.608,94.08,7834.7119999999995,49.559999999999995,9343.88,13357.7,798.0,8540.803629146401,2204.6976000000004,1814.2375040000004,0.0,18144,419.02000000000004,866.4000000000001,40.88,32.457600000000006,4229.26,6406.96,3326.4000000000005,2822.4,0.0,83150,83150.11165866666,0.0,112.0,EFH,Sackgasse,60000.0,5384.0,3554.0,2640.0,5468.0,,,0.10513333333333333,0.19626666666666667,2.0,11776.0,14060.8,8748.800000000001,10936.0,0.6626294434687822,56.0,51.0,171.5450980392157,56.0,17.6172623094893,False,11578.0,1123.1,1123.1,454.75,7.04,65.02,39.52,142.31,5.48,30.44,32.36,16.14,15.46,0.55,45.67,0.29,54.47,77.87,4.65,49.79,12.85,10.58,0.0,105.77,2.44,5.05,0.24,0.19,24.65,37.35,19.39,16.45,0.0,484.71,484.71,0.0
EM70NMSA,EM70NMSA,EFH,Massiv,70 kWh,Nahwärme kalt,mittel,Wendehammer,Sackgasse,219149,219149.2154657407,73815.5926247619,1207.4227200000003,10225.16,6778.831999999999,21518.64,940.8000000000001,5221.216,5551.321904761906,2768.6400000000003,2652.608,94.08,7834.7119999999995,49.559999999999995,8972.6,56815.2,798.0,51998.2807872352,2204.6976000000004,1814.2375040000004,0.0,18144,419.02000000000004,866.4000000000001,40.88,32.457600000000006,4229.26,6406.96,3326.4000000000005,2822.4,0.0,70375,70374.6293497436,0.0,112.0,EFH,Sackgasse,60000.0,5384.0,3554.0,2640.0,5468.0,,,0.10513333333333333,0.19626666666666667,2.0,11776.0,14060.8,8748.800000000001,10936.0,0.6626294434687822,56.0,51.0,171.5450980392157,56.0,20.039247939442273,False,11578.0,1277.5,1277.5,430.3,7.04,59.61,39.52,125.44,5.48,30.44,32.36,16.14,15.46,0.55,45.67,0.29,52.3,331.2,4.65,303.12,12.85,10.58,0.0,105.77,2.44,5.05,0.24,0.19,24.65,37.35,19.39,16.45,0.0,410.24,410.24,0.0
EM70LMSA,EM70LMSA,EFH,Massiv,70 kWh,LW Wärmepumpe,mittel,Wendehammer,Sackgasse,194087,194086.7989730892,73815.5926247619,1207.4227200000003,10225.16,6778.831999999999,21518.64,940.8000000000001,5221.216,5551.321904761906,2768.6400000000003,2652.608,94.08,7834.7119999999995,49.559999999999995,8972.6,12140.2,798.0,7323.262672524001,2204.6976000000004,1814.2375040000004,0.0,18144,419.02000000000004,866.4000000000001,40.88,32.457600000000006,4229.26,6406.96,3326.4000000000005,2822.4,0.0,89987,89987.23097180329,0.0,112.0,EFH,Sackgasse,60000.0,5384.0,3554.0,2640.0,5468.0,,,0.10513333333333333,0.19626666666666667,2.0,11776.0,14060.8,8748.800000000001,10936.0,0.6626294434687822,56.0,51.0,171.5450980392157,56.0,17.7475127078538,False,11578.0,1131.41,1131.4,430.3,7.04,59.61,39.52,125.44,5.48,30.44,32.36,16.14,15.46,0.55,45.67,0.29,52.3,70.77,4.65,42.69,12.85,10.58,0.0,105.77,2.44,5.05,0.24,0.19,24.65,37.35,19.39,16.45,0.0,524.57,524.57,0.0
EM70EMSA,EM70EMSA,EFH,Massiv,70 kWh,Erdgas,mittel,Wendehammer,Sackgasse,267497,267496.8774092649,73815.5926247619,1207.4227200000003,10225.16,6778.831999999999,21518.64,940.8000000000001,5221.216,5551.321904761906,2768.6400000000003,2652.608,94.08,7834.7119999999995,49.559999999999995,8972.6,14231.4,798.0,9414.513755169599,2204.6976000000004,1814.2375040000004,0.0,18144,419.02000000000004,866.4000000000001,40.88,32.457600000000006,4229.26,6406.96,3326.4000000000005,2822.4,0.0,161306,161306.05832533338,0.0,112.0,EFH,Sackgasse,60000.0,5384.0,3554.0,2640.0,5468.0,,,0.10513333333333333,0.19626666666666667,2.0,11776.0,14060.8,8748.800000000001,10936.0,0.6626294434687822,56.0,51.0,171.5450980392157,56.0,24.460211906479962,False,11578.0,1559.34,1559.34,430.3,7.04,59.61,39.52,125.44,5.48,30.44,32.36,16.14,15.46,0.55,45.67,0.29,52.3,82.96,4.65,54.88,12.85,10.58,0.0,105.77,2.44,5.05,0.24,0.19,24.65,37.35,19.39,16.45,0.0,940.31,940.31,0.0
DH15NMSA,DH15NMSA,DH,Holz,15 kWh,Nahwärme kalt,mittel,Wendehammer,Sackgasse,186424,186423.85599918241,74198.24537142858,1615.1520000000003,15116.4,8560.44,10432.0008,907.2,4720.715999999999,6944.228571428573,2260.7999999999997,3011.7599999999998,90.72,9047.52,31.86,11459.448,63819.1,1026.0,57763.4212616,2757.888,2271.82752,0.0,19022,476.4200000000001,866.4000000000001,46.480000000000004,41.73120000000001,4229.26,6406.96,3326.4000000000005,3628.7999999999997,0.0,29384,29384.022646153844,0.0,212.0,DH,Sackgasse,60000.0,5384.0,3554.0,2640.0,6840.0,,,0.132,0.246,2.0,14760.0,17860.0,10944.0,13680.0,0.5448123305266163,36.0,47.0,232.85106382978722,72.0,13.627474853741404,False,11578.0,800.61,800.61,318.65,6.94,64.92,36.76,44.8,3.9,20.27,29.82,9.71,12.93,0.39,38.86,0.14,49.21,274.08,4.41,248.07,11.84,9.76,0.0,81.69,2.05,3.72,0.2,0.18,18.16,27.52,14.29,15.58,0.0,126.19,126.19,0.0
DH15LMSA,DH15LMSA,DH,Holz,15 kWh,LW Wärmepumpe,mittel,Wendehammer,Sackgasse,142419,142418.781724227,74198.24537142858,1615.1520000000003,15116.4,8560.44,10432.0008,907.2,4720.715999999999,6944.228571428573,2260.7999999999997,3011.7599999999998,90.72,9047.52,31.86,11459.448,11625.1,1026.0,5569.357068863999,2757.888,2271.82752,0.0,19022,476.4200000000001,866.4000000000001,46.480000000000004,41.73120000000001,4229.26,6406.96,3326.4000000000005,3628.7999999999997,0.0,37573,37573.012563934426,0.0,212.0,DH,Sackgasse,60000.0,5384.0,3554.0,2640.0,6840.0,,,0.132,0.246,2.0,14760.0,17860.0,10944.0,13680.0,0.5448123305266163,36.0,47.0,232.85106382978722,72.0,10.410729658203728,False,11578.0,611.63,611.63,318.65,6.94,64.92,36.76,44.8,3.9,20.27,29.82,9.71,12.93,0.39,38.86,0.14,49.21,49.93,4.41,23.92,11.84,9.76,0.0,81.69,2.05,3.72,0.2,0.18,18.16,27.52,14.29,15.58,0.0,161.36,161.36,0.0
DH15EMSA,DH15EMSA,DH,Holz,15 kWh,Erdgas,mittel,Wendehammer,Sackgasse,174026,174026.04677668455,74198.24537142858,1615.1520000000003,15116.4,8560.44,10432.0008,907.2,4720.715999999999,6944.228571428573,2260.7999999999997,3011.7599999999998,90.72,9047.52,31.86,11459.448,13454.1,1026.0,7398.361725256,2757.888,2271.82752,0.0,19022,476.4200000000001,866.4000000000001,46.480000000000004,41.73120000000001,4229.26,6406.96,3326.4000000000005,3628.7999999999997,0.0,67351,67351.27295999999,0.0,212.0,DH,Sackgasse,60000.0,5384.0,3554.0,2640.0,6840.0,,,0.132,0.246,2.0,14760.0,17860.0,10944.0,13680.0,0.5448123305266163,36.0,47.0,232.85106382978722,72.0,12.721202249757644,False,11578.0,747.37,747.37,318.65,6.94,64.92,36.76,44.8,3.9,20.27,29.82,9.71,12.93,0.39,38.86,0.14,49.21,57.78,4.41,31.77,11.84,9.76,0.0,81.69,2.05,3.72,0.2,0.18,18.16,27.52,14.29,15.58,0.0,289.24,289.25,0.0
DH30NMSA,DH30NMSA,DH,Holz,30 kWh,Nahwärme kalt,mittel,Wendehammer,Sackgasse,200739,200738.99064666737,71844.29177142859,1615.1520000000003,13953.6,8560.44,9464.0832,907.2,4720.715999999999,6944.228571428573,2260.7999999999997,3011.7599999999998,90.72,9047.52,31.86,11236.212,64493.1,1026.0,58437.432586008006,2757.888,2271.82752,0.0,19022,476.4200000000001,866.4000000000001,46.480000000000004,41.73120000000001,4229.26,6406.96,3326.4000000000005,3628.7999999999997,0.0,45379,45379.09956923077,0.0,212.0,DH,Sackgasse,60000.0,5384.0,3554.0,2640.0,6840.0,,,0.132,0.246,2.0,14760.0,17860.0,10944.0,13680.0,0.5448123305266163,36.0,47.0,232.85106382978722,72.0,14.673902825048781,False,11578.0,862.09,862.09,308.54,6.94,59.92,36.76,40.64,3.9,20.27,29.82,9.71,12.93,0.39,38.86,0.14,48.25,276.97,4.41,250.96,11.84,9.76,0.0,81.69,2.05,3.72,0.2,0.18,18.16,27.52,14.29,15.58,0.0,194.88,194.88,0.0
DH30LMSA,DH30LMSA,DH,Holz,30 kWh,LW Wärmepumpe,mittel,Wendehammer,Sackgasse,160835,160835.36597000642,71844.29177142859,1615.1520000000003,13953.6,8560.44,9464.0832,907.2,4720.715999999999,6944.228571428573,2260.7999999999997,3011.7599999999998,90.72,9047.52,31.86,11236.212,11942.9,1026.0,5887.173603167999,2757.888,2271.82752,0.0,19022,476.4200000000001,866.4000000000001,46.480000000000004,41.73120000000001,4229.26,6406.96,3326.4000000000005,3628.7999999999997,0.0,58026,58025.73387540984,0.0,212.0,DH,Sackgasse,60000.0,5384.0,3554.0,2640.0,6840.0,,,0.132,0.246,2.0,14760.0,17860.0,10944.0,13680.0,0.5448123305266163,36.0,47.0,232.85106382978722,72.0,11.756971196637895,False,11578.0,690.72,690.72,308.54,6.94,59.92,36.76,40.64,3.9,20.27,29.82,9.71,12.93,0.39,38.86,0.14,48.25,51.29,4.41,25.28,11.84,9.76,0.0,81.69,2.05,3.72,0.2,0.18,18.16,27.52,14.29,15.58,0.0,249.2,249.2,0.0
DH30EMSA,DH30EMSA,DH,Holz,30 kWh,Erdgas,mittel,Wendehammer,Sackgasse,208386,208385.82904290856,71844.29177142859,1615.1520000000003,13953.6,8560.44,9464.0832,907.2,4720.715999999999,6944.228571428573,2260.7999999999997,3011.7599999999998,90.72,9047.52,31.86,11236.212,13505.4,1026.0,7449.6975914800005,2757.888,2271.82752,0.0,19022,476.4200000000001,866.4000000000001,46.480000000000004,41.73120000000001,4229.26,6406.96,3326.4000000000005,3628.7999999999997,0.0,104014,104013.67295999998,0.0,212.0,DH,Sackgasse,60000.0,5384.0,3554.0,2640.0,6840.0,,,0.132,0.246,2.0,14760.0,17860.0,10944.0,13680.0,0.5448123305266163,36.0,47.0,232.85106382978722,72.0,15.232882239978697,False,11578.0,894.93,894.93,308.54,6.94,59.92,36.76,40.64,3.9,20.27,29.82,9.71,12.93,0.39,38.86,0.14,48.25,58.0,4.41,31.99,11.84,9.76,0.0,81.69,2.05,3.72,0.2,0.18,18.16,27.52,14.29,15.58,0.0,446.7,446.7,0.0
DH70NMSA,DH70NMSA,DH,Holz,70 kWh,Nahwärme kalt,mittel,Wendehammer,Sackgasse,243368,243367.83471870184,69267.10217142859,1615.1520000000003,12790.800000000001,8560.44,8496.1656,907.2,4720.715999999999,6944.228571428573,2260.7999999999997,3011.7599999999998,90.72,9047.52,31.86,10789.74,67045.6,1026.0,60989.927796503995,2757.888,2271.82752,0.0,19022,476.4200000000001,866.4000000000001,46.480000000000004,41.73120000000001,4229.26,6406.96,3326.4000000000005,3628.7999999999997,0.0,88033,88032.63803076926,0.0,212.0,DH,Sackgasse,60000.0,5384.0,3554.0,2640.0,6840.0,,,0.132,0.246,2.0,14760.0,17860.0,10944.0,13680.0,0.5448123305266163,36.0,47.0,232.85106382978722,72.0,17.790046397565924,False,11578.0,1045.17,1045.17,297.47,6.94,54.93,36.76,36.49,3.9,20.27,29.82,9.71,12.93,0.39,38.86,0.14,46.34,287.93,4.41,261.93,11.84,9.76,0.0,81.69,2.05,3.72,0.2,0.18,18.16,27.52,14.29,15.58,0.0,378.07,378.06,0.0
DH70LMSA,DH70LMSA,DH,Holz,70 kWh,LW Wärmepumpe,mittel,Wendehammer,Sackgasse,214401,214401.40897057284,69267.10217142859,1615.1520000000003,12790.800000000001,8560.44,8496.1656,907.2,4720.715999999999,6944.228571428573,2260.7999999999997,3011.7599999999998,90.72,9047.52,31.86,10789.74,13545.5,1026.0,7489.8160398,2757.888,2271.82752,0.0,19022,476.4200000000001,866.4000000000001,46.480000000000004,41.73120000000001,4229.26,6406.96,3326.4000000000005,3628.7999999999997,0.0,112566,112566.32403934425,0.0,212.0,DH,Sackgasse,60000.0,5384.0,3554.0,2640.0,6840.0,,,0.132,0.246,2.0,14760.0,17860.0,10944.0,13680.0,0.5448123305266163,36.0,47.0,232.85106382978722,72.0,15.672617614807955,False,11578.0,920.76,920.77,297.47,6.94,54.93,36.76,36.49,3.9,20.27,29.82,9.71,12.93,0.39,38.86,0.14,46.34,58.17,4.41,32.17,11.84,9.76,0.0,81.69,2.05,3.72,0.2,0.18,18.16,27.52,14.29,15.58,0.0,483.42,483.43,0.0
DH70EMSA,DH70EMSA,DH,Holz,70 kWh,Erdgas,mittel,Wendehammer,Sackgasse,304474,304473.9115490126,69267.10217142859,1615.1520000000003,12790.800000000001,8560.44,8496.1656,907.2,4720.715999999999,6944.228571428573,2260.7999999999997,3011.7599999999998,90.72,9047.52,31.86,10789.74,14404.3,1026.0,8348.569697584,2757.888,2271.82752,0.0,19022,476.4200000000001,866.4000000000001,46.480000000000004,41.73120000000001,4229.26,6406.96,3326.4000000000005,3628.7999999999997,0.0,201780,201780.07296000002,0.0,212.0,DH,Sackgasse,60000.0,5384.0,3554.0,2640.0,6840.0,,,0.132,0.246,2.0,14760.0,17860.0,10944.0,13680.0,0.5448123305266163,36.0,47.0,232.85106382978722,72.0,22.256864879313788,False,11578.0,1307.59,1307.59,297.47,6.94,54.93,36.76,36.49,3.9,20.27,29.82,9.71,12.93,0.39,38.86,0.14,46.34,61.86,4.41,35.85,11.84,9.76,0.0,81.69,2.05,3.72,0.2,0.18,18.16,27.52,14.29,15.58,0.0,866.56,866.56,0.0
DM15NMSA,DM15NMSA,DH,Massiv,15 kWh,Nahwärme kalt,mittel,Wendehammer,Sackgasse,201244,201243.58719918242,89017.97657142857,1615.1520000000003,15116.4,8560.44,22047.011999999995,907.2,4720.715999999999,6944.228571428573,3614.3999999999996,3972.96,90.72,9937.44,31.86,11459.448,63819.1,1026.0,57763.4212616,2757.888,2271.82752,0.0,19022,476.4200000000001,866.4000000000001,46.480000000000004,41.73120000000001,4229.26,6406.96,3326.4000000000005,3628.7999999999997,0.0,29384,29384.022646153844,0.0,212.0,DH,Sackgasse,60000.0,5384.0,3554.0,2640.0,6840.0,,,0.132,0.246,2.0,14760.0,17860.0,10944.0,13680.0,0.5448123305266163,36.0,47.0,232.85106382978722,72.0,14.710788537951933,False,11578.0,864.26,864.26,382.3,6.94,64.92,36.76,94.68,3.9,20.27,29.82,15.52,17.06,0.39,42.68,0.14,49.21,274.08,4.41,248.07,11.84,9.76,0.0,81.69,2.05,3.72,0.2,0.18,18.16,27.52,14.29,15.58,0.0,126.19,126.19,0.0
DM15LMSA,DM15LMSA,DH,Massiv,15 kWh,LW Wärmepumpe,mittel,Wendehammer,Sackgasse,157239,157238.512924227,89017.97657142857,1615.1520000000003,15116.4,8560.44,22047.011999999995,907.2,4720.715999999999,6944.228571428573,3614.3999999999996,3972.96,90.72,9937.44,31.86,11459.448,11625.1,1026.0,5569.357068863999,2757.888,2271.82752,0.0,19022,476.4200000000001,866.4000000000001,46.480000000000004,41.73120000000001,4229.26,6406.96,3326.4000000000005,3628.7999999999997,0.0,37573,37573.012563934426,0.0,212.0,DH,Sackgasse,60000.0,5384.0,3554.0,2640.0,6840.0,,,0.132,0.246,2.0,14760.0,17860.0,10944.0,13680.0,0.5448123305266163,36.0,47.0,232.85106382978722,72.0,11.494043342414255,False,11578.0,675.28,675.28,382.3,6.94,64.92,36.76,94.68,3.9,20.27,29.82,15.52,17.06,0.39,42.68,0.14,49.21,49.93,4.41,23.92,11.84,9.76,0.0,81.69,2.05,3.72,0.2,0.18,18.16,27.52,14.29,15.58,0.0,161.36,161.36,0.0
DM15EMSA,DM15EMSA,DH,Massiv,15 kWh,Erdgas,mittel,Wendehammer,Sackgasse,188846,188845.77797668456,89017.97657142857,1615.1520000000003,15116.4,8560.44,22047.011999999995,907.2,4720.715999999999,6944.228571428573,3614.3999999999996,3972.96,90.72,9937.44,31.86,11459.448,13454.1,1026.0,7398.361725256,2757.888,2271.82752,0.0,19022,476.4200000000001,866.4000000000001,46.480000000000004,41.73120000000001,4229.26,6406.96,3326.4000000000005,3628.7999999999997,0.0,67351,67351.27295999999,0.0,212.0,DH,Sackgasse,60000.0,5384.0,3554.0,2640.0,6840.0,,,0.132,0.246,2.0,14760.0,17860.0,10944.0,13680.0,0.5448123305266163,36.0,47.0,232.85106382978722,72.0,13.804515933968172,False,11578.0,811.02,811.02,382.3,6.94,64.92,36.76,94.68,3.9,20.27,29.82,15.52,17.06,0.39,42.68,0.14,49.21,57.78,4.41,31.77,11.84,9.76,0.0,81.69,2.05,3.72,0.2,0.18,18.16,27.52,14.29,15.58,0.0,289.24,289.25,0.0
DM30NMSA,DM30NMSA,DH,Massiv,30 kWh,Nahwärme kalt,mittel,Wendehammer,Sackgasse,215344,215343.62904666737,86448.93017142857,1615.1520000000003,13953.6,8560.44,20864.0016,907.2,4720.715999999999,6944.228571428573,3614.3999999999996,3972.96,90.72,9937.44,31.86,11236.212,64493.1,1026.0,58437.432586008006,2757.888,2271.82752,0.0,19022,476.4200000000001,866.4000000000001,46.480000000000004,41.73120000000001,4229.26,6406.96,3326.4000000000005,3628.7999999999997,0.0,45379,45379.09956923077,0.0,212.0,DH,Sackgasse,60000.0,5384.0,3554.0,2640.0,6840.0,,,0.132,0.246,2.0,14760.0,17860.0,10944.0,13680.0,0.5448123305266163,36.0,47.0,232.85106382978722,72.0,15.741493351364575,False,11578.0,924.81,924.81,371.26,6.94,59.92,36.76,89.6,3.9,20.27,29.82,15.52,17.06,0.39,42.68,0.14,48.25,276.97,4.41,250.96,11.84,9.76,0.0,81.69,2.05,3.72,0.2,0.18,18.16,27.52,14.29,15.58,0.0,194.88,194.88,0.0
DM30LMSA,DM30LMSA,DH,Massiv,30 kWh,LW Wärmepumpe,mittel,Wendehammer,Sackgasse,175440,175440.0043700064,86448.93017142857,1615.1520000000003,13953.6,8560.44,20864.0016,907.2,4720.715999999999,6944.228571428573,3614.3999999999996,3972.96,90.72,9937.44,31.86,11236.212,11942.9,1026.0,5887.173603167999,2757.888,2271.82752,0.0,19022,476.4200000000001,866.4000000000001,46.480000000000004,41.73120000000001,4229.26,6406.96,3326.4000000000005,3628.7999999999997,0.0,58026,58025.73387540984,0.0,212.0,DH,Sackgasse,60000.0,5384.0,3554.0,2640.0,6840.0,,,0.132,0.246,2.0,14760.0,17860.0,10944.0,13680.0,0.5448123305266163,36.0,47.0,232.85106382978722,72.0,12.824561722953687,False,11578.0,753.44,753.44,371.26,6.94,59.92,36.76,89.6,3.9,20.27,29.82,15.52,17.06,0.39,42.68,0.14,48.25,51.29,4.41,25.28,11.84,9.76,0.0,81.69,2.05,3.72,0.2,0.18,18.16,27.52,14.29,15.58,0.0,249.2,249.2,0.0
DM30EMSA,DM30EMSA,DH,Massiv,30 kWh,Erdgas,mittel,Wendehammer,Sackgasse,222990,222990.46744290856,86448.93017142857,1615.1520000000003,13953.6,8560.44,20864.0016,907.2,4720.715999999999,6944.228571428573,3614.3999999999996,3972.96,90.72,9937.44,31.86,11236.212,13505.4,1026.0,7449.6975914800005,2757.888,2271.82752,0.0,19022,476.4200000000001,866.4000000000001,46.480000000000004,41.73120000000001,4229.26,6406.96,3326.4000000000005,3628.7999999999997,0.0,104014,104013.67295999998,0.0,212.0,DH,Sackgasse,60000.0,5384.0,3554.0,2640.0,6840.0,,,0.132,0.246,2.0,14760.0,17860.0,10944.0,13680.0,0.5448123305266163,36.0,47.0,232.85106382978722,72.0,16.300472766294487,False,11578.0,957.65,957.65,371.26,6.94,59.92,36.76,89.6,3.9,20.27,29.82,15.52,17.06,0.39,42.68,0.14,48.25,58.0,4.41,31.99,11.84,9.76,0.0,81.69,2.05,3.72,0.2,0.18,18.16,27.52,14.29,15.58,0.0,446.7,446.7,0.0
DM70NMSA,DM70NMSA,DH,Massiv,70 kWh,Nahwärme kalt,mittel,Wendehammer,Sackgasse,256467,256466.82351870183,82366.09097142858,1615.1520000000003,12790.800000000001,8560.44,18390.4344,907.2,4720.715999999999,6944.228571428573,3614.3999999999996,3972.96,90.72,9937.44,31.86,10789.74,67045.6,1026.0,60989.927796503995,2757.888,2271.82752,0.0,19022,476.4200000000001,866.4000000000001,46.480000000000004,41.73120000000001,4229.26,6406.96,3326.4000000000005,3628.7999999999997,0.0,88033,88032.63803076926,0.0,212.0,DH,Sackgasse,60000.0,5384.0,3554.0,2640.0,6840.0,,,0.132,0.246,2.0,14760.0,17860.0,10944.0,13680.0,0.5448123305266163,36.0,47.0,232.85106382978722,72.0,18.747574818618556,False,11578.0,1101.42,1101.42,353.73,6.94,54.93,36.76,78.98,3.9,20.27,29.82,15.52,17.06,0.39,42.68,0.14,46.34,287.93,4.41,261.93,11.84,9.76,0.0,81.69,2.05,3.72,0.2,0.18,18.16,27.52,14.29,15.58,0.0,378.07,378.06,0.0
DM70LMSA,DM70LMSA,DH,Massiv,70 kWh,LW Wärmepumpe,mittel,Wendehammer,Sackgasse,227500,227500.39777057283,82366.09097142858,1615.1520000000003,12790.800000000001,8560.44,18390.4344,907.2,4720.715999999999,6944.228571428573,3614.3999999999996,3972.96,90.72,9937.44,31.86,10789.74,13545.5,1026.0,7489.8160398,2757.888,2271.82752,0.0,19022,476.4200000000001,866.4000000000001,46.480000000000004,41.73120000000001,4229.26,6406.96,3326.4000000000005,3628.7999999999997,0.0,112566,112566.32403934425,0.0,212.0,DH,Sackgasse,60000.0,5384.0,3554.0,2640.0,6840.0,,,0.132,0.246,2.0,14760.0,17860.0,10944.0,13680.0,0.5448123305266163,36.0,47.0,232.85106382978722,72.0,16.630146035860587,False,11578.0,977.02,977.02,353.73,6.94,54.93,36.76,78.98,3.9,20.27,29.82,15.52,17.06,0.39,42.68,0.14,46.34,58.17,4.41,32.17,11.84,9.76,0.0,81.69,2.05,3.72,0.2,0.18,18.16,27.52,14.29,15.58,0.0,483.42,483.43,0.0
DM70EMSA,DM70EMSA,DH,Massiv,70 kWh,Erdgas,mittel,Wendehammer,Sackgasse,317573,317572.9003490126,82366.09097142858,1615.1520000000003,12790.800000000001,8560.44,18390.4344,907.2,4720.715999999999,6944.228571428573,3614.3999999999996,3972.96,90.72,9937.44,31.86,10789.74,14404.3,1026.0,8348.569697584,2757.888,2271.82752,0.0,19022,476.4200000000001,866.4000000000001,46.480000000000004,41.73120000000001,4229.26,6406.96,3326.4000000000005,3628.7999999999997,0.0,201780,201780.07296000002,0.0,212.0,DH,Sackgasse,60000.0,5384.0,3554.0,2640.0,6840.0,,,0.132,0.246,2.0,14760.0,17860.0,10944.0,13680.0,0.5448123305266163,36.0,47.0,232.85106382978722,72.0,23.214393300366417,False,11578.0,1363.85,1363.85,353.73,6.94,54.93,36.76,78.98,3.9,20.27,29.82,15.52,17.06,0.39,42.68,0.14,46.34,61.86,4.41,35.85,11.84,9.76,0.0,81.69,2.05,3.72,0.2,0.18,18.16,27.52,14.29,15.58,0.0,866.56,866.56,0.0
RH15NMSA,RH15NMSA,RH,Holz,15 kWh,Nahwärme kalt,mittel,Wendehammer,Sackgasse,270653,270653.25178597623,106766.47453333333,2055.648,23514.399999999998,13382.6,11257.820000000003,1176.0,5487.482000000001,10802.133333333335,2394.56,4512.8272,164.64,14176.4,24.779999999999998,17817.183999999997,97029.7,1340.6399999999999,87722.078860848,4433.049599999999,3533.9539200000004,0.0,21149,555.6320000000001,866.4000000000001,54.208,64.91520000000001,4229.26,6406.96,3326.4000000000005,5644.8,0.0,45708,45708.47967179487,0.0,312.0,RH,Sackgasse,60000.0,5384.0,3554.0,2640.0,10640.0,,,0.20533333333333334,0.38266666666666665,2.0,22960.0,26600.0,17024.0,21280.0,0.4811852064425871,28.0,47.0,362.2127659574468,112.0,12.718667847085348,False,11578.0,747.22,747.22,294.76,5.68,64.92,36.95,31.08,3.25,15.15,29.82,6.61,12.46,0.45,39.14,0.07,49.19,267.88,3.7,242.18,12.24,9.76,0.0,58.39,1.53,2.39,0.15,0.18,11.68,17.69,9.18,15.58,0.0,126.19,126.19,0.0
RH15LMSA,RH15LMSA,RH,Holz,15 kWh,LW Wärmepumpe,mittel,Wendehammer,Sackgasse,204212,204211.7219772402,106766.47453333333,2055.648,23514.399999999998,13382.6,11257.820000000003,1176.0,5487.482000000001,10802.133333333335,2394.56,4512.8272,164.64,14176.4,24.779999999999998,17817.183999999997,17849.8,1340.6399999999999,8542.12029112,4433.049599999999,3533.9539200000004,0.0,21149,555.6320000000001,866.4000000000001,54.208,64.91520000000001,4229.26,6406.96,3326.4000000000005,5644.8,0.0,58447,58446.90843278688,0.0,312.0,RH,Sackgasse,60000.0,5384.0,3554.0,2640.0,10640.0,,,0.20533333333333334,0.38266666666666665,2.0,22960.0,26600.0,17024.0,21280.0,0.4811852064425871,28.0,47.0,362.2127659574468,112.0,9.596415506449258,False,11578.0,563.79,563.79,294.76,5.68,64.92,36.95,31.08,3.25,15.15,29.82,6.61,12.46,0.45,39.14,0.07,49.19,49.28,3.7,23.58,12.24,9.76,0.0,58.39,1.53,2.39,0.15,0.18,11.68,17.69,9.18,15.58,0.0,161.36,161.36,0.0
RH15EMSA,RH15EMSA,RH,Holz,15 kWh,Erdgas,mittel,Wendehammer,Sackgasse,251811,251810.65809614398,106766.47453333333,2055.648,23514.399999999998,13382.6,11257.820000000003,1176.0,5487.482000000001,10802.133333333335,2394.56,4512.8272,164.64,14176.4,24.779999999999998,17817.183999999997,19127.0,1340.6399999999999,9819.318016144,4433.049599999999,3533.9539200000004,0.0,21149,555.6320000000001,866.4000000000001,54.208,64.91520000000001,4229.26,6406.96,3326.4000000000005,5644.8,0.0,104769,104768.64682666666,0.0,312.0,RH,Sackgasse,60000.0,5384.0,3554.0,2640.0,10640.0,,,0.20533333333333334,0.38266666666666665,2.0,22960.0,26600.0,17024.0,21280.0,0.4811852064425871,28.0,47.0,362.2127659574468,112.0,11.8332076173,False,11578.0,695.2,695.2,294.76,5.68,64.92,36.95,31.08,3.25,15.15,29.82,6.61,12.46,0.45,39.14,0.07,49.19,52.81,3.7,27.11,12.24,9.76,0.0,58.39,1.53,2.39,0.15,0.18,11.68,17.69,9.18,15.58,0.0,289.25,289.25,0.0
RH30NMSA,RH30NMSA,RH,Holz,30 kWh,Nahwärme kalt,mittel,Wendehammer,Sackgasse,293604,293603.877392839,103566.04653333334,2055.648,21705.600000000002,13382.6,10213.280000000002,1176.0,5487.482000000001,10802.133333333335,2394.56,4512.8272,164.64,14176.4,24.779999999999998,17470.095999999998,98299.5,1340.6399999999999,88991.90169848001,4433.049599999999,3533.9539200000004,0.0,21149,555.6320000000001,866.4000000000001,54.208,64.91520000000001,4229.26,6406.96,3326.4000000000005,5644.8,0.0,70590,70589.71044102564,0.0,312.0,RH,Sackgasse,60000.0,5384.0,3554.0,2640.0,10640.0,,,0.20533333333333334,0.38266666666666665,2.0,22960.0,26600.0,17024.0,21280.0,0.4811852064425871,28.0,47.0,362.2127659574468,112.0,13.79717468951311,False,11578.0,810.58,810.58,285.93,5.68,59.93,36.95,28.2,3.25,15.15,29.82,6.61,12.46,0.45,39.14,0.07,48.23,271.39,3.7,245.69,12.24,9.76,0.0,58.39,1.53,2.39,0.15,0.18,11.68,17.69,9.18,15.58,0.0,194.89,194.88,0.0
RH30LMSA,RH30LMSA,RH,Holz,30 kWh,LW Wärmepumpe,mittel,Wendehammer,Sackgasse,233511,233511.4201816473,103566.04653333334,2055.648,21705.600000000002,13382.6,10213.280000000002,1176.0,5487.482000000001,10802.133333333335,2394.56,4512.8272,164.64,14176.4,24.779999999999998,17470.095999999998,18534.5,1340.6399999999999,9226.902233232,4433.049599999999,3533.9539200000004,0.0,21149,555.6320000000001,866.4000000000001,54.208,64.91520000000001,4229.26,6406.96,3326.4000000000005,5644.8,0.0,90262,90262.25269508197,0.0,312.0,RH,Sackgasse,60000.0,5384.0,3554.0,2640.0,10640.0,,,0.20533333333333334,0.38266666666666665,2.0,22960.0,26600.0,17024.0,21280.0,0.4811852064425871,28.0,47.0,362.2127659574468,112.0,10.973281023573652,False,11578.0,644.68,644.68,285.93,5.68,59.93,36.95,28.2,3.25,15.15,29.82,6.61,12.46,0.45,39.14,0.07,48.23,51.17,3.7,25.47,12.24,9.76,0.0,58.39,1.53,2.39,0.15,0.18,11.68,17.69,9.18,15.58,0.0,249.2,249.2,0.0
RH30EMSA,RH30EMSA,RH,Holz,30 kWh,Erdgas,mittel,Wendehammer,Sackgasse,305943,305942.828874256,103566.04653333334,2055.648,21705.600000000002,13382.6,10213.280000000002,1176.0,5487.482000000001,10802.133333333335,2394.56,4512.8272,164.64,14176.4,24.779999999999998,17470.095999999998,19429.2,1340.6399999999999,10121.516794256,4433.049599999999,3533.9539200000004,0.0,21149,555.6320000000001,866.4000000000001,54.208,64.91520000000001,4229.26,6406.96,3326.4000000000005,5644.8,0.0,161799,161799.0468266667,0.0,312.0,RH,Sackgasse,60000.0,5384.0,3554.0,2640.0,10640.0,,,0.20533333333333334,0.38266666666666665,2.0,22960.0,26600.0,17024.0,21280.0,0.4811852064425871,28.0,47.0,362.2127659574468,112.0,14.377012635068422,False,11578.0,844.65,844.65,285.93,5.68,59.93,36.95,28.2,3.25,15.15,29.82,6.61,12.46,0.45,39.14,0.07,48.23,53.64,3.7,27.94,12.24,9.76,0.0,58.39,1.53,2.39,0.15,0.18,11.68,17.69,9.18,15.58,0.0,446.7,446.7,0.0
RH70NMSA,RH70NMSA,RH,Holz,70 kWh,Nahwärme kalt,mittel,Wendehammer,Sackgasse,359776,359775.7141738757,100018.53053333334,2055.648,19896.800000000003,13382.6,9168.740000000003,1176.0,5487.482000000001,10802.133333333335,2394.56,4512.8272,164.64,14176.4,24.779999999999998,16775.92,101668.9,1340.6399999999999,92361.305761568,4433.049599999999,3533.9539200000004,0.0,21149,555.6320000000001,866.4000000000001,54.208,64.91520000000001,4229.26,6406.96,3326.4000000000005,5644.8,0.0,136940,136939.65915897436,0.0,312.0,RH,Sackgasse,60000.0,5384.0,3554.0,2640.0,10640.0,,,0.20533333333333334,0.38266666666666665,2.0,22960.0,26600.0,17024.0,21280.0,0.4811852064425871,28.0,47.0,362.2127659574468,112.0,16.90675348561446,False,11578.0,993.27,993.27,276.13,5.68,54.93,36.95,25.31,3.25,15.15,29.82,6.61,12.46,0.45,39.14,0.07,46.32,280.69,3.7,254.99,12.24,9.76,0.0,58.39,1.53,2.39,0.15,0.18,11.68,17.69,9.18,15.58,0.0,378.07,378.06,0.0
RH70LMSA,RH70LMSA,RH,Holz,70 kWh,LW Wärmepumpe,mittel,Wendehammer,Sackgasse,316697,316696.6775181782,100018.53053333334,2055.648,19896.800000000003,13382.6,9168.740000000003,1176.0,5487.482000000001,10802.133333333335,2394.56,4512.8272,164.64,14176.4,24.779999999999998,16775.92,20426.4,1340.6399999999999,11118.757536976,4433.049599999999,3533.9539200000004,0.0,21149,555.6320000000001,866.4000000000001,54.208,64.91520000000001,4229.26,6406.96,3326.4000000000005,5644.8,0.0,175103,175103.17072786886,0.0,312.0,RH,Sackgasse,60000.0,5384.0,3554.0,2640.0,10640.0,,,0.20533333333333334,0.38266666666666665,2.0,22960.0,26600.0,17024.0,21280.0,0.4811852064425871,28.0,47.0,362.2127659574468,112.0,14.882362665327923,False,11578.0,874.34,874.34,276.13,5.68,54.93,36.95,25.31,3.25,15.15,29.82,6.61,12.46,0.45,39.14,0.07,46.32,56.39,3.7,30.7,12.24,9.76,0.0,58.39,1.53,2.39,0.15,0.18,11.68,17.69,9.18,15.58,0.0,483.43,483.43,0.0
RH70EMSA,RH70EMSA,RH,Holz,70 kWh,Erdgas,mittel,Wendehammer,Sackgasse,455797,455796.6511189707,100018.53053333334,2055.648,19896.800000000003,13382.6,9168.740000000003,1176.0,5487.482000000001,10802.133333333335,2394.56,4512.8272,164.64,14176.4,24.779999999999998,16775.92,20749.4,1340.6399999999999,11441.788372304,4433.049599999999,3533.9539200000004,0.0,21149,555.6320000000001,866.4000000000001,54.208,64.91520000000001,4229.26,6406.96,3326.4000000000005,5644.8,0.0,313880,313880.11349333334,0.0,312.0,RH,Sackgasse,60000.0,5384.0,3554.0,2640.0,10640.0,,,0.20533333333333334,0.38266666666666665,2.0,22960.0,26600.0,17024.0,21280.0,0.4811852064425871,28.0,47.0,362.2127659574468,112.0,21.419015560102007,False,11578.0,1258.37,1258.37,276.13,5.68,54.93,36.95,25.31,3.25,15.15,29.82,6.61,12.46,0.45,39.14,0.07,46.32,57.29,3.7,31.59,12.24,9.76,0.0,58.39,1.53,2.39,0.15,0.18,11.68,17.69,9.18,15.58,0.0,866.56,866.56,0.0
RM15NMSA,RM15NMSA,RH,Massiv,15 kWh,Nahwärme kalt,mittel,Wendehammer,Sackgasse,287473,287472.7957859762,123586.01853333334,2055.648,23514.399999999998,13382.6,23792.300000000007,1176.0,5487.482000000001,10802.133333333335,3844.96,5953.0912,164.64,15570.800000000001,24.779999999999998,17817.183999999997,97029.7,1340.6399999999999,87722.078860848,4433.049599999999,3533.9539200000004,0.0,21149,555.6320000000001,866.4000000000001,54.208,64.91520000000001,4229.26,6406.96,3326.4000000000005,5644.8,0.0,45708,45708.47967179487,0.0,312.0,RH,Sackgasse,60000.0,5384.0,3554.0,2640.0,10640.0,,,0.20533333333333334,0.38266666666666665,2.0,22960.0,26600.0,17024.0,21280.0,0.4811852064425871,28.0,47.0,362.2127659574468,112.0,13.509059952348505,False,11578.0,793.66,793.66,341.2,5.68,64.92,36.95,65.69,3.25,15.15,29.82,10.62,16.44,0.45,42.99,0.07,49.19,267.88,3.7,242.18,12.24,9.76,0.0,58.39,1.53,2.39,0.15,0.18,11.68,17.69,9.18,15.58,0.0,126.19,126.19,0.0
RM15LMSA,RM15LMSA,RH,Massiv,15 kWh,LW Wärmepumpe,mittel,Wendehammer,Sackgasse,221031,221031.2659772402,123586.01853333334,2055.648,23514.399999999998,13382.6,23792.300000000007,1176.0,5487.482000000001,10802.133333333335,3844.96,5953.0912,164.64,15570.800000000001,24.779999999999998,17817.183999999997,17849.8,1340.6399999999999,8542.12029112,4433.049599999999,3533.9539200000004,0.0,21149,555.6320000000001,866.4000000000001,54.208,64.91520000000001,4229.26,6406.96,3326.4000000000005,5644.8,0.0,58447,58446.90843278688,0.0,312.0,RH,Sackgasse,60000.0,5384.0,3554.0,2640.0,10640.0,,,0.20533333333333334,0.38266666666666665,2.0,22960.0,26600.0,17024.0,21280.0,0.4811852064425871,28.0,47.0,362.2127659574468,112.0,10.386807611712417,False,11578.0,610.22,610.22,341.2,5.68,64.92,36.95,65.69,3.25,15.15,29.82,10.62,16.44,0.45,42.99,0.07,49.19,49.28,3.7,23.58,12.24,9.76,0.0,58.39,1.53,2.39,0.15,0.18,11.68,17.69,9.18,15.58,0.0,161.36,161.36,0.0
RM15EMSA,RM15EMSA,RH,Massiv,15 kWh,Erdgas,mittel,Wendehammer,Sackgasse,268630,268630.20209614397,123586.01853333334,2055.648,23514.399999999998,13382.6,23792.300000000007,1176.0,5487.482000000001,10802.133333333335,3844.96,5953.0912,164.64,15570.800000000001,24.779999999999998,17817.183999999997,19127.0,1340.6399999999999,9819.318016144,4433.049599999999,3533.9539200000004,0.0,21149,555.6320000000001,866.4000000000001,54.208,64.91520000000001,4229.26,6406.96,3326.4000000000005,5644.8,0.0,104769,104768.64682666666,0.0,312.0,RH,Sackgasse,60000.0,5384.0,3554.0,2640.0,10640.0,,,0.20533333333333334,0.38266666666666665,2.0,22960.0,26600.0,17024.0,21280.0,0.4811852064425871,28.0,47.0,362.2127659574468,112.0,12.623599722563158,False,11578.0,741.64,741.64,341.2,5.68,64.92,36.95,65.69,3.25,15.15,29.82,10.62,16.44,0.45,42.99,0.07,49.19,52.81,3.7,27.11,12.24,9.76,0.0,58.39,1.53,2.39,0.15,0.18,11.68,17.69,9.18,15.58,0.0,289.25,289.25,0.0
RM30NMSA,RM30NMSA,RH,Massiv,30 kWh,Nahwärme kalt,mittel,Wendehammer,Sackgasse,310191,310191.301392839,120153.47053333334,2055.648,21705.600000000002,13382.6,22515.640000000007,1176.0,5487.482000000001,10802.133333333335,3844.96,5953.0912,164.64,15570.800000000001,24.779999999999998,17470.095999999998,98299.5,1340.6399999999999,88991.90169848001,4433.049599999999,3533.9539200000004,0.0,21149,555.6320000000001,866.4000000000001,54.208,64.91520000000001,4229.26,6406.96,3326.4000000000005,5644.8,0.0,70590,70589.71044102564,0.0,312.0,RH,Sackgasse,60000.0,5384.0,3554.0,2640.0,10640.0,,,0.20533333333333334,0.38266666666666665,2.0,22960.0,26600.0,17024.0,21280.0,0.4811852064425871,28.0,47.0,362.2127659574468,112.0,14.576658900039426,False,11578.0,856.38,856.38,331.72,5.68,59.93,36.95,62.16,3.25,15.15,29.82,10.62,16.44,0.45,42.99,0.07,48.23,271.39,3.7,245.69,12.24,9.76,0.0,58.39,1.53,2.39,0.15,0.18,11.68,17.69,9.18,15.58,0.0,194.89,194.88,0.0
RM30LMSA,RM30LMSA,RH,Massiv,30 kWh,LW Wärmepumpe,mittel,Wendehammer,Sackgasse,250099,250098.8441816473,120153.47053333334,2055.648,21705.600000000002,13382.6,22515.640000000007,1176.0,5487.482000000001,10802.133333333335,3844.96,5953.0912,164.64,15570.800000000001,24.779999999999998,17470.095999999998,18534.5,1340.6399999999999,9226.902233232,4433.049599999999,3533.9539200000004,0.0,21149,555.6320000000001,866.4000000000001,54.208,64.91520000000001,4229.26,6406.96,3326.4000000000005,5644.8,0.0,90262,90262.25269508197,0.0,312.0,RH,Sackgasse,60000.0,5384.0,3554.0,2640.0,10640.0,,,0.20533333333333334,0.38266666666666665,2.0,22960.0,26600.0,17024.0,21280.0,0.4811852064425871,28.0,47.0,362.2127659574468,112.0,11.752765234099968,False,11578.0,690.48,690.47,331.72,5.68,59.93,36.95,62.16,3.25,15.15,29.82,10.62,16.44,0.45,42.99,0.07,48.23,51.17,3.7,25.47,12.24,9.76,0.0,58.39,1.53,2.39,0.15,0.18,11.68,17.69,9.18,15.58,0.0,249.2,249.2,0.0
RM30EMSA,RM30EMSA,RH,Massiv,30 kWh,Erdgas,mittel,Wendehammer,Sackgasse,322530,322530.252874256,120153.47053333334,2055.648,21705.600000000002,13382.6,22515.640000000007,1176.0,5487.482000000001,10802.133333333335,3844.96,5953.0912,164.64,15570.800000000001,24.779999999999998,17470.095999999998,19429.2,1340.6399999999999,10121.516794256,4433.049599999999,3533.9539200000004,0.0,21149,555.6320000000001,866.4000000000001,54.208,64.91520000000001,4229.26,6406.96,3326.4000000000005,5644.8,0.0,161799,161799.0468266667,0.0,312.0,RH,Sackgasse,60000.0,5384.0,3554.0,2640.0,10640.0,,,0.20533333333333334,0.38266666666666665,2.0,22960.0,26600.0,17024.0,21280.0,0.4811852064425871,28.0,47.0,362.2127659574468,112.0,15.156496845594738,False,11578.0,890.44,890.44,331.72,5.68,59.93,36.95,62.16,3.25,15.15,29.82,10.62,16.44,0.45,42.99,0.07,48.23,53.64,3.7,27.94,12.24,9.76,0.0,58.39,1.53,2.39,0.15,0.18,11.68,17.69,9.18,15.58,0.0,446.7,446.7,0.0
RM70NMSA,RM70NMSA,RH,Massiv,70 kWh,Nahwärme kalt,mittel,Wendehammer,Sackgasse,374738,374738.29817387566,114981.11453333334,2055.648,19896.800000000003,13382.6,19846.260000000006,1176.0,5487.482000000001,10802.133333333335,3844.96,5953.0912,164.64,15570.800000000001,24.779999999999998,16775.92,101668.9,1340.6399999999999,92361.305761568,4433.049599999999,3533.9539200000004,0.0,21149,555.6320000000001,866.4000000000001,54.208,64.91520000000001,4229.26,6406.96,3326.4000000000005,5644.8,0.0,136940,136939.65915897436,0.0,312.0,RH,Sackgasse,60000.0,5384.0,3554.0,2640.0,10640.0,,,0.20533333333333334,0.38266666666666665,2.0,22960.0,26600.0,17024.0,21280.0,0.4811852064425871,28.0,47.0,362.2127659574468,112.0,17.60988243298288,False,11578.0,1034.58,1034.58,317.44,5.68,54.93,36.95,54.79,3.25,15.15,29.82,10.62,16.44,0.45,42.99,0.07,46.32,280.69,3.7,254.99,12.24,9.76,0.0,58.39,1.53,2.39,0.15,0.18,11.68,17.69,9.18,15.58,0.0,378.07,378.06,0.0
RM70LMSA,RM70LMSA,RH,Massiv,70 kWh,LW Wärmepumpe,mittel,Wendehammer,Sackgasse,331659,331659.26151817816,114981.11453333334,2055.648,19896.800000000003,13382.6,19846.260000000006,1176.0,5487.482000000001,10802.133333333335,3844.96,5953.0912,164.64,15570.800000000001,24.779999999999998,16775.92,20426.4,1340.6399999999999,11118.757536976,4433.049599999999,3533.9539200000004,0.0,21149,555.6320000000001,866.4000000000001,54.208,64.91520000000001,4229.26,6406.96,3326.4000000000005,5644.8,0.0,175103,175103.17072786886,0.0,312.0,RH,Sackgasse,60000.0,5384.0,3554.0,2640.0,10640.0,,,0.20533333333333334,0.38266666666666665,2.0,22960.0,26600.0,17024.0,21280.0,0.4811852064425871,28.0,47.0,362.2127659574468,112.0,15.585491612696345,False,11578.0,915.65,915.65,317.44,5.68,54.93,36.95,54.79,3.25,15.15,29.82,10.62,16.44,0.45,42.99,0.07,46.32,56.39,3.7,30.7,12.24,9.76,0.0,58.39,1.53,2.39,0.15,0.18,11.68,17.69,9.18,15.58,0.0,483.43,483.43,0.0
RM70EMSA,RM70EMSA,RH,Massiv,70 kWh,Erdgas,mittel,Wendehammer,Sackgasse,470759,470759.2351189706,114981.11453333334,2055.648,19896.800000000003,13382.6,19846.260000000006,1176.0,5487.482000000001,10802.133333333335,3844.96,5953.0912,164.64,15570.800000000001,24.779999999999998,16775.92,20749.4,1340.6399999999999,11441.788372304,4433.049599999999,3533.9539200000004,0.0,21149,555.6320000000001,866.4000000000001,54.208,64.91520000000001,4229.26,6406.96,3326.4000000000005,5644.8,0.0,313880,313880.11349333334,0.0,312.0,RH,Sackgasse,60000.0,5384.0,3554.0,2640.0,10640.0,,,0.20533333333333334,0.38266666666666665,2.0,22960.0,26600.0,17024.0,21280.0,0.4811852064425871,28.0,47.0,362.2127659574468,112.0,22.122144507470427,False,11578.0,1299.68,1299.68,317.44,5.68,54.93,36.95,54.79,3.25,15.15,29.82,10.62,16.44,0.45,42.99,0.07,46.32,57.29,3.7,31.59,12.24,9.76,0.0,58.39,1.53,2.39,0.15,0.18,11.68,17.69,9.18,15.58,0.0,866.56,866.56,0.0
ZH15NMSA,ZH15NMSA,ZH,Holz,15 kWh,Nahwärme kalt,mittel,Wendehammer,Sackgasse,708556,708555.9037225933,250038.7371657143,2537.2569600000006,29476.98,35939.880800000006,23003.673919999997,4932.4800000000005,13971.2,24374.24228571429,23013.5808,13630.752,919.296,55502.0944,996.36,21740.94,227170.0,307.79999999999995,193746.63793287898,20077.42464,8952.148224,4086.0,116749,295.61,866.4000000000001,28.84,6219.037440000001,4229.26,6406.96,3326.4000000000005,0.0,95376.96,114598,114597.68832000002,0.0,512.0,Zeile,Sackgasse,60000.0,5384.0,3554.0,2640.0,13338.0,16416.0,13132.800000000001,0.2223,0.8892,4.0,53352.0,59918.4,42681.600000000006,50930.64,0.3554006097865747,20.0,41.0,1041.0146341463415,547.2,13.912173570224,True,11578.0,680.64,680.64,240.19,2.44,28.32,34.52,22.1,4.74,13.42,23.41,22.11,13.09,0.88,53.32,0.96,20.88,218.22,0.3,186.11,19.29,8.6,3.93,112.15,0.28,0.83,0.03,5.97,4.06,6.15,3.2,0.0,91.62,110.08,110.08,0.0
ZH15LMSA,ZH15LMSA,ZH,Holz,15 kWh,LW Wärmepumpe,mittel,Wendehammer,Sackgasse,567823,567822.9845545617,250038.7371657143,2537.2569600000006,29476.98,35939.880800000006,23003.673919999997,4932.4800000000005,13971.2,24374.24228571429,23013.5808,13630.752,919.296,55502.0944,996.36,21740.94,54500.0,307.79999999999995,21076.658085503022,20077.42464,8952.148224,4086.0,116749,295.61,866.4000000000001,28.84,6219.037440000001,4229.26,6406.96,3326.4000000000005,0.0,95376.96,146535,146534.74899934427,0.0,512.0,Zeile,Sackgasse,60000.0,5384.0,3554.0,2640.0,13338.0,16416.0,13132.800000000001,0.2223,0.8892,4.0,53352.0,59918.4,42681.600000000006,50930.64,0.3554006097865747,20.0,41.0,1041.0146341463415,547.2,11.148946578220135,True,11578.0,545.45,545.45,240.19,2.44,28.32,34.52,22.1,4.74,13.42,23.41,22.11,13.09,0.88,53.32,0.96,20.88,52.35,0.3,20.25,19.29,8.6,3.93,112.15,0.28,0.83,0.03,5.97,4.06,6.15,3.2,0.0,91.62,140.76,140.76,0.0
ZH15EMSA,ZH15EMSA,ZH,Holz,15 kWh,Erdgas,mittel,Wendehammer,Sackgasse,684905,684904.9614146128,250038.7371657143,2537.2569600000006,29476.98,35939.880800000006,23003.673919999997,4932.4800000000005,13971.2,24374.24228571429,23013.5808,13630.752,919.296,55502.0944,996.36,21740.94,55446.8,307.79999999999995,22023.41940089836,20077.42464,8952.148224,4086.0,116749,295.61,866.4000000000001,28.84,6219.037440000001,4229.26,6406.96,3326.4000000000005,0.0,95376.96,262670,262669.96454400005,0.0,512.0,Zeile,Sackgasse,60000.0,5384.0,3554.0,2640.0,13338.0,16416.0,13132.800000000001,0.2223,0.8892,4.0,53352.0,59918.4,42681.600000000006,50930.64,0.3554006097865747,20.0,41.0,1041.0146341463415,547.2,13.447798052697015,True,11578.0,657.92,657.92,240.19,2.44,28.32,34.52,22.1,4.74,13.42,23.41,22.11,13.09,0.88,53.32,0.96,20.88,53.26,0.3,21.16,19.29,8.6,3.93,112.15,0.28,0.83,0.03,5.97,4.06,6.15,3.2,0.0,91.62,252.32,252.32,0.0
ZH30NMSA,ZH30NMSA,ZH,Holz,30 kWh,Nahwärme kalt,mittel,Wendehammer,Sackgasse,766918,766917.8403866374,240405.01668571425,2537.2569600000006,27209.52,35939.880800000006,18571.773439999997,4932.4800000000005,13971.2,24374.24228571429,23013.5808,13630.752,919.296,55502.0944,996.36,18806.579999999998,232784.9,307.79999999999995,199361.49507692308,20077.42464,8952.148224,4086.0,116749,295.61,866.4000000000001,28.84,6219.037440000001,4229.26,6406.96,3326.4000000000005,0.0,95376.96,176978,176978.48832000003,0.0,512.0,Zeile,Sackgasse,60000.0,5384.0,3554.0,2640.0,13338.0,16416.0,13132.800000000001,0.2223,0.8892,4.0,53352.0,59918.4,42681.600000000006,50930.64,0.3554006097865747,20.0,41.0,1041.0146341463415,547.2,15.058083707305414,True,11578.0,736.7,736.7,230.93,2.44,26.14,34.52,17.84,4.74,13.42,23.41,22.11,13.09,0.88,53.32,0.96,18.07,223.61,0.3,191.51,19.29,8.6,3.93,112.15,0.28,0.83,0.03,5.97,4.06,6.15,3.2,0.0,91.62,170.01,170.01,0.0
ZH30LMSA,ZH30LMSA,ZH,Holz,30 kWh,LW Wärmepumpe,mittel,Wendehammer,Sackgasse,642142,642142.481204834,240405.01668571425,2537.2569600000006,27209.52,35939.880800000006,18571.773439999997,4932.4800000000005,13971.2,24374.24228571429,23013.5808,13630.752,919.296,55502.0944,996.36,18806.579999999998,58687.6,307.79999999999995,25264.26210102129,20077.42464,8952.148224,4086.0,116749,295.61,866.4000000000001,28.84,6219.037440000001,4229.26,6406.96,3326.4000000000005,0.0,95376.96,226300,226300.36211409836,0.0,512.0,Zeile,Sackgasse,60000.0,5384.0,3554.0,2640.0,13338.0,16416.0,13132.800000000001,0.2223,0.8892,4.0,53352.0,59918.4,42681.600000000006,50930.64,0.3554006097865747,20.0,41.0,1041.0146341463415,547.2,12.608176162813464,True,11578.0,616.84,616.84,230.93,2.44,26.14,34.52,17.84,4.74,13.42,23.41,22.11,13.09,0.88,53.32,0.96,18.07,56.38,0.3,24.27,19.29,8.6,3.93,112.15,0.28,0.83,0.03,5.97,4.06,6.15,3.2,0.0,91.62,217.38,217.38,0.0
ZH30EMSA,ZH30EMSA,ZH,Holz,30 kWh,Erdgas,mittel,Wendehammer,Sackgasse,828915,828915.0454419544,240405.01668571425,2537.2569600000006,27209.52,35939.880800000006,18571.773439999997,4932.4800000000005,13971.2,24374.24228571429,23013.5808,13630.752,919.296,55502.0944,996.36,18806.579999999998,66107.2,307.79999999999995,32683.863908240004,20077.42464,8952.148224,4086.0,116749,295.61,866.4000000000001,28.84,6219.037440000001,4229.26,6406.96,3326.4000000000005,0.0,95376.96,405653,405653.32454400003,0.0,512.0,Zeile,Sackgasse,60000.0,5384.0,3554.0,2640.0,13338.0,16416.0,13132.800000000001,0.2223,0.8892,4.0,53352.0,59918.4,42681.600000000006,50930.64,0.3554006097865747,20.0,41.0,1041.0146341463415,547.2,16.27537068927377,True,11578.0,796.26,796.26,230.93,2.44,26.14,34.52,17.84,4.74,13.42,23.41,22.11,13.09,0.88,53.32,0.96,18.07,63.5,0.3,31.4,19.29,8.6,3.93,112.15,0.28,0.83,0.03,5.97,4.06,6.15,3.2,0.0,91.62,389.67,389.67,0.0
ZH70NMSA,ZH70NMSA,ZH,Holz,70 kWh,Nahwärme kalt,mittel,Wendehammer,Sackgasse,935955,935955.3896446596,232503.53076571427,2537.2569600000006,24942.06,35939.880800000006,16672.387519999997,4932.4800000000005,13971.2,24374.24228571429,23013.5808,13630.752,919.296,55502.0944,996.36,15071.939999999999,243375.1,307.79999999999995,209951.7302549453,20077.42464,8952.148224,4086.0,116749,295.61,866.4000000000001,28.84,6219.037440000001,4229.26,6406.96,3326.4000000000005,0.0,95376.96,343327,343327.28832000005,0.0,512.0,Zeile,Sackgasse,60000.0,5384.0,3554.0,2640.0,13338.0,16416.0,13132.800000000001,0.2223,0.8892,4.0,53352.0,59918.4,42681.600000000006,50930.64,0.3554006097865747,20.0,41.0,1041.0146341463415,547.2,18.37705926422012,True,11578.0,899.08,899.08,223.34,2.44,23.96,34.52,16.02,4.74,13.42,23.41,22.11,13.09,0.88,53.32,0.96,14.48,233.79,0.3,201.68,19.29,8.6,3.93,112.15,0.28,0.83,0.03,5.97,4.06,6.15,3.2,0.0,91.62,329.8,329.8,0.0
ZH70LMSA,ZH70LMSA,ZH,Holz,70 kWh,LW Wärmepumpe,mittel,Wendehammer,Sackgasse,853822,853822.4286915374,232503.53076571427,2537.2569600000006,24942.06,35939.880800000006,16672.387519999997,4932.4800000000005,13971.2,24374.24228571429,23013.5808,13630.752,919.296,55502.0944,996.36,15071.939999999999,65560.8,307.79999999999995,32137.393868380394,20077.42464,8952.148224,4086.0,116749,295.61,866.4000000000001,28.84,6219.037440000001,4229.26,6406.96,3326.4000000000005,0.0,95376.96,439009,439008.6637534427,0.0,512.0,Zeile,Sackgasse,60000.0,5384.0,3554.0,2640.0,13338.0,16416.0,13132.800000000001,0.2223,0.8892,4.0,53352.0,59918.4,42681.600000000006,50930.64,0.3554006097865747,20.0,41.0,1041.0146341463415,547.2,16.76441585441568,True,11578.0,820.18,820.18,223.34,2.44,23.96,34.52,16.02,4.74,13.42,23.41,22.11,13.09,0.88,53.32,0.96,14.48,62.98,0.3,30.87,19.29,8.6,3.93,112.15,0.28,0.83,0.03,5.97,4.06,6.15,3.2,0.0,91.62,421.71,421.71,0.0
ZH70EMSA,ZH70EMSA,ZH,Holz,70 kWh,Erdgas,mittel,Wendehammer,Sackgasse,1206864,1206863.5528126652,232503.53076571427,2537.2569600000006,24942.06,35939.880800000006,16672.387519999997,4932.4800000000005,13971.2,24374.24228571429,23013.5808,13630.752,919.296,55502.0944,996.36,15071.939999999999,70668.3,307.79999999999995,37244.897198950704,20077.42464,8952.148224,4086.0,116749,295.61,866.4000000000001,28.84,6219.037440000001,4229.26,6406.96,3326.4000000000005,0.0,95376.96,786942,786942.2845440002,0.0,512.0,Zeile,Sackgasse,60000.0,5384.0,3554.0,2640.0,13338.0,16416.0,13132.800000000001,0.2223,0.8892,4.0,53352.0,59918.4,42681.600000000006,50930.64,0.3554006097865747,20.0,41.0,1041.0146341463415,547.2,23.696218088220867,True,11578.0,1159.32,1159.31,223.34,2.44,23.96,34.52,16.02,4.74,13.42,23.41,22.11,13.09,0.88,53.32,0.96,14.48,67.88,0.3,35.78,19.29,8.6,3.93,112.15,0.28,0.83,0.03,5.97,4.06,6.15,3.2,0.0,91.62,755.94,755.94,0.0
ZM15NMSA,ZM15NMSA,ZH,Massiv,15 kWh,Nahwärme kalt,mittel,Wendehammer,Sackgasse,772464,772463.6405225934,313946.4739657143,2537.2569600000006,29476.98,35939.880800000006,55715.32031999999,4932.4800000000005,13971.2,24374.24228571429,37331.0688,17980.992000000002,919.296,60961.31680000001,996.36,28810.08,227170.0,307.79999999999995,193746.63793287898,20077.42464,8952.148224,4086.0,116749,295.61,866.4000000000001,28.84,6219.037440000001,4229.26,6406.96,3326.4000000000005,0.0,95376.96,114598,114597.68832000002,0.0,512.0,Zeile,Sackgasse,60000.0,5384.0,3554.0,2640.0,13338.0,16416.0,13132.800000000001,0.2223,0.8892,4.0,53352.0,59918.4,42681.600000000006,50930.64,0.3554006097865747,20.0,41.0,1041.0146341463415,547.2,15.166972975847022,True,11578.0,742.03,742.03,301.58,2.44,28.32,34.52,53.52,4.74,13.42,23.41,35.86,17.27,0.88,58.56,0.96,27.68,218.22,0.3,186.11,19.29,8.6,3.93,112.15,0.28,0.83,0.03,5.97,4.06,6.15,3.2,0.0,91.62,110.08,110.08,0.0
ZM15LMSA,ZM15LMSA,ZH,Massiv,15 kWh,LW Wärmepumpe,mittel,Wendehammer,Sackgasse,631731,631730.7213545616,313946.4739657143,2537.2569600000006,29476.98,35939.880800000006,55715.32031999999,4932.4800000000005,13971.2,24374.24228571429,37331.0688,17980.992000000002,919.296,60961.31680000001,996.36,28810.08,54500.0,307.79999999999995,21076.658085503022,20077.42464,8952.148224,4086.0,116749,295.61,866.4000000000001,28.84,6219.037440000001,4229.26,6406.96,3326.4000000000005,0.0,95376.96,146535,146534.74899934427,0.0,512.0,Zeile,Sackgasse,60000.0,5384.0,3554.0,2640.0,13338.0,16416.0,13132.800000000001,0.2223,0.8892,4.0,53352.0,59918.4,42681.600000000006,50930.64,0.3554006097865747,20.0,41.0,1041.0146341463415,547.2,12.403745983843155,True,11578.0,606.84,606.84,301.58,2.44,28.32,34.52,53.52,4.74,13.42,23.41,35.86,17.27,0.88,58.56,0.96,27.68,52.35,0.3,20.25,19.29,8.6,3.93,112.15,0.28,0.83,0.03,5.97,4.06,6.15,3.2,0.0,91.62,140.76,140.76,0.0
ZM15EMSA,ZM15EMSA,ZH,Massiv,15 kWh,Erdgas,mittel,Wendehammer,Sackgasse,748813,748812.6982146127,313946.4739657143,2537.2569600000006,29476.98,35939.880800000006,55715.32031999999,4932.4800000000005,13971.2,24374.24228571429,37331.0688,17980.992000000002,919.296,60961.31680000001,996.36,28810.08,55446.8,307.79999999999995,22023.41940089836,20077.42464,8952.148224,4086.0,116749,295.61,866.4000000000001,28.84,6219.037440000001,4229.26,6406.96,3326.4000000000005,0.0,95376.96,262670,262669.96454400005,0.0,512.0,Zeile,Sackgasse,60000.0,5384.0,3554.0,2640.0,13338.0,16416.0,13132.800000000001,0.2223,0.8892,4.0,53352.0,59918.4,42681.600000000006,50930.64,0.3554006097865747,20.0,41.0,1041.0146341463415,547.2,14.702597458320035,True,11578.0,719.31,719.31,301.58,2.44,28.32,34.52,53.52,4.74,13.42,23.41,35.86,17.27,0.88,58.56,0.96,27.68,53.26,0.3,21.16,19.29,8.6,3.93,112.15,0.28,0.83,0.03,5.97,4.06,6.15,3.2,0.0,91.62,252.32,252.32,0.0
ZM30NMSA,ZM30NMSA,ZH,Massiv,30 kWh,Nahwärme kalt,mittel,Wendehammer,Sackgasse,830949,830948.8370266375,304436.01332571433,2537.2569600000006,27209.52,35939.880800000006,49806.11967999999,4932.4800000000005,13971.2,24374.24228571429,37331.0688,17980.992000000002,919.296,60961.31680000001,996.36,27476.280000000002,232784.9,307.79999999999995,199361.49507692308,20077.42464,8952.148224,4086.0,116749,295.61,866.4000000000001,28.84,6219.037440000001,4229.26,6406.96,3326.4000000000005,0.0,95376.96,176978,176978.48832000003,0.0,512.0,Zeile,Sackgasse,60000.0,5384.0,3554.0,2640.0,13338.0,16416.0,13132.800000000001,0.2223,0.8892,4.0,53352.0,59918.4,42681.600000000006,50930.64,0.3554006097865747,20.0,41.0,1041.0146341463415,547.2,16.315303263941654,True,11578.0,798.21,798.21,292.44,2.44,26.14,34.52,47.84,4.74,13.42,23.41,35.86,17.27,0.88,58.56,0.96,26.39,223.61,0.3,191.51,19.29,8.6,3.93,112.15,0.28,0.83,0.03,5.97,4.06,6.15,3.2,0.0,91.62,170.01,170.01,0.0
ZM30LMSA,ZM30LMSA,ZH,Massiv,30 kWh,LW Wärmepumpe,mittel,Wendehammer,Sackgasse,706173,706173.477844834,304436.01332571433,2537.2569600000006,27209.52,35939.880800000006,49806.11967999999,4932.4800000000005,13971.2,24374.24228571429,37331.0688,17980.992000000002,919.296,60961.31680000001,996.36,27476.280000000002,58687.6,307.79999999999995,25264.26210102129,20077.42464,8952.148224,4086.0,116749,295.61,866.4000000000001,28.84,6219.037440000001,4229.26,6406.96,3326.4000000000005,0.0,95376.96,226300,226300.36211409836,0.0,512.0,Zeile,Sackgasse,60000.0,5384.0,3554.0,2640.0,13338.0,16416.0,13132.800000000001,0.2223,0.8892,4.0,53352.0,59918.4,42681.600000000006,50930.64,0.3554006097865747,20.0,41.0,1041.0146341463415,547.2,13.865395719449705,True,11578.0,678.35,678.35,292.44,2.44,26.14,34.52,47.84,4.74,13.42,23.41,35.86,17.27,0.88,58.56,0.96,26.39,56.38,0.3,24.27,19.29,8.6,3.93,112.15,0.28,0.83,0.03,5.97,4.06,6.15,3.2,0.0,91.62,217.38,217.38,0.0
ZM30EMSA,ZM30EMSA,ZH,Massiv,30 kWh,Erdgas,mittel,Wendehammer,Sackgasse,892946,892946.0420819544,304436.01332571433,2537.2569600000006,27209.52,35939.880800000006,49806.11967999999,4932.4800000000005,13971.2,24374.24228571429,37331.0688,17980.992000000002,919.296,60961.31680000001,996.36,27476.280000000002,66107.2,307.79999999999995,32683.863908240004,20077.42464,8952.148224,4086.0,116749,295.61,866.4000000000001,28.84,6219.037440000001,4229.26,6406.96,3326.4000000000005,0.0,95376.96,405653,405653.32454400003,0.0,512.0,Zeile,Sackgasse,60000.0,5384.0,3554.0,2640.0,13338.0,16416.0,13132.800000000001,0.2223,0.8892,4.0,53352.0,59918.4,42681.600000000006,50930.64,0.3554006097865747,20.0,41.0,1041.0146341463415,547.2,17.53259024591001,True,11578.0,857.77,857.77,292.44,2.44,26.14,34.52,47.84,4.74,13.42,23.41,35.86,17.27,0.88,58.56,0.96,26.39,63.5,0.3,31.4,19.29,8.6,3.93,112.15,0.28,0.83,0.03,5.97,4.06,6.15,3.2,0.0,91.62,389.67,389.67,0.0
ZM70NMSA,ZM70NMSA,ZH,Massiv,70 kWh,Nahwärme kalt,mittel,Wendehammer,Sackgasse,997965,997965.4459646597,294513.5870857143,2537.2569600000006,24942.06,35939.880800000006,44952.13343999999,4932.4800000000005,13971.2,24374.24228571429,37331.0688,17980.992000000002,919.296,60961.31680000001,996.36,24675.300000000003,243375.1,307.79999999999995,209951.7302549453,20077.42464,8952.148224,4086.0,116749,295.61,866.4000000000001,28.84,6219.037440000001,4229.26,6406.96,3326.4000000000005,0.0,95376.96,343327,343327.28832000005,0.0,512.0,Zeile,Sackgasse,60000.0,5384.0,3554.0,2640.0,13338.0,16416.0,13132.800000000001,0.2223,0.8892,4.0,53352.0,59918.4,42681.600000000006,50930.64,0.3554006097865747,20.0,41.0,1041.0146341463415,547.2,19.594598574937596,True,11578.0,958.65,958.65,282.91,2.44,23.96,34.52,43.18,4.74,13.42,23.41,35.86,17.27,0.88,58.56,0.96,23.7,233.79,0.3,201.68,19.29,8.6,3.93,112.15,0.28,0.83,0.03,5.97,4.06,6.15,3.2,0.0,91.62,329.8,329.8,0.0
ZM70LMSA,ZM70LMSA,ZH,Massiv,70 kWh,LW Wärmepumpe,mittel,Wendehammer,Sackgasse,915832,915832.4850115373,294513.5870857143,2537.2569600000006,24942.06,35939.880800000006,44952.13343999999,4932.4800000000005,13971.2,24374.24228571429,37331.0688,17980.992000000002,919.296,60961.31680000001,996.36,24675.300000000003,65560.8,307.79999999999995,32137.393868380394,20077.42464,8952.148224,4086.0,116749,295.61,866.4000000000001,28.84,6219.037440000001,4229.26,6406.96,3326.4000000000005,0.0,95376.96,439009,439008.6637534427,0.0,512.0,Zeile,Sackgasse,60000.0,5384.0,3554.0,2640.0,13338.0,16416.0,13132.800000000001,0.2223,0.8892,4.0,53352.0,59918.4,42681.600000000006,50930.64,0.3554006097865747,20.0,41.0,1041.0146341463415,547.2,17.981955165133158,True,11578.0,879.75,879.75,282.91,2.44,23.96,34.52,43.18,4.74,13.42,23.41,35.86,17.27,0.88,58.56,0.96,23.7,62.98,0.3,30.87,19.29,8.6,3.93,112.15,0.28,0.83,0.03,5.97,4.06,6.15,3.2,0.0,91.62,421.71,421.71,0.0
ZM70EMSA,ZM70EMSA,ZH,Massiv,70 kWh,Erdgas,mittel,Wendehammer,Sackgasse,1268874,1268873.6091326652,294513.5870857143,2537.2569600000006,24942.06,35939.880800000006,44952.13343999999,4932.4800000000005,13971.2,24374.24228571429,37331.0688,17980.992000000002,919.296,60961.31680000001,996.36,24675.300000000003,70668.3,307.79999999999995,37244.897198950704,20077.42464,8952.148224,4086.0,116749,295.61,866.4000000000001,28.84,6219.037440000001,4229.26,6406.96,3326.4000000000005,0.0,95376.96,786942,786942.2845440002,0.0,512.0,Zeile,Sackgasse,60000.0,5384.0,3554.0,2640.0,13338.0,16416.0,13132.800000000001,0.2223,0.8892,4.0,53352.0,59918.4,42681.600000000006,50930.64,0.3554006097865747,20.0,41.0,1041.0146341463415,547.2,24.913757398938344,True,11578.0,1218.88,1218.88,282.91,2.44,23.96,34.52,43.18,4.74,13.42,23.41,35.86,17.27,0.88,58.56,0.96,23.7,67.88,0.3,35.78,19.29,8.6,3.93,112.15,0.28,0.83,0.03,5.97,4.06,6.15,3.2,0.0,91.62,755.94,755.94,0.0
PH15NMSA,PH15NMSA,PH,Holz,15 kWh,Nahwärme kalt,mittel,Wendehammer,Sackgasse,541498,541498.2335409351,201839.22477010987,1972.280713846154,22913.28,27847.825723076923,22336.057304615388,4110.572307692308,12787.2,18946.77942857143,21419.638153846157,7856.710892307692,357.2972307692308,43005.50301538461,1386.24,16899.84,156431.4,383.04,126945.21947605602,15606.743040000001,6958.754894769232,6537.6,94148,314.552,866.4000000000001,30.688000000000002,4834.231532307693,4229.26,6406.96,3326.4000000000005,0.0,74139.17538461539,89080,89079.98444307692,0.0,412.0,Punkt,Sackgasse,60000.0,5384.0,3554.0,2640.0,10368.0,12760.615384615383,10208.492307692308,0.1728,0.6912,4.0,41472.0,46576.24615384615,33177.6,39589.80923076923,0.3888888888888889,32.0,41.0,809.209756097561,425.3538461538461,13.67771767690364,True,11578.0,669.17,669.17,249.43,2.44,28.32,34.41,27.6,5.08,15.8,23.41,26.47,9.71,0.44,53.15,1.71,20.88,193.31,0.47,156.88,19.29,8.6,8.08,116.35,0.39,1.07,0.04,5.97,5.23,7.92,4.11,0.0,91.62,110.08,110.08,0.0
PH15LMSA,PH15LMSA,PH,Holz,15 kWh,LW Wärmepumpe,mittel,Wendehammer,Sackgasse,456005,456005.381279624,201839.22477010987,1972.280713846154,22913.28,27847.825723076923,22336.057304615388,4110.572307692308,12787.2,18946.77942857143,21419.638153846157,7856.710892307692,357.2972307692308,43005.50301538461,1386.24,16899.84,46112.9,383.04,16626.797779789085,15606.743040000001,6958.754894769232,6537.6,94148,314.552,866.4000000000001,30.688000000000002,4834.231532307693,4229.26,6406.96,3326.4000000000005,0.0,74139.17538461539,113906,113905.55387803278,0.0,412.0,Punkt,Sackgasse,60000.0,5384.0,3554.0,2640.0,10368.0,12760.615384615383,10208.492307692308,0.1728,0.6912,4.0,41472.0,46576.24615384615,33177.6,39589.80923076923,0.3888888888888889,32.0,41.0,809.209756097561,425.3538461538461,11.518251543511262,True,11578.0,563.52,563.52,249.43,2.44,28.32,34.41,27.6,5.08,15.8,23.41,26.47,9.71,0.44,53.15,1.71,20.88,56.99,0.47,20.55,19.29,8.6,8.08,116.35,0.39,1.07,0.04,5.97,5.23,7.92,4.11,0.0,91.62,140.76,140.76,0.0
PH15EMSA,PH15EMSA,PH,Holz,15 kWh,Erdgas,mittel,Wendehammer,Sackgasse,547253,547252.771855511,201839.22477010987,1972.280713846154,22913.28,27847.825723076923,22336.057304615388,4110.572307692308,12787.2,18946.77942857143,21419.638153846157,7856.710892307692,357.2972307692308,43005.50301538461,1386.24,16899.84,47085.2,383.04,17599.0410497088,15606.743040000001,6958.754894769232,6537.6,94148,314.552,866.4000000000001,30.688000000000002,4834.231532307693,4229.26,6406.96,3326.4000000000005,0.0,74139.17538461539,204181,204180.70118399998,0.0,412.0,Punkt,Sackgasse,60000.0,5384.0,3554.0,2640.0,10368.0,12760.615384615383,10208.492307692308,0.1728,0.6912,4.0,41472.0,46576.24615384615,33177.6,39589.80923076923,0.3888888888888889,32.0,41.0,809.209756097561,425.3538461538461,13.8230717068014,True,11578.0,676.28,676.28,249.43,2.44,28.32,34.41,27.6,5.08,15.8,23.41,26.47,9.71,0.44,53.15,1.71,20.88,58.19,0.47,21.75,19.29,8.6,8.08,116.35,0.39,1.07,0.04,5.97,5.23,7.92,4.11,0.0,91.62,252.32,252.32,0.0
PH30NMSA,PH30NMSA,PH,Holz,30 kWh,Nahwärme kalt,mittel,Wendehammer,Sackgasse,583960,583960.3798569401,193492.42767472527,1972.280713846154,21150.72,27847.825723076923,18032.78020923077,4110.572307692308,12787.2,18946.77942857143,21419.638153846157,7856.710892307692,357.2972307692308,43005.50301538461,1386.24,14618.88,158750.0,383.04,129263.8244259072,15606.743040000001,6958.754894769232,6537.6,94148,314.552,866.4000000000001,30.688000000000002,4834.231532307693,4229.26,6406.96,3326.4000000000005,0.0,74139.17538461539,137570,137570.32290461537,0.0,412.0,Punkt,Sackgasse,60000.0,5384.0,3554.0,2640.0,10368.0,12760.615384615383,10208.492307692308,0.1728,0.6912,4.0,41472.0,46576.24615384615,33177.6,39589.80923076923,0.3888888888888889,32.0,41.0,809.209756097561,425.3538461538461,14.750270112518898,True,11578.0,721.64,721.64,239.11,2.44,26.14,34.41,22.28,5.08,15.8,23.41,26.47,9.71,0.44,53.15,1.71,18.07,196.18,0.47,159.74,19.29,8.6,8.08,116.35,0.39,1.07,0.04,5.97,5.23,7.92,4.11,0.0,91.62,170.01,170.01,0.0
PH30LMSA,PH30LMSA,PH,Holz,30 kWh,LW Wärmepumpe,mittel,Wendehammer,Sackgasse,510950,510950.302972203,193492.42767472527,1972.280713846154,21150.72,27847.825723076923,18032.78020923077,4110.572307692308,12787.2,18946.77942857143,21419.638153846157,7856.710892307692,357.2972307692308,43005.50301538461,1386.24,14618.88,47400.6,383.04,17914.4772234904,15606.743040000001,6958.754894769232,6537.6,94148,314.552,866.4000000000001,30.688000000000002,4834.231532307693,4229.26,6406.96,3326.4000000000005,0.0,74139.17538461539,175910,175909.59322229505,0.0,412.0,Punkt,Sackgasse,60000.0,5384.0,3554.0,2640.0,10368.0,12760.615384615383,10208.492307692308,0.1728,0.6912,4.0,41472.0,46576.24615384615,33177.6,39589.80923076923,0.3888888888888889,32.0,41.0,809.209756097561,425.3538461538461,12.90610672039036,True,11578.0,631.42,631.42,239.11,2.44,26.14,34.41,22.28,5.08,15.8,23.41,26.47,9.71,0.44,53.15,1.71,18.07,58.58,0.47,22.14,19.29,8.6,8.08,116.35,0.39,1.07,0.04,5.97,5.23,7.92,4.11,0.0,91.62,217.38,217.38,0.0
PH30EMSA,PH30EMSA,PH,Holz,30 kWh,Erdgas,mittel,Wendehammer,Sackgasse,651574,651573.5372491701,193492.42767472527,1972.280713846154,21150.72,27847.825723076923,18032.78020923077,4110.572307692308,12787.2,18946.77942857143,21419.638153846157,7856.710892307692,357.2972307692308,43005.50301538461,1386.24,14618.88,48607.8,383.04,19121.643538752516,15606.743040000001,6958.754894769232,6537.6,94148,314.552,866.4000000000001,30.688000000000002,4834.231532307693,4229.26,6406.96,3326.4000000000005,0.0,74139.17538461539,315326,315325.661184,0.0,412.0,Punkt,Sackgasse,60000.0,5384.0,3554.0,2640.0,10368.0,12760.615384615383,10208.492307692308,0.1728,0.6912,4.0,41472.0,46576.24615384615,33177.6,39589.80923076923,0.3888888888888889,32.0,41.0,809.209756097561,425.3538461538461,16.45811257768746,True,11578.0,805.2,805.2,239.11,2.44,26.14,34.41,22.28,5.08,15.8,23.41,26.47,9.71,0.44,53.15,1.71,18.07,60.07,0.47,23.63,19.29,8.6,8.08,116.35,0.39,1.07,0.04,5.97,5.23,7.92,4.11,0.0,91.62,389.67,389.67,0.0
PH70NMSA,PH70NMSA,PH,Holz,70 kWh,Nahwärme kalt,mittel,Wendehammer,Sackgasse,714860,714860.3189113182,186982.56606241755,1972.280713846154,19388.16,27847.825723076923,16188.518596923079,4110.572307692308,12787.2,18946.77942857143,21419.638153846157,7856.710892307692,357.2972307692308,43005.50301538461,1386.24,11715.839999999998,166852.2,383.04,137366.0558618237,15606.743040000001,6958.754894769232,6537.6,94148,314.552,866.4000000000001,30.688000000000002,4834.231532307693,4229.26,6406.96,3326.4000000000005,0.0,74139.17538461539,266878,266877.8921353846,0.0,412.0,Punkt,Sackgasse,60000.0,5384.0,3554.0,2640.0,10368.0,12760.615384615383,10208.492307692308,0.1728,0.6912,4.0,41472.0,46576.24615384615,33177.6,39589.80923076923,0.3888888888888889,32.0,41.0,809.209756097561,425.3538461538461,18.056675008065667,True,11578.0,883.41,883.41,231.07,2.44,23.96,34.41,20.01,5.08,15.8,23.41,26.47,9.71,0.44,53.15,1.71,14.48,206.19,0.47,169.75,19.29,8.6,8.08,116.35,0.39,1.07,0.04,5.97,5.23,7.92,4.11,0.0,91.62,329.8,329.8,0.0
PH70LMSA,PH70LMSA,PH,Holz,70 kWh,LW Wärmepumpe,mittel,Wendehammer,Sackgasse,675514,675513.564013302,186982.56606241755,1972.280713846154,19388.16,27847.825723076923,16188.518596923079,4110.572307692308,12787.2,18946.77942857143,21419.638153846157,7856.710892307692,357.2972307692308,43005.50301538461,1386.24,11715.839999999998,53129.6,383.04,23643.49495886416,15606.743040000001,6958.754894769232,6537.6,94148,314.552,866.4000000000001,30.688000000000002,4834.231532307693,4229.26,6406.96,3326.4000000000005,0.0,74139.17538461539,341254,341253.69814032794,0.0,412.0,Punkt,Sackgasse,60000.0,5384.0,3554.0,2640.0,10368.0,12760.615384615383,10208.492307692308,0.1728,0.6912,4.0,41472.0,46576.24615384615,33177.6,39589.80923076923,0.3888888888888889,32.0,41.0,809.209756097561,425.3538461538461,17.062814323649036,True,11578.0,834.78,834.78,231.07,2.44,23.96,34.41,20.01,5.08,15.8,23.41,26.47,9.71,0.44,53.15,1.71,14.48,65.66,0.47,29.22,19.29,8.6,8.08,116.35,0.39,1.07,0.04,5.97,5.23,7.92,4.11,0.0,91.62,421.71,421.71,0.0
PH70EMSA,PH70EMSA,PH,Holz,70 kWh,Erdgas,mittel,Wendehammer,Sackgasse,949589,949589.1111844386,186982.56606241755,1972.280713846154,19388.16,27847.825723076923,16188.518596923079,4110.572307692308,12787.2,18946.77942857143,21419.638153846157,7856.710892307692,357.2972307692308,43005.50301538461,1386.24,11715.839999999998,56746.7,383.04,27260.519086328568,15606.743040000001,6958.754894769232,6537.6,94148,314.552,866.4000000000001,30.688000000000002,4834.231532307693,4229.26,6406.96,3326.4000000000005,0.0,74139.17538461539,611712,611712.2211840001,0.0,412.0,Punkt,Sackgasse,60000.0,5384.0,3554.0,2640.0,10368.0,12760.615384615383,10208.492307692308,0.1728,0.6912,4.0,41472.0,46576.24615384615,33177.6,39589.80923076923,0.3888888888888889,32.0,41.0,809.209756097561,425.3538461538461,23.9856955523397,True,11578.0,1173.48,1173.48,231.07,2.44,23.96,34.41,20.01,5.08,15.8,23.41,26.47,9.71,0.44,53.15,1.71,14.48,70.13,0.47,33.69,19.29,8.6,8.08,116.35,0.39,1.07,0.04,5.97,5.23,7.92,4.11,0.0,91.62,755.94,755.94,0.0
PM15NMSA,PM15NMSA,PH,Massiv,15 kWh,Nahwärme kalt,mittel,Wendehammer,Sackgasse,598775,598774.741110166,259115.73233934067,1972.280713846154,22913.28,27847.825723076923,54098.34062769231,4110.572307692308,12787.2,18946.77942857143,34701.312000000005,10364.171815384616,357.2972307692308,47235.552492307696,1386.24,22394.88,156431.4,383.04,126945.21947605602,15606.743040000001,6958.754894769232,6537.6,94148,314.552,866.4000000000001,30.688000000000002,4834.231532307693,4229.26,6406.96,3326.4000000000005,0.0,74139.17538461539,89080,89079.98444307692,0.0,412.0,Punkt,Sackgasse,60000.0,5384.0,3554.0,2640.0,10368.0,12760.615384615383,10208.492307692308,0.1728,0.6912,4.0,41472.0,46576.24615384615,33177.6,39589.80923076923,0.3888888888888889,32.0,41.0,809.209756097561,425.3538461538461,15.124466440843513,True,11578.0,739.95,739.95,320.21,2.44,28.32,34.41,66.85,5.08,15.8,23.41,42.88,12.81,0.44,58.37,1.71,27.68,193.31,0.47,156.88,19.29,8.6,8.08,116.35,0.39,1.07,0.04,5.97,5.23,7.92,4.11,0.0,91.62,110.08,110.08,0.0
PM15LMSA,PM15LMSA,PH,Massiv,15 kWh,LW Wärmepumpe,mittel,Wendehammer,Sackgasse,513282,513281.8888488548,259115.73233934067,1972.280713846154,22913.28,27847.825723076923,54098.34062769231,4110.572307692308,12787.2,18946.77942857143,34701.312000000005,10364.171815384616,357.2972307692308,47235.552492307696,1386.24,22394.88,46112.9,383.04,16626.797779789085,15606.743040000001,6958.754894769232,6537.6,94148,314.552,866.4000000000001,30.688000000000002,4834.231532307693,4229.26,6406.96,3326.4000000000005,0.0,74139.17538461539,113906,113905.55387803278,0.0,412.0,Punkt,Sackgasse,60000.0,5384.0,3554.0,2640.0,10368.0,12760.615384615383,10208.492307692308,0.1728,0.6912,4.0,41472.0,46576.24615384615,33177.6,39589.80923076923,0.3888888888888889,32.0,41.0,809.209756097561,425.3538461538461,12.965000307451136,True,11578.0,634.3,634.3,320.21,2.44,28.32,34.41,66.85,5.08,15.8,23.41,42.88,12.81,0.44,58.37,1.71,27.68,56.99,0.47,20.55,19.29,8.6,8.08,116.35,0.39,1.07,0.04,5.97,5.23,7.92,4.11,0.0,91.62,140.76,140.76,0.0
PM15EMSA,PM15EMSA,PH,Massiv,15 kWh,Erdgas,mittel,Wendehammer,Sackgasse,604529,604529.2794247417,259115.73233934067,1972.280713846154,22913.28,27847.825723076923,54098.34062769231,4110.572307692308,12787.2,18946.77942857143,34701.312000000005,10364.171815384616,357.2972307692308,47235.552492307696,1386.24,22394.88,47085.2,383.04,17599.0410497088,15606.743040000001,6958.754894769232,6537.6,94148,314.552,866.4000000000001,30.688000000000002,4834.231532307693,4229.26,6406.96,3326.4000000000005,0.0,74139.17538461539,204181,204180.70118399998,0.0,412.0,Punkt,Sackgasse,60000.0,5384.0,3554.0,2640.0,10368.0,12760.615384615383,10208.492307692308,0.1728,0.6912,4.0,41472.0,46576.24615384615,33177.6,39589.80923076923,0.3888888888888889,32.0,41.0,809.209756097561,425.3538461538461,15.269820470741273,True,11578.0,747.06,747.06,320.21,2.44,28.32,34.41,66.85,5.08,15.8,23.41,42.88,12.81,0.44,58.37,1.71,27.68,58.19,0.47,21.75,19.29,8.6,8.08,116.35,0.39,1.07,0.04,5.97,5.23,7.92,4.11,0.0,91.62,252.32,252.32,0.0
PM30NMSA,PM30NMSA,PH,Massiv,30 kWh,Nahwärme kalt,mittel,Wendehammer,Sackgasse,641047,641046.6217277093,250578.6695454945,1972.280713846154,21150.72,27847.825723076923,48360.63783384615,4110.572307692308,12787.2,18946.77942857143,34701.312000000005,10364.171815384616,357.2972307692308,47235.552492307696,1386.24,21358.08,158750.0,383.04,129263.8244259072,15606.743040000001,6958.754894769232,6537.6,94148,314.552,866.4000000000001,30.688000000000002,4834.231532307693,4229.26,6406.96,3326.4000000000005,0.0,74139.17538461539,137570,137570.32290461537,0.0,412.0,Punkt,Sackgasse,60000.0,5384.0,3554.0,2640.0,10368.0,12760.615384615383,10208.492307692308,0.1728,0.6912,4.0,41472.0,46576.24615384615,33177.6,39589.80923076923,0.3888888888888889,32.0,41.0,809.209756097561,425.3538461538461,16.192212950333882,True,11578.0,792.19,792.19,309.66,2.44,26.14,34.41,59.76,5.08,15.8,23.41,42.88,12.81,0.44,58.37,1.71,26.39,196.18,0.47,159.74,19.29,8.6,8.08,116.35,0.39,1.07,0.04,5.97,5.23,7.92,4.11,0.0,91.62,170.01,170.01,0.0
PM30LMSA,PM30LMSA,PH,Massiv,30 kWh,LW Wärmepumpe,mittel,Wendehammer,Sackgasse,568037,568036.5448429722,250578.6695454945,1972.280713846154,21150.72,27847.825723076923,48360.63783384615,4110.572307692308,12787.2,18946.77942857143,34701.312000000005,10364.171815384616,357.2972307692308,47235.552492307696,1386.24,21358.08,47400.6,383.04,17914.4772234904,15606.743040000001,6958.754894769232,6537.6,94148,314.552,866.4000000000001,30.688000000000002,4834.231532307693,4229.26,6406.96,3326.4000000000005,0.0,74139.17538461539,175910,175909.59322229505,0.0,412.0,Punkt,Sackgasse,60000.0,5384.0,3554.0,2640.0,10368.0,12760.615384615383,10208.492307692308,0.1728,0.6912,4.0,41472.0,46576.24615384615,33177.6,39589.80923076923,0.3888888888888889,32.0,41.0,809.209756097561,425.3538461538461,14.348049558205345,True,11578.0,701.97,701.96,309.66,2.44,26.14,34.41,59.76,5.08,15.8,23.41,42.88,12.81,0.44,58.37,1.71,26.39,58.58,0.47,22.14,19.29,8.6,8.08,116.35,0.39,1.07,0.04,5.97,5.23,7.92,4.11,0.0,91.62,217.38,217.38,0.0
PM30EMSA,PM30EMSA,PH,Massiv,30 kWh,Erdgas,mittel,Wendehammer,Sackgasse,708660,708659.7791199393,250578.6695454945,1972.280713846154,21150.72,27847.825723076923,48360.63783384615,4110.572307692308,12787.2,18946.77942857143,34701.312000000005,10364.171815384616,357.2972307692308,47235.552492307696,1386.24,21358.08,48607.8,383.04,19121.643538752516,15606.743040000001,6958.754894769232,6537.6,94148,314.552,866.4000000000001,30.688000000000002,4834.231532307693,4229.26,6406.96,3326.4000000000005,0.0,74139.17538461539,315326,315325.661184,0.0,412.0,Punkt,Sackgasse,60000.0,5384.0,3554.0,2640.0,10368.0,12760.615384615383,10208.492307692308,0.1728,0.6912,4.0,41472.0,46576.24615384615,33177.6,39589.80923076923,0.3888888888888889,32.0,41.0,809.209756097561,425.3538461538461,17.900055415502443,True,11578.0,875.74,875.74,309.66,2.44,26.14,34.41,59.76,5.08,15.8,23.41,42.88,12.81,0.44,58.37,1.71,26.39,60.07,0.47,23.63,19.29,8.6,8.08,116.35,0.39,1.07,0.04,5.97,5.23,7.92,4.11,0.0,91.62,389.67,389.67,0.0
PM70NMSA,PM70NMSA,PH,Massiv,70 kWh,Nahwärme kalt,mittel,Wendehammer,Sackgasse,769803,769803.4693851643,241925.71653626373,1972.280713846154,19388.16,27847.825723076923,43647.524824615386,4110.572307692308,12787.2,18946.77942857143,34701.312000000005,10364.171815384616,357.2972307692308,47235.552492307696,1386.24,19180.8,166852.2,383.04,137366.0558618237,15606.743040000001,6958.754894769232,6537.6,94148,314.552,866.4000000000001,30.688000000000002,4834.231532307693,4229.26,6406.96,3326.4000000000005,0.0,74139.17538461539,266878,266877.8921353846,0.0,412.0,Punkt,Sackgasse,60000.0,5384.0,3554.0,2640.0,10368.0,12760.615384615383,10208.492307692308,0.1728,0.6912,4.0,41472.0,46576.24615384615,33177.6,39589.80923076923,0.3888888888888889,32.0,41.0,809.209756097561,425.3538461538461,19.444485445685668,True,11578.0,951.3,951.3,298.97,2.44,23.96,34.41,53.94,5.08,15.8,23.41,42.88,12.81,0.44,58.37,1.71,23.7,206.19,0.47,169.75,19.29,8.6,8.08,116.35,0.39,1.07,0.04,5.97,5.23,7.92,4.11,0.0,91.62,329.8,329.8,0.0
PM70LMSA,PM70LMSA,PH,Massiv,70 kWh,LW Wärmepumpe,mittel,Wendehammer,Sackgasse,730457,730456.7144871482,241925.71653626373,1972.280713846154,19388.16,27847.825723076923,43647.524824615386,4110.572307692308,12787.2,18946.77942857143,34701.312000000005,10364.171815384616,357.2972307692308,47235.552492307696,1386.24,19180.8,53129.6,383.04,23643.49495886416,15606.743040000001,6958.754894769232,6537.6,94148,314.552,866.4000000000001,30.688000000000002,4834.231532307693,4229.26,6406.96,3326.4000000000005,0.0,74139.17538461539,341254,341253.69814032794,0.0,412.0,Punkt,Sackgasse,60000.0,5384.0,3554.0,2640.0,10368.0,12760.615384615383,10208.492307692308,0.1728,0.6912,4.0,41472.0,46576.24615384615,33177.6,39589.80923076923,0.3888888888888889,32.0,41.0,809.209756097561,425.3538461538461,18.450624761269037,True,11578.0,902.68,902.68,298.97,2.44,23.96,34.41,53.94,5.08,15.8,23.41,42.88,12.81,0.44,58.37,1.71,23.7,65.66,0.47,29.22,19.29,8.6,8.08,116.35,0.39,1.07,0.04,5.97,5.23,7.92,4.11,0.0,91.62,421.71,421.71,0.0
PM70EMSA,PM70EMSA,PH,Massiv,70 kWh,Erdgas,mittel,Wendehammer,Sackgasse,1004532,1004532.2616582848,241925.71653626373,1972.280713846154,19388.16,27847.825723076923,43647.524824615386,4110.572307692308,12787.2,18946.77942857143,34701.312000000005,10364.171815384616,357.2972307692308,47235.552492307696,1386.24,19180.8,56746.7,383.04,27260.519086328568,15606.743040000001,6958.754894769232,6537.6,94148,314.552,866.4000000000001,30.688000000000002,4834.231532307693,4229.26,6406.96,3326.4000000000005,0.0,74139.17538461539,611712,611712.2211840001,0.0,412.0,Punkt,Sackgasse,60000.0,5384.0,3554.0,2640.0,10368.0,12760.615384615383,10208.492307692308,0.1728,0.6912,4.0,41472.0,46576.24615384615,33177.6,39589.80923076923,0.3888888888888889,32.0,41.0,809.209756097561,425.3538461538461,25.3735059899597,True,11578.0,1241.37,1241.37,298.97,2.44,23.96,34.41,53.94,5.08,15.8,23.41,42.88,12.81,0.44,58.37,1.71,23.7,70.13,0.47,33.69,19.29,8.6,8.08,116.35,0.39,1.07,0.04,5.97,5.23,7.92,4.11,0.0,91.62,755.94,755.94,0.0
BH15NMSA,BH15NMSA,BW,Holz,15 kWh,Nahwärme kalt,mittel,Wendehammer,Sackgasse,942426,942425.6332057866,321133.4118351648,3659.505230769231,34011.9,51540.42038461538,27120.139076923082,6797.538461538462,7015.200000000001,35155.15714285714,14587.846153846156,32271.64615384615,828.6923076923076,79594.06692307693,3465.6,25085.699999999997,294372.9,119.7,239308.4341244679,28957.824000000004,12911.752246153846,13075.2,161634,248.25500000000002,866.4000000000001,24.22,8969.765538461541,4229.26,6406.96,3326.4000000000005,0.0,137562.9230769231,165285,165285.1273846154,0.0,612.0,BW,Sackgasse,60000.0,5384.0,3554.0,2640.0,15390.0,23676.923076923078,18941.538461538465,0.2565,1.2825,5.0,76950.0,86420.76923076923,61560.0,73457.65384615384,0.293527024140141,10.0,41.0,1501.4634146341464,789.2307692307693,12.829509028147799,True,11578.0,627.67,627.67,213.88,2.44,22.65,34.33,18.06,4.53,4.67,23.41,9.72,21.49,0.55,53.01,2.31,16.71,196.06,0.08,159.38,19.29,8.6,8.71,107.65,0.17,0.58,0.02,5.97,2.82,4.27,2.22,0.0,91.62,110.08,110.08,0.0
BH15LMSA,BH15LMSA,BW,Holz,15 kWh,LW Wärmepumpe,mittel,Wendehammer,Sackgasse,781904,781904.1576403221,321133.4118351648,3659.505230769231,34011.9,51540.42038461538,27120.139076923082,6797.538461538462,7015.200000000001,35155.15714285714,14587.846153846156,32271.64615384615,828.6923076923076,79594.06692307693,3465.6,25085.699999999997,87788.4,119.7,32723.890271487726,28957.824000000004,12911.752246153846,13075.2,161634,248.25500000000002,866.4000000000001,24.22,8969.765538461541,4229.26,6406.96,3326.4000000000005,0.0,137562.9230769231,211348,211348.19567213117,0.0,612.0,BW,Sackgasse,60000.0,5384.0,3554.0,2640.0,15390.0,23676.923076923078,18941.538461538465,0.2565,1.2825,5.0,76950.0,86420.76923076923,61560.0,73457.65384615384,0.293527024140141,10.0,41.0,1501.4634146341464,789.2307692307693,10.644284382916782,True,11578.0,520.76,520.76,213.88,2.44,22.65,34.33,18.06,4.53,4.67,23.41,9.72,21.49,0.55,53.01,2.31,16.71,58.47,0.08,21.79,19.29,8.6,8.71,107.65,0.17,0.58,0.02,5.97,2.82,4.27,2.22,0.0,91.62,140.76,140.76,0.0
BH15EMSA,BH15EMSA,BW,Holz,15 kWh,Erdgas,mittel,Wendehammer,Sackgasse,958650,958649.7093075605,321133.4118351648,3659.505230769231,34011.9,51540.42038461538,27120.139076923082,6797.538461538462,7015.200000000001,35155.15714285714,14587.846153846156,32271.64615384615,828.6923076923076,79594.06692307693,3465.6,25085.699999999997,97031.2,119.7,41966.72721085715,28957.824000000004,12911.752246153846,13075.2,161634,248.25500000000002,866.4000000000001,24.22,8969.765538461541,4229.26,6406.96,3326.4000000000005,0.0,137562.9230769231,378851,378850.91040000005,0.0,612.0,BW,Sackgasse,60000.0,5384.0,3554.0,2640.0,15390.0,23676.923076923078,18941.538461538465,0.2565,1.2825,5.0,76950.0,86420.76923076923,61560.0,73457.65384615384,0.293527024140141,10.0,41.0,1501.4634146341464,789.2307692307693,13.05037200500999,True,11578.0,638.48,638.48,213.88,2.44,22.65,34.33,18.06,4.53,4.67,23.41,9.72,21.49,0.55,53.01,2.31,16.71,64.62,0.08,27.95,19.29,8.6,8.71,107.65,0.17,0.58,0.02,5.97,2.82,4.27,2.22,0.0,91.62,252.32,252.32,0.0
BH30NMSA,BH30NMSA,BW,Holz,30 kWh,Nahwärme kalt,mittel,Wendehammer,Sackgasse,1024801,1024800.6298634249,309906.3309120879,3659.505230769231,31395.600000000002,51540.42038461538,21895.158153846154,6797.538461538462,7015.200000000001,35155.15714285714,14587.846153846156,32271.64615384615,828.6923076923076,79594.06692307693,3465.6,21699.899999999998,298002.7,119.7,242938.20401287547,28957.824000000004,12911.752246153846,13075.2,161634,248.25500000000002,866.4000000000001,24.22,8969.765538461541,4229.26,6406.96,3326.4000000000005,0.0,137562.9230769231,255257,255257.43507692308,0.0,612.0,BW,Sackgasse,60000.0,5384.0,3554.0,2640.0,15390.0,23676.923076923078,18941.538461538465,0.2565,1.2825,5.0,76950.0,86420.76923076923,61560.0,73457.65384615384,0.293527024140141,10.0,41.0,1501.4634146341464,789.2307692307693,13.95090336004629,True,11578.0,682.53,682.53,206.4,2.44,20.91,34.33,14.58,4.53,4.67,23.41,9.72,21.49,0.55,53.01,2.31,14.45,198.47,0.08,161.8,19.29,8.6,8.71,107.65,0.17,0.58,0.02,5.97,2.82,4.27,2.22,0.0,91.62,170.01,170.01,0.0
BH30LMSA,BH30LMSA,BW,Holz,30 kWh,LW Wärmepumpe,mittel,Wendehammer,Sackgasse,887435,887435.1793481461,309906.3309120879,3659.505230769231,31395.600000000002,51540.42038461538,21895.158153846154,6797.538461538462,7015.200000000001,35155.15714285714,14587.846153846156,32271.64615384615,828.6923076923076,79594.06692307693,3465.6,21699.899999999998,89499.9,119.7,34435.435525339286,28957.824000000004,12911.752246153846,13075.2,161634,248.25500000000002,866.4000000000001,24.22,8969.765538461541,4229.26,6406.96,3326.4000000000005,0.0,137562.9230769231,326395,326394.7530491803,0.0,612.0,BW,Sackgasse,60000.0,5384.0,3554.0,2640.0,15390.0,23676.923076923078,18941.538461538465,0.2565,1.2825,5.0,76950.0,86420.76923076923,61560.0,73457.65384615384,0.293527024140141,10.0,41.0,1501.4634146341464,789.2307692307693,12.080908290465516,True,11578.0,591.05,591.05,206.4,2.44,20.91,34.33,14.58,4.53,4.67,23.41,9.72,21.49,0.55,53.01,2.31,14.45,59.61,0.08,22.93,19.29,8.6,8.71,107.65,0.17,0.58,0.02,5.97,2.82,4.27,2.22,0.0,91.62,217.38,217.38,0.0
BH30EMSA,BH30EMSA,BW,Holz,30 kWh,Erdgas,mittel,Wendehammer,Sackgasse,1154128,1154128.2174685053,309906.3309120879,3659.505230769231,31395.600000000002,51540.42038461538,21895.158153846154,6797.538461538462,7015.200000000001,35155.15714285714,14587.846153846156,32271.64615384615,828.6923076923076,79594.06692307693,3465.6,21699.899999999998,97510.8,119.7,42446.316294879056,28957.824000000004,12911.752246153846,13075.2,161634,248.25500000000002,866.4000000000001,24.22,8969.765538461541,4229.26,6406.96,3326.4000000000005,0.0,137562.9230769231,585077,585076.9103999999,0.0,612.0,BW,Sackgasse,60000.0,5384.0,3554.0,2640.0,15390.0,23676.923076923078,18941.538461538465,0.2565,1.2825,5.0,76950.0,86420.76923076923,61560.0,73457.65384615384,0.293527024140141,10.0,41.0,1501.4634146341464,789.2307692307693,15.71147670854906,True,11578.0,768.67,768.67,206.4,2.44,20.91,34.33,14.58,4.53,4.67,23.41,9.72,21.49,0.55,53.01,2.31,14.45,64.94,0.08,28.27,19.29,8.6,8.71,107.65,0.17,0.58,0.02,5.97,2.82,4.27,2.22,0.0,91.62,389.67,389.67,0.0
BH70NMSA,BH70NMSA,BW,Holz,70 kWh,Nahwärme kalt,mittel,Wendehammer,Sackgasse,1269198,1269198.46680348,300741.5533736264,3659.505230769231,28779.300000000003,51540.42038461538,19655.880615384616,6797.538461538462,7015.200000000001,35155.15714285714,14587.846153846156,32271.64615384615,828.6923076923076,79594.06692307693,3465.6,17390.699999999997,311639.1,119.7,256574.66464523826,28957.824000000004,12911.752246153846,13075.2,161634,248.25500000000002,866.4000000000001,24.22,8969.765538461541,4229.26,6406.96,3326.4000000000005,0.0,137562.9230769231,495184,495183.5889230769,0.0,612.0,BW,Sackgasse,60000.0,5384.0,3554.0,2640.0,15390.0,23676.923076923078,18941.538461538465,0.2565,1.2825,5.0,76950.0,86420.76923076923,61560.0,73457.65384615384,0.293527024140141,10.0,41.0,1501.4634146341464,789.2307692307693,17.277960843421816,True,11578.0,845.31,845.31,200.3,2.44,19.17,34.33,13.09,4.53,4.67,23.41,9.72,21.49,0.55,53.01,2.31,11.58,207.56,0.08,170.88,19.29,8.6,8.71,107.65,0.17,0.58,0.02,5.97,2.82,4.27,2.22,0.0,91.62,329.8,329.8,0.0
BH70LMSA,BH70LMSA,BW,Holz,70 kWh,LW Wärmepumpe,mittel,Wendehammer,Sackgasse,1193584,1193584.4924435886,300741.5533736264,3659.505230769231,28779.300000000003,51540.42038461538,19655.880615384616,6797.538461538462,7015.200000000001,35155.15714285714,14587.846153846156,32271.64615384615,828.6923076923076,79594.06692307693,3465.6,17390.699999999997,98023.2,119.7,42958.7064871124,28957.824000000004,12911.752246153846,13075.2,161634,248.25500000000002,866.4000000000001,24.22,8969.765538461541,4229.26,6406.96,3326.4000000000005,0.0,137562.9230769231,633186,633185.5727213115,0.0,612.0,BW,Sackgasse,60000.0,5384.0,3554.0,2640.0,15390.0,23676.923076923078,18941.538461538465,0.2565,1.2825,5.0,76950.0,86420.76923076923,61560.0,73457.65384615384,0.293527024140141,10.0,41.0,1501.4634146341464,789.2307692307693,16.248606237048822,True,11578.0,794.95,794.95,200.3,2.44,19.17,34.33,13.09,4.53,4.67,23.41,9.72,21.49,0.55,53.01,2.31,11.58,65.29,0.08,28.61,19.29,8.6,8.71,107.65,0.17,0.58,0.02,5.97,2.82,4.27,2.22,0.0,91.62,421.71,421.71,0.0
BH70EMSA,BH70EMSA,BW,Holz,70 kWh,Erdgas,mittel,Wendehammer,Sackgasse,1700203,1700203.2958291997,300741.5533736264,3659.505230769231,28779.300000000003,51540.42038461538,19655.880615384616,6797.538461538462,7015.200000000001,35155.15714285714,14587.846153846156,32271.64615384615,828.6923076923076,79594.06692307693,3465.6,17390.699999999997,102814.6,119.7,47750.17219403466,28957.824000000004,12911.752246153846,13075.2,161634,248.25500000000002,866.4000000000001,24.22,8969.765538461541,4229.26,6406.96,3326.4000000000005,0.0,137562.9230769231,1135013,1135012.9104000002,0.0,612.0,BW,Sackgasse,60000.0,5384.0,3554.0,2640.0,15390.0,23676.923076923078,18941.538461538465,0.2565,1.2825,5.0,76950.0,86420.76923076923,61560.0,73457.65384615384,0.293527024140141,10.0,41.0,1501.4634146341464,789.2307692307693,23.145352550872687,True,11578.0,1132.36,1132.36,200.3,2.44,19.17,34.33,13.09,4.53,4.67,23.41,9.72,21.49,0.55,53.01,2.31,11.58,68.48,0.08,31.8,19.29,8.6,8.71,107.65,0.17,0.58,0.02,5.97,2.82,4.27,2.22,0.0,91.62,755.94,755.94,0.0
BM15NMSA,BM15NMSA,BW,Massiv,15 kWh,Nahwärme kalt,mittel,Wendehammer,Sackgasse,1016352,1016352.208590402,395059.9872197803,3659.505230769231,34011.9,51540.42038461538,65685.47446153847,6797.538461538462,7015.200000000001,35155.15714285714,23664.000000000004,42571.10769230769,828.6923076923076,87422.99153846155,3465.6,33242.4,294372.9,119.7,239308.4341244679,28957.824000000004,12911.752246153846,13075.2,161634,248.25500000000002,866.4000000000001,24.22,8969.765538461541,4229.26,6406.96,3326.4000000000005,0.0,137562.9230769231,165285,165285.1273846154,0.0,612.0,BW,Sackgasse,60000.0,5384.0,3554.0,2640.0,15390.0,23676.923076923078,18941.538461538465,0.2565,1.2825,5.0,76950.0,86420.76923076923,61560.0,73457.65384615384,0.293527024140141,10.0,41.0,1501.4634146341464,789.2307692307693,13.835892590838812,True,11578.0,676.91,676.91,263.12,2.44,22.65,34.33,43.75,4.53,4.67,23.41,15.76,28.35,0.55,58.23,2.31,22.14,196.06,0.08,159.38,19.29,8.6,8.71,107.65,0.17,0.58,0.02,5.97,2.82,4.27,2.22,0.0,91.62,110.08,110.08,0.0
BM15LMSA,BM15LMSA,BW,Massiv,15 kWh,LW Wärmepumpe,mittel,Wendehammer,Sackgasse,855831,855830.7330249376,395059.9872197803,3659.505230769231,34011.9,51540.42038461538,65685.47446153847,6797.538461538462,7015.200000000001,35155.15714285714,23664.000000000004,42571.10769230769,828.6923076923076,87422.99153846155,3465.6,33242.4,87788.4,119.7,32723.890271487726,28957.824000000004,12911.752246153846,13075.2,161634,248.25500000000002,866.4000000000001,24.22,8969.765538461541,4229.26,6406.96,3326.4000000000005,0.0,137562.9230769231,211348,211348.19567213117,0.0,612.0,BW,Sackgasse,60000.0,5384.0,3554.0,2640.0,15390.0,23676.923076923078,18941.538461538465,0.2565,1.2825,5.0,76950.0,86420.76923076923,61560.0,73457.65384615384,0.293527024140141,10.0,41.0,1501.4634146341464,789.2307692307693,11.650667945607793,True,11578.0,570.0,570.0,263.12,2.44,22.65,34.33,43.75,4.53,4.67,23.41,15.76,28.35,0.55,58.23,2.31,22.14,58.47,0.08,21.79,19.29,8.6,8.71,107.65,0.17,0.58,0.02,5.97,2.82,4.27,2.22,0.0,91.62,140.76,140.76,0.0
BM15EMSA,BM15EMSA,BW,Massiv,15 kWh,Erdgas,mittel,Wendehammer,Sackgasse,1032576,1032576.2846921759,395059.9872197803,3659.505230769231,34011.9,51540.42038461538,65685.47446153847,6797.538461538462,7015.200000000001,35155.15714285714,23664.000000000004,42571.10769230769,828.6923076923076,87422.99153846155,3465.6,33242.4,97031.2,119.7,41966.72721085715,28957.824000000004,12911.752246153846,13075.2,161634,248.25500000000002,866.4000000000001,24.22,8969.765538461541,4229.26,6406.96,3326.4000000000005,0.0,137562.9230769231,378851,378850.91040000005,0.0,612.0,BW,Sackgasse,60000.0,5384.0,3554.0,2640.0,15390.0,23676.923076923078,18941.538461538465,0.2565,1.2825,5.0,76950.0,86420.76923076923,61560.0,73457.65384615384,0.293527024140141,10.0,41.0,1501.4634146341464,789.2307692307693,14.056755567701,True,11578.0,687.71,687.71,263.12,2.44,22.65,34.33,43.75,4.53,4.67,23.41,15.76,28.35,0.55,58.23,2.31,22.14,64.62,0.08,27.95,19.29,8.6,8.71,107.65,0.17,0.58,0.02,5.97,2.82,4.27,2.22,0.0,91.62,252.32,252.32,0.0
BM30NMSA,BM30NMSA,BW,Massiv,30 kWh,Nahwärme kalt,mittel,Wendehammer,Sackgasse,1098832,1098832.344940348,383938.045989011,3659.505230769231,31395.600000000002,51540.42038461538,58718.83323076923,6797.538461538462,7015.200000000001,35155.15714285714,23664.000000000004,42571.10769230769,828.6923076923076,87422.99153846155,3465.6,31703.4,298002.7,119.7,242938.20401287547,28957.824000000004,12911.752246153846,13075.2,161634,248.25500000000002,866.4000000000001,24.22,8969.765538461541,4229.26,6406.96,3326.4000000000005,0.0,137562.9230769231,255257,255257.43507692308,0.0,612.0,BW,Sackgasse,60000.0,5384.0,3554.0,2640.0,15390.0,23676.923076923078,18941.538461538465,0.2565,1.2825,5.0,76950.0,86420.76923076923,61560.0,73457.65384615384,0.293527024140141,10.0,41.0,1501.4634146341464,789.2307692307693,14.958718219366077,True,11578.0,731.84,731.84,255.71,2.44,20.91,34.33,39.11,4.53,4.67,23.41,15.76,28.35,0.55,58.23,2.31,21.12,198.47,0.08,161.8,19.29,8.6,8.71,107.65,0.17,0.58,0.02,5.97,2.82,4.27,2.22,0.0,91.62,170.01,170.01,0.0
BM30LMSA,BM30LMSA,BW,Massiv,30 kWh,LW Wärmepumpe,mittel,Wendehammer,Sackgasse,961467,961466.8944250692,383938.045989011,3659.505230769231,31395.600000000002,51540.42038461538,58718.83323076923,6797.538461538462,7015.200000000001,35155.15714285714,23664.000000000004,42571.10769230769,828.6923076923076,87422.99153846155,3465.6,31703.4,89499.9,119.7,34435.435525339286,28957.824000000004,12911.752246153846,13075.2,161634,248.25500000000002,866.4000000000001,24.22,8969.765538461541,4229.26,6406.96,3326.4000000000005,0.0,137562.9230769231,326395,326394.7530491803,0.0,612.0,BW,Sackgasse,60000.0,5384.0,3554.0,2640.0,15390.0,23676.923076923078,18941.538461538465,0.2565,1.2825,5.0,76950.0,86420.76923076923,61560.0,73457.65384615384,0.293527024140141,10.0,41.0,1501.4634146341464,789.2307692307693,13.0887231497853,True,11578.0,640.35,640.35,255.71,2.44,20.91,34.33,39.11,4.53,4.67,23.41,15.76,28.35,0.55,58.23,2.31,21.12,59.61,0.08,22.93,19.29,8.6,8.71,107.65,0.17,0.58,0.02,5.97,2.82,4.27,2.22,0.0,91.62,217.38,217.38,0.0
BM30EMSA,BM30EMSA,BW,Massiv,30 kWh,Erdgas,mittel,Wendehammer,Sackgasse,1228160,1228159.9325454284,383938.045989011,3659.505230769231,31395.600000000002,51540.42038461538,58718.83323076923,6797.538461538462,7015.200000000001,35155.15714285714,23664.000000000004,42571.10769230769,828.6923076923076,87422.99153846155,3465.6,31703.4,97510.8,119.7,42446.316294879056,28957.824000000004,12911.752246153846,13075.2,161634,248.25500000000002,866.4000000000001,24.22,8969.765538461541,4229.26,6406.96,3326.4000000000005,0.0,137562.9230769231,585077,585076.9103999999,0.0,612.0,BW,Sackgasse,60000.0,5384.0,3554.0,2640.0,15390.0,23676.923076923078,18941.538461538465,0.2565,1.2825,5.0,76950.0,86420.76923076923,61560.0,73457.65384615384,0.293527024140141,10.0,41.0,1501.4634146341464,789.2307692307693,16.719291567868847,True,11578.0,817.98,817.98,255.71,2.44,20.91,34.33,39.11,4.53,4.67,23.41,15.76,28.35,0.55,58.23,2.31,21.12,64.94,0.08,28.27,19.29,8.6,8.71,107.65,0.17,0.58,0.02,5.97,2.82,4.27,2.22,0.0,91.62,389.67,389.67,0.0
BM70NMSA,BM70NMSA,BW,Massiv,70 kWh,Nahwärme kalt,mittel,Wendehammer,Sackgasse,1340824,1340824.1612650184,372367.24783516483,3659.505230769231,28779.300000000003,51540.42038461538,52996.235076923076,6797.538461538462,7015.200000000001,35155.15714285714,23664.000000000004,42571.10769230769,828.6923076923076,87422.99153846155,3465.6,28471.5,311639.1,119.7,256574.66464523826,28957.824000000004,12911.752246153846,13075.2,161634,248.25500000000002,866.4000000000001,24.22,8969.765538461541,4229.26,6406.96,3326.4000000000005,0.0,137562.9230769231,495184,495183.5889230769,0.0,612.0,BW,Sackgasse,60000.0,5384.0,3554.0,2640.0,15390.0,23676.923076923078,18941.538461538465,0.2565,1.2825,5.0,76950.0,86420.76923076923,61560.0,73457.65384615384,0.293527024140141,10.0,41.0,1501.4634146341464,789.2307692307693,18.253021857642988,True,11578.0,893.01,893.01,248.0,2.44,19.17,34.33,35.3,4.53,4.67,23.41,15.76,28.35,0.55,58.23,2.31,18.96,207.56,0.08,170.88,19.29,8.6,8.71,107.65,0.17,0.58,0.02,5.97,2.82,4.27,2.22,0.0,91.62,329.8,329.8,0.0
BM70LMSA,BM70LMSA,BW,Massiv,70 kWh,LW Wärmepumpe,mittel,Wendehammer,Sackgasse,1265210,1265210.186905127,372367.24783516483,3659.505230769231,28779.300000000003,51540.42038461538,52996.235076923076,6797.538461538462,7015.200000000001,35155.15714285714,23664.000000000004,42571.10769230769,828.6923076923076,87422.99153846155,3465.6,28471.5,98023.2,119.7,42958.7064871124,28957.824000000004,12911.752246153846,13075.2,161634,248.25500000000002,866.4000000000001,24.22,8969.765538461541,4229.26,6406.96,3326.4000000000005,0.0,137562.9230769231,633186,633185.5727213115,0.0,612.0,BW,Sackgasse,60000.0,5384.0,3554.0,2640.0,15390.0,23676.923076923078,18941.538461538465,0.2565,1.2825,5.0,76950.0,86420.76923076923,61560.0,73457.65384615384,0.293527024140141,10.0,41.0,1501.4634146341464,789.2307692307693,17.223667251269994,True,11578.0,842.65,842.65,248.0,2.44,19.17,34.33,35.3,4.53,4.67,23.41,15.76,28.35,0.55,58.23,2.31,18.96,65.29,0.08,28.61,19.29,8.6,8.71,107.65,0.17,0.58,0.02,5.97,2.82,4.27,2.22,0.0,91.62,421.71,421.71,0.0
BM70EMSA,BM70EMSA,BW,Massiv,70 kWh,Erdgas,mittel,Wendehammer,Sackgasse,1771829,1771828.9902907382,372367.24783516483,3659.505230769231,28779.300000000003,51540.42038461538,52996.235076923076,6797.538461538462,7015.200000000001,35155.15714285714,23664.000000000004,42571.10769230769,828.6923076923076,87422.99153846155,3465.6,28471.5,102814.6,119.7,47750.17219403466,28957.824000000004,12911.752246153846,13075.2,161634,248.25500000000002,866.4000000000001,24.22,8969.765538461541,4229.26,6406.96,3326.4000000000005,0.0,137562.9230769231,1135013,1135012.9104000002,0.0,612.0,BW,Sackgasse,60000.0,5384.0,3554.0,2640.0,15390.0,23676.923076923078,18941.538461538465,0.2565,1.2825,5.0,76950.0,86420.76923076923,61560.0,73457.65384615384,0.293527024140141,10.0,41.0,1501.4634146341464,789.2307692307693,24.12041356509386,True,11578.0,1180.07,1180.07,248.0,2.44,19.17,34.33,35.3,4.53,4.67,23.41,15.76,28.35,0.55,58.23,2.31,18.96,68.48,0.08,31.8,19.29,8.6,8.71,107.65,0.17,0.58,0.02,5.97,2.82,4.27,2.22,0.0,91.62,755.94,755.94,0.0
EH15NHGI,EH15NHGI,EFH,Holz,15 kWh,Nahwärme kalt,hoch,Kreuzung,Gitter,258391,258391.3242665055,101573.18111999998,1584.7423200000005,18127.746,12694.668000000001,15936.323999999997,1411.2,5753.404799999999,10409.490000000003,2751.84,3016.272,141.12,14600.838000000002,99.11999999999999,15046.416,86313.0,1197.0,77605.48195204393,4134.110400000001,3376.3778160000015,0.0,26458,645.7500000000001,1368.0,63.0,48.6864,6647.34,8310.96,5140.800000000001,4233.599999999999,0.0,44047,44047.036578461535,0.0,120.0,EFH,Gitter,60000.0,6984.0,5586.0,4080.0,8202.6,,,0.15771000000000002,0.362775,2.5,21766.5,24607.8,16405.2,19686.24,0.6568475291780482,84.0,51.0,321.6705882352942,84.0,13.12547872354017,False,16650.0,803.28,803.28,315.77,4.93,56.35,39.46,49.54,4.39,17.89,32.36,8.55,9.38,0.44,45.39,0.31,46.78,268.33,3.72,241.26,12.85,10.5,0.0,82.25,2.01,4.25,0.2,0.15,20.67,25.84,15.98,13.16,0.0,136.93,136.93,0.0
EH15LHGI,EH15LHGI,EFH,Holz,15 kWh,LW Wärmepumpe,hoch,Kreuzung,Gitter,201871,201870.728013644,101573.18111999998,1584.7423200000005,18127.746,12694.668000000001,15936.323999999997,1411.2,5753.404799999999,10409.490000000003,2751.84,3016.272,141.12,14600.838000000002,99.11999999999999,15046.416,17517.0,1197.0,8809.482062562049,4134.110400000001,3376.3778160000015,0.0,26458,645.7500000000001,1368.0,63.0,48.6864,6647.34,8310.96,5140.800000000001,4233.599999999999,0.0,56322,56322.44021508198,0.0,120.0,EFH,Gitter,60000.0,6984.0,5586.0,4080.0,8202.6,,,0.15771000000000002,0.362775,2.5,21766.5,24607.8,16405.2,19686.24,0.6568475291780482,84.0,51.0,321.6705882352942,84.0,10.254407546268055,False,16650.0,627.57,627.57,315.77,4.93,56.35,39.46,49.54,4.39,17.89,32.36,8.55,9.38,0.44,45.39,0.31,46.78,54.46,3.72,27.39,12.85,10.5,0.0,82.25,2.01,4.25,0.2,0.15,20.67,25.84,15.98,13.16,0.0,175.09,175.09,0.0
EH15EHGI,EH15EHGI,EFH,Holz,15 kWh,Erdgas,hoch,Kreuzung,Gitter,250963,250963.10799270042,101573.18111999998,1584.7423200000005,18127.746,12694.668000000001,15936.323999999997,1411.2,5753.404799999999,10409.490000000003,2751.84,3016.272,141.12,14600.838000000002,99.11999999999999,15046.416,21971.3,1197.0,13263.857888700386,4134.110400000001,3376.3778160000015,0.0,26458,645.7500000000001,1368.0,63.0,48.6864,6647.34,8310.96,5140.800000000001,4233.599999999999,0.0,100960,100960.44436800001,0.0,120.0,EFH,Gitter,60000.0,6984.0,5586.0,4080.0,8202.6,,,0.15771000000000002,0.362775,2.5,21766.5,24607.8,16405.2,19686.24,0.6568475291780482,84.0,51.0,321.6705882352942,84.0,12.748148350964957,False,16650.0,780.19,780.19,315.77,4.93,56.35,39.46,49.54,4.39,17.89,32.36,8.55,9.38,0.44,45.39,0.31,46.78,68.3,3.72,41.23,12.85,10.5,0.0,82.25,2.01,4.25,0.2,0.15,20.67,25.84,15.98,13.16,0.0,313.86,313.86,0.0
EH30NHGI,EH30NHGI,EFH,Holz,30 kWh,Nahwärme kalt,hoch,Kreuzung,Gitter,280835,280835.1317967607,98406.99912,1584.7423200000005,16733.304,12694.668000000001,14457.695999999998,1411.2,5753.404799999999,10409.490000000003,2751.84,3016.272,141.12,14600.838000000002,99.11999999999999,14753.304,87946.1,1197.0,79238.64071306837,4134.110400000001,3376.3778160000015,0.0,26458,645.7500000000001,1368.0,63.0,48.6864,6647.34,8310.96,5140.800000000001,4233.599999999999,0.0,68024,68023.86734769231,0.0,120.0,EFH,Gitter,60000.0,6984.0,5586.0,4080.0,8202.6,,,0.15771000000000002,0.362775,2.5,21766.5,24607.8,16405.2,19686.24,0.6568475291780482,84.0,51.0,321.6705882352942,84.0,14.265554610568632,False,16650.0,873.05,873.05,305.92,4.93,52.02,39.46,44.95,4.39,17.89,32.36,8.55,9.38,0.44,45.39,0.31,45.86,273.4,3.72,246.33,12.85,10.5,0.0,82.25,2.01,4.25,0.2,0.15,20.67,25.84,15.98,13.16,0.0,211.47,211.47,0.0
EH30LHGI,EH30LHGI,EFH,Holz,30 kWh,LW Wärmepumpe,hoch,Kreuzung,Gitter,230484,230484.07841078728,98406.99912,1584.7423200000005,16733.304,12694.668000000001,14457.695999999998,1411.2,5753.404799999999,10409.490000000003,2751.84,3016.272,141.12,14600.838000000002,99.11999999999999,14753.304,18637.6,1197.0,9930.116099049554,4134.110400000001,3376.3778160000015,0.0,26458,645.7500000000001,1368.0,63.0,48.6864,6647.34,8310.96,5140.800000000001,4233.599999999999,0.0,86981,86981.33857573771,0.0,120.0,EFH,Gitter,60000.0,6984.0,5586.0,4080.0,8202.6,,,0.15771000000000002,0.362775,2.5,21766.5,24607.8,16405.2,19686.24,0.6568475291780482,84.0,51.0,321.6705882352942,84.0,11.707877096428126,False,16650.0,716.52,716.52,305.92,4.93,52.02,39.46,44.95,4.39,17.89,32.36,8.55,9.38,0.44,45.39,0.31,45.86,57.94,3.72,30.87,12.85,10.5,0.0,82.25,2.01,4.25,0.2,0.15,20.67,25.84,15.98,13.16,0.0,270.4,270.41,0.0
EH30EHGI,EH30EHGI,EFH,Holz,30 kWh,Erdgas,hoch,Kreuzung,Gitter,303418,303417.67734971386,98406.99912,1584.7423200000005,16733.304,12694.668000000001,14457.695999999998,1411.2,5753.404799999999,10409.490000000003,2751.84,3016.272,141.12,14600.838000000002,99.11999999999999,14753.304,22634.7,1197.0,13927.18924571386,4134.110400000001,3376.3778160000015,0.0,26458,645.7500000000001,1368.0,63.0,48.6864,6647.34,8310.96,5140.800000000001,4233.599999999999,0.0,155918,155917.864368,0.0,120.0,EFH,Gitter,60000.0,6984.0,5586.0,4080.0,8202.6,,,0.15771000000000002,0.362775,2.5,21766.5,24607.8,16405.2,19686.24,0.6568475291780482,84.0,51.0,321.6705882352942,84.0,15.412677959311369,False,16650.0,943.26,943.26,305.92,4.93,52.02,39.46,44.95,4.39,17.89,32.36,8.55,9.38,0.44,45.39,0.31,45.86,70.37,3.72,43.3,12.85,10.5,0.0,82.25,2.01,4.25,0.2,0.15,20.67,25.84,15.98,13.16,0.0,484.71,484.71,0.0
EH70NHGI,EH70NHGI,EFH,Holz,70 kWh,Nahwärme kalt,hoch,Kreuzung,Gitter,345092,345091.90522977617,94947.70512,1584.7423200000005,15338.862000000001,12694.668000000001,12979.067999999997,1411.2,5753.404799999999,10409.490000000003,2751.84,3016.272,141.12,14600.838000000002,99.11999999999999,14167.08,91724.0,1197.0,83016.49276146846,4134.110400000001,3376.3778160000015,0.0,26458,645.7500000000001,1368.0,63.0,48.6864,6647.34,8310.96,5140.800000000001,4233.599999999999,0.0,131962,131962.0827323077,0.0,120.0,EFH,Gitter,60000.0,6984.0,5586.0,4080.0,8202.6,,,0.15771000000000002,0.362775,2.5,21766.5,24607.8,16405.2,19686.24,0.6568475291780482,84.0,51.0,321.6705882352942,84.0,17.529599620332583,False,16650.0,1072.81,1072.81,295.17,4.93,47.68,39.46,40.35,4.39,17.89,32.36,8.55,9.38,0.44,45.39,0.31,44.04,285.15,3.72,258.08,12.85,10.5,0.0,82.25,2.01,4.25,0.2,0.15,20.67,25.84,15.98,13.16,0.0,410.24,410.24,0.0
EH70LHGI,EH70LHGI,EFH,Holz,70 kWh,LW Wärmepumpe,hoch,Kreuzung,Gitter,311194,311193.7403720136,94947.70512,1584.7423200000005,15338.862000000001,12694.668000000001,12979.067999999997,1411.2,5753.404799999999,10409.490000000003,2751.84,3016.272,141.12,14600.838000000002,99.11999999999999,14167.08,21049.5,1197.0,12342.009765193921,4134.110400000001,3376.3778160000015,0.0,26458,645.7500000000001,1368.0,63.0,48.6864,6647.34,8310.96,5140.800000000001,4233.599999999999,0.0,168738,168738.40087081966,0.0,120.0,EFH,Gitter,60000.0,6984.0,5586.0,4080.0,8202.6,,,0.15771000000000002,0.362775,2.5,21766.5,24607.8,16405.2,19686.24,0.6568475291780482,84.0,51.0,321.6705882352942,84.0,15.807677869009702,False,16650.0,967.43,967.43,295.17,4.93,47.68,39.46,40.35,4.39,17.89,32.36,8.55,9.38,0.44,45.39,0.31,44.04,65.44,3.72,38.37,12.85,10.5,0.0,82.25,2.01,4.25,0.2,0.15,20.67,25.84,15.98,13.16,0.0,524.57,524.57,0.0
EH70EHGI,EH70EHGI,EFH,Holz,70 kWh,Erdgas,hoch,Kreuzung,Gitter,447970,447970.0270407543,94947.70512,1584.7423200000005,15338.862000000001,12694.668000000001,12979.067999999997,1411.2,5753.404799999999,10409.490000000003,2751.84,3016.272,141.12,14600.838000000002,99.11999999999999,14167.08,24093.2,1197.0,15385.712936754386,4134.110400000001,3376.3778160000015,0.0,26458,645.7500000000001,1368.0,63.0,48.6864,6647.34,8310.96,5140.800000000001,4233.599999999999,0.0,302471,302470.98436799995,0.0,120.0,EFH,Gitter,60000.0,6984.0,5586.0,4080.0,8202.6,,,0.15771000000000002,0.362775,2.5,21766.5,24607.8,16405.2,19686.24,0.6568475291780482,84.0,51.0,321.6705882352942,84.0,22.75548947085651,False,16650.0,1392.64,1392.64,295.17,4.93,47.68,39.46,40.35,4.39,17.89,32.36,8.55,9.38,0.44,45.39,0.31,44.04,74.9,3.72,47.83,12.85,10.5,0.0,82.25,2.01,4.25,0.2,0.15,20.67,25.84,15.98,13.16,0.0,940.31,940.31,0.0
EM15NHGI,EM15NHGI,EFH,Massiv,15 kWh,Nahwärme kalt,hoch,Kreuzung,Gitter,280046,280045.64826650545,123227.50511999999,1584.7423200000005,18127.746,12694.668000000001,33679.85999999999,1411.2,5753.404799999999,10409.490000000003,4263.84,3978.9120000000003,141.12,16036.986000000003,99.11999999999999,15046.416,86313.0,1197.0,77605.48195204393,4134.110400000001,3376.3778160000015,0.0,26458,645.7500000000001,1368.0,63.0,48.6864,6647.34,8310.96,5140.800000000001,4233.599999999999,0.0,44047,44047.036578461535,0.0,120.0,EFH,Gitter,60000.0,6984.0,5586.0,4080.0,8202.6,,,0.15771000000000002,0.362775,2.5,21766.5,24607.8,16405.2,19686.24,0.6568475291780482,84.0,51.0,321.6705882352942,84.0,14.225451293213201,False,16650.0,870.6,870.6,383.09,4.93,56.35,39.46,104.7,4.39,17.89,32.36,13.26,12.37,0.44,49.86,0.31,46.78,268.33,3.72,241.26,12.85,10.5,0.0,82.25,2.01,4.25,0.2,0.15,20.67,25.84,15.98,13.16,0.0,136.93,136.93,0.0
EM15LHGI,EM15LHGI,EFH,Massiv,15 kWh,LW Wärmepumpe,hoch,Kreuzung,Gitter,223525,223525.05201364402,123227.50511999999,1584.7423200000005,18127.746,12694.668000000001,33679.85999999999,1411.2,5753.404799999999,10409.490000000003,4263.84,3978.9120000000003,141.12,16036.986000000003,99.11999999999999,15046.416,17517.0,1197.0,8809.482062562049,4134.110400000001,3376.3778160000015,0.0,26458,645.7500000000001,1368.0,63.0,48.6864,6647.34,8310.96,5140.800000000001,4233.599999999999,0.0,56322,56322.44021508198,0.0,120.0,EFH,Gitter,60000.0,6984.0,5586.0,4080.0,8202.6,,,0.15771000000000002,0.362775,2.5,21766.5,24607.8,16405.2,19686.24,0.6568475291780482,84.0,51.0,321.6705882352942,84.0,11.354380115941083,False,16650.0,694.89,694.89,383.09,4.93,56.35,39.46,104.7,4.39,17.89,32.36,13.26,12.37,0.44,49.86,0.31,46.78,54.46,3.72,27.39,12.85,10.5,0.0,82.25,2.01,4.25,0.2,0.15,20.67,25.84,15.98,13.16,0.0,175.09,175.09,0.0
EM15EHGI,EM15EHGI,EFH,Massiv,15 kWh,Erdgas,hoch,Kreuzung,Gitter,272617,272617.4319927004,123227.50511999999,1584.7423200000005,18127.746,12694.668000000001,33679.85999999999,1411.2,5753.404799999999,10409.490000000003,4263.84,3978.9120000000003,141.12,16036.986000000003,99.11999999999999,15046.416,21971.3,1197.0,13263.857888700386,4134.110400000001,3376.3778160000015,0.0,26458,645.7500000000001,1368.0,63.0,48.6864,6647.34,8310.96,5140.800000000001,4233.599999999999,0.0,100960,100960.44436800001,0.0,120.0,EFH,Gitter,60000.0,6984.0,5586.0,4080.0,8202.6,,,0.15771000000000002,0.362775,2.5,21766.5,24607.8,16405.2,19686.24,0.6568475291780482,84.0,51.0,321.6705882352942,84.0,13.848120920637989,False,16650.0,847.5,847.51,383.09,4.93,56.35,39.46,104.7,4.39,17.89,32.36,13.26,12.37,0.44,49.86,0.31,46.78,68.3,3.72,41.23,12.85,10.5,0.0,82.25,2.01,4.25,0.2,0.15,20.67,25.84,15.98,13.16,0.0,313.86,313.86,0.0
EM30NHGI,EM30NHGI,EFH,Massiv,30 kWh,Nahwärme kalt,hoch,Kreuzung,Gitter,302161,302160.8717967607,119732.73912,1584.7423200000005,16733.304,12694.668000000001,31872.647999999994,1411.2,5753.404799999999,10409.490000000003,4263.84,3978.9120000000003,141.12,16036.986000000003,99.11999999999999,14753.304,87946.1,1197.0,79238.64071306837,4134.110400000001,3376.3778160000015,0.0,26458,645.7500000000001,1368.0,63.0,48.6864,6647.34,8310.96,5140.800000000001,4233.599999999999,0.0,68024,68023.86734769231,0.0,120.0,EFH,Gitter,60000.0,6984.0,5586.0,4080.0,8202.6,,,0.15771000000000002,0.362775,2.5,21766.5,24607.8,16405.2,19686.24,0.6568475291780482,84.0,51.0,321.6705882352942,84.0,15.348836131062136,False,16650.0,939.35,939.35,372.22,4.93,52.02,39.46,99.08,4.39,17.89,32.36,13.26,12.37,0.44,49.86,0.31,45.86,273.4,3.72,246.33,12.85,10.5,0.0,82.25,2.01,4.25,0.2,0.15,20.67,25.84,15.98,13.16,0.0,211.47,211.47,0.0
EM30LHGI,EM30LHGI,EFH,Massiv,30 kWh,LW Wärmepumpe,hoch,Kreuzung,Gitter,251810,251809.81841078727,119732.73912,1584.7423200000005,16733.304,12694.668000000001,31872.647999999994,1411.2,5753.404799999999,10409.490000000003,4263.84,3978.9120000000003,141.12,16036.986000000003,99.11999999999999,14753.304,18637.6,1197.0,9930.116099049554,4134.110400000001,3376.3778160000015,0.0,26458,645.7500000000001,1368.0,63.0,48.6864,6647.34,8310.96,5140.800000000001,4233.599999999999,0.0,86981,86981.33857573771,0.0,120.0,EFH,Gitter,60000.0,6984.0,5586.0,4080.0,8202.6,,,0.15771000000000002,0.362775,2.5,21766.5,24607.8,16405.2,19686.24,0.6568475291780482,84.0,51.0,321.6705882352942,84.0,12.79115861692163,False,16650.0,782.82,782.82,372.22,4.93,52.02,39.46,99.08,4.39,17.89,32.36,13.26,12.37,0.44,49.86,0.31,45.86,57.94,3.72,30.87,12.85,10.5,0.0,82.25,2.01,4.25,0.2,0.15,20.67,25.84,15.98,13.16,0.0,270.4,270.41,0.0
EM30EHGI,EM30EHGI,EFH,Massiv,30 kWh,Erdgas,hoch,Kreuzung,Gitter,324743,324743.41734971385,119732.73912,1584.7423200000005,16733.304,12694.668000000001,31872.647999999994,1411.2,5753.404799999999,10409.490000000003,4263.84,3978.9120000000003,141.12,16036.986000000003,99.11999999999999,14753.304,22634.7,1197.0,13927.18924571386,4134.110400000001,3376.3778160000015,0.0,26458,645.7500000000001,1368.0,63.0,48.6864,6647.34,8310.96,5140.800000000001,4233.599999999999,0.0,155918,155917.864368,0.0,120.0,EFH,Gitter,60000.0,6984.0,5586.0,4080.0,8202.6,,,0.15771000000000002,0.362775,2.5,21766.5,24607.8,16405.2,19686.24,0.6568475291780482,84.0,51.0,321.6705882352942,84.0,16.495959479804874,False,16650.0,1009.55,1009.55,372.22,4.93,52.02,39.46,99.08,4.39,17.89,32.36,13.26,12.37,0.44,49.86,0.31,45.86,70.37,3.72,43.3,12.85,10.5,0.0,82.25,2.01,4.25,0.2,0.15,20.67,25.84,15.98,13.16,0.0,484.71,484.71,0.0
EM70NHGI,EM70NHGI,EFH,Massiv,70 kWh,Nahwärme kalt,hoch,Kreuzung,Gitter,364118,364117.55722977617,113973.35711999999,1584.7423200000005,15338.862000000001,12694.668000000001,28093.931999999993,1411.2,5753.404799999999,10409.490000000003,4263.84,3978.9120000000003,141.12,16036.986000000003,99.11999999999999,14167.08,91724.0,1197.0,83016.49276146846,4134.110400000001,3376.3778160000015,0.0,26458,645.7500000000001,1368.0,63.0,48.6864,6647.34,8310.96,5140.800000000001,4233.599999999999,0.0,131962,131962.0827323077,0.0,120.0,EFH,Gitter,60000.0,6984.0,5586.0,4080.0,8202.6,,,0.15771000000000002,0.362775,2.5,21766.5,24607.8,16405.2,19686.24,0.6568475291780482,84.0,51.0,321.6705882352942,84.0,18.496043796569385,False,16650.0,1131.96,1131.96,354.32,4.93,47.68,39.46,87.34,4.39,17.89,32.36,13.26,12.37,0.44,49.86,0.31,44.04,285.15,3.72,258.08,12.85,10.5,0.0,82.25,2.01,4.25,0.2,0.15,20.67,25.84,15.98,13.16,0.0,410.24,410.24,0.0
EM70LHGI,EM70LHGI,EFH,Massiv,70 kWh,LW Wärmepumpe,hoch,Kreuzung,Gitter,330219,330219.39237201354,113973.35711999999,1584.7423200000005,15338.862000000001,12694.668000000001,28093.931999999993,1411.2,5753.404799999999,10409.490000000003,4263.84,3978.9120000000003,141.12,16036.986000000003,99.11999999999999,14167.08,21049.5,1197.0,12342.009765193921,4134.110400000001,3376.3778160000015,0.0,26458,645.7500000000001,1368.0,63.0,48.6864,6647.34,8310.96,5140.800000000001,4233.599999999999,0.0,168738,168738.40087081966,0.0,120.0,EFH,Gitter,60000.0,6984.0,5586.0,4080.0,8202.6,,,0.15771000000000002,0.362775,2.5,21766.5,24607.8,16405.2,19686.24,0.6568475291780482,84.0,51.0,321.6705882352942,84.0,16.774122045246507,False,16650.0,1026.58,1026.58,354.32,4.93,47.68,39.46,87.34,4.39,17.89,32.36,13.26,12.37,0.44,49.86,0.31,44.04,65.44,3.72,38.37,12.85,10.5,0.0,82.25,2.01,4.25,0.2,0.15,20.67,25.84,15.98,13.16,0.0,524.57,524.57,0.0
EM70EHGI,EM70EHGI,EFH,Massiv,70 kWh,Erdgas,hoch,Kreuzung,Gitter,466996,466995.67904075433,113973.35711999999,1584.7423200000005,15338.862000000001,12694.668000000001,28093.931999999993,1411.2,5753.404799999999,10409.490000000003,4263.84,3978.9120000000003,141.12,16036.986000000003,99.11999999999999,14167.08,24093.2,1197.0,15385.712936754386,4134.110400000001,3376.3778160000015,0.0,26458,645.7500000000001,1368.0,63.0,48.6864,6647.34,8310.96,5140.800000000001,4233.599999999999,0.0,302471,302470.98436799995,0.0,120.0,EFH,Gitter,60000.0,6984.0,5586.0,4080.0,8202.6,,,0.15771000000000002,0.362775,2.5,21766.5,24607.8,16405.2,19686.24,0.6568475291780482,84.0,51.0,321.6705882352942,84.0,23.721933647093316,False,16650.0,1451.78,1451.78,354.32,4.93,47.68,39.46,87.34,4.39,17.89,32.36,13.26,12.37,0.44,49.86,0.31,44.04,74.9,3.72,47.83,12.85,10.5,0.0,82.25,2.01,4.25,0.2,0.15,20.67,25.84,15.98,13.16,0.0,940.31,940.31,0.0
DH15NHGI,DH15NHGI,DH,Holz,15 kWh,Nahwärme kalt,hoch,Kreuzung,Gitter,349561,349561.3990913767,138370.80285714287,2202.4800000000005,25194.0,17822.4,17980.308,1512.0,6730.151999999999,14467.142857142859,3847.2000000000003,5019.599999999999,151.2,20569.2,70.8,22804.32,121775.0,855.0,110477.91638808,5745.599999999999,4696.464,0.0,28199,559.6500000000001,1368.0,54.6,69.552,6647.34,8310.96,5140.800000000001,6048.0,0.0,61217,61216.71384615384,0.0,220.0,DH,Gitter,60000.0,6984.0,5586.0,4080.0,11400.0,,,0.22,0.505,2.5,30300.0,34200.0,22800.0,27360.0,0.5078101071975498,60.0,47.0,485.10638297872345,120.0,12.776366925854413,False,16650.0,720.59,720.59,285.24,4.54,51.93,36.74,37.06,3.12,13.87,29.82,7.93,10.35,0.31,42.4,0.15,47.01,251.03,1.76,227.74,11.84,9.68,0.0,58.13,1.15,2.82,0.11,0.14,13.7,17.13,10.6,12.47,0.0,126.19,126.19,0.0
DH15LHGI,DH15LHGI,DH,Holz,15 kWh,LW Wärmepumpe,hoch,Kreuzung,Gitter,266823,266823.2875071796,138370.80285714287,2202.4800000000005,25194.0,17822.4,17980.308,1512.0,6730.151999999999,14467.142857142859,3847.2000000000003,5019.599999999999,151.2,20569.2,70.8,22804.32,21976.5,855.0,10679.40914184,5745.599999999999,4696.464,0.0,28199,559.6500000000001,1368.0,54.6,69.552,6647.34,8310.96,5140.800000000001,6048.0,0.0,78277,78277.10950819672,0.0,220.0,DH,Gitter,60000.0,6984.0,5586.0,4080.0,11400.0,,,0.22,0.505,2.5,30300.0,34200.0,22800.0,27360.0,0.5078101071975498,60.0,47.0,485.10638297872345,120.0,9.752313139882295,False,16650.0,550.03,550.03,285.24,4.54,51.93,36.74,37.06,3.12,13.87,29.82,7.93,10.35,0.31,42.4,0.15,47.01,45.3,1.76,22.01,11.84,9.68,0.0,58.13,1.15,2.82,0.11,0.14,13.7,17.13,10.6,12.47,0.0,161.36,161.36,0.0
DH15EHGI,DH15EHGI,DH,Holz,15 kWh,Erdgas,hoch,Kreuzung,Gitter,331736,331735.8006607748,138370.80285714287,2202.4800000000005,25194.0,17822.4,17980.308,1512.0,6730.151999999999,14467.142857142859,3847.2000000000003,5019.599999999999,151.2,20569.2,70.8,22804.32,24850.9,855.0,13553.879803632,5745.599999999999,4696.464,0.0,28199,559.6500000000001,1368.0,54.6,69.552,6647.34,8310.96,5140.800000000001,6048.0,0.0,140315,140315.15199999997,0.0,220.0,DH,Gitter,60000.0,6984.0,5586.0,4080.0,11400.0,,,0.22,0.505,2.5,30300.0,34200.0,22800.0,27360.0,0.5078101071975498,60.0,47.0,485.10638297872345,120.0,12.124846515379197,False,16650.0,683.84,683.84,285.24,4.54,51.93,36.74,37.06,3.12,13.87,29.82,7.93,10.35,0.31,42.4,0.15,47.01,51.23,1.76,27.94,11.84,9.68,0.0,58.13,1.15,2.82,0.11,0.14,13.7,17.13,10.6,12.47,0.0,289.25,289.25,0.0
DH30NHGI,DH30NHGI,DH,Holz,30 kWh,Nahwärme kalt,hoch,Kreuzung,Gitter,381033,381032.5340297176,134320.28685714287,2202.4800000000005,23256.0,17822.4,16312.032000000001,1512.0,6730.151999999999,14467.142857142859,3847.2000000000003,5019.599999999999,151.2,20569.2,70.8,22360.08,123973.6,855.0,112676.490403344,5745.599999999999,4696.464,0.0,28199,559.6500000000001,1368.0,54.6,69.552,6647.34,8310.96,5140.800000000001,6048.0,0.0,94540,94539.79076923076,0.0,220.0,DH,Gitter,60000.0,6984.0,5586.0,4080.0,11400.0,,,0.22,0.505,2.5,30300.0,34200.0,22800.0,27360.0,0.5078101071975498,60.0,47.0,485.10638297872345,120.0,13.926627705764535,False,16650.0,785.46,785.46,276.89,4.54,47.94,36.74,33.63,3.12,13.87,29.82,7.93,10.35,0.31,42.4,0.15,46.09,255.56,1.76,232.27,11.84,9.68,0.0,58.13,1.15,2.82,0.11,0.14,13.7,17.13,10.6,12.47,0.0,194.89,194.88,0.0
DH30LHGI,DH30LHGI,DH,Holz,30 kWh,LW Wärmepumpe,hoch,Kreuzung,Gitter,306869,306868.79200932937,134320.28685714287,2202.4800000000005,23256.0,17822.4,16312.032000000001,1512.0,6730.151999999999,14467.142857142859,3847.2000000000003,5019.599999999999,151.2,20569.2,70.8,22360.08,23462.7,855.0,12165.593578416,5745.599999999999,4696.464,0.0,28199,559.6500000000001,1368.0,54.6,69.552,6647.34,8310.96,5140.800000000001,6048.0,0.0,120887,120886.9455737705,0.0,220.0,DH,Gitter,60000.0,6984.0,5586.0,4080.0,11400.0,,,0.22,0.505,2.5,30300.0,34200.0,22800.0,27360.0,0.5078101071975498,60.0,47.0,485.10638297872345,120.0,11.215964620224028,False,16650.0,632.58,632.58,276.89,4.54,47.94,36.74,33.63,3.12,13.87,29.82,7.93,10.35,0.31,42.4,0.15,46.09,48.37,1.76,25.08,11.84,9.68,0.0,58.13,1.15,2.82,0.11,0.14,13.7,17.13,10.6,12.47,0.0,249.2,249.2,0.0
DH30EHGI,DH30EHGI,DH,Holz,30 kWh,Erdgas,hoch,Kreuzung,Gitter,405016,405016.4945905028,134320.28685714287,2202.4800000000005,23256.0,17822.4,16312.032000000001,1512.0,6730.151999999999,14467.142857142859,3847.2000000000003,5019.599999999999,151.2,20569.2,70.8,22360.08,25802.2,855.0,14505.08973336,5745.599999999999,4696.464,0.0,28199,559.6500000000001,1368.0,54.6,69.552,6647.34,8310.96,5140.800000000001,6048.0,0.0,216695,216695.15199999997,0.0,220.0,DH,Gitter,60000.0,6984.0,5586.0,4080.0,11400.0,,,0.22,0.505,2.5,30300.0,34200.0,22800.0,27360.0,0.5078101071975498,60.0,47.0,485.10638297872345,120.0,14.803234451407269,False,16650.0,834.9,834.9,276.89,4.54,47.94,36.74,33.63,3.12,13.87,29.82,7.93,10.35,0.31,42.4,0.15,46.09,53.19,1.76,29.9,11.84,9.68,0.0,58.13,1.15,2.82,0.11,0.14,13.7,17.13,10.6,12.47,0.0,446.7,446.7,0.0
DH70NHGI,DH70NHGI,DH,Holz,70 kWh,Nahwärme kalt,hoch,Kreuzung,Gitter,469553,469553.40035567223,129825.53085714288,2202.4800000000005,21318.0,17822.4,14643.756000000001,1512.0,6730.151999999999,14467.142857142859,3847.2000000000003,5019.599999999999,151.2,20569.2,70.8,21471.6,128127.6,855.0,116830.57426776002,5745.599999999999,4696.464,0.0,28199,559.6500000000001,1368.0,54.6,69.552,6647.34,8310.96,5140.800000000001,6048.0,0.0,183401,183401.32923076928,0.0,220.0,DH,Gitter,60000.0,6984.0,5586.0,4080.0,11400.0,,,0.22,0.505,2.5,30300.0,34200.0,22800.0,27360.0,0.5078101071975498,60.0,47.0,485.10638297872345,120.0,17.162039486683923,False,16650.0,967.94,967.94,267.62,4.54,43.94,36.74,30.19,3.12,13.87,29.82,7.93,10.35,0.31,42.4,0.15,44.26,264.12,1.76,240.83,11.84,9.68,0.0,58.13,1.15,2.82,0.11,0.14,13.7,17.13,10.6,12.47,0.0,378.06,378.06,0.0
DH70LHGI,DH70LHGI,DH,Holz,70 kWh,LW Wärmepumpe,hoch,Kreuzung,Gitter,418255,418254.6438314781,129825.53085714288,2202.4800000000005,21318.0,17822.4,14643.756000000001,1512.0,6730.151999999999,14467.142857142859,3847.2000000000003,5019.599999999999,151.2,20569.2,70.8,21471.6,25717.0,855.0,14419.971892367997,5745.599999999999,4696.464,0.0,28199,559.6500000000001,1368.0,54.6,69.552,6647.34,8310.96,5140.800000000001,6048.0,0.0,234513,234513.17508196717,0.0,220.0,DH,Gitter,60000.0,6984.0,5586.0,4080.0,11400.0,,,0.22,0.505,2.5,30300.0,34200.0,22800.0,27360.0,0.5078101071975498,60.0,47.0,485.10638297872345,120.0,15.28708493536104,False,16650.0,862.19,862.19,267.62,4.54,43.94,36.74,30.19,3.12,13.87,29.82,7.93,10.35,0.31,42.4,0.15,44.26,53.01,1.76,29.73,11.84,9.68,0.0,58.13,1.15,2.82,0.11,0.14,13.7,17.13,10.6,12.47,0.0,483.43,483.43,0.0
DH70EHGI,DH70EHGI,DH,Holz,70 kWh,Erdgas,hoch,Kreuzung,Gitter,605234,605234.1906339109,129825.53085714288,2202.4800000000005,21318.0,17822.4,14643.756000000001,1512.0,6730.151999999999,14467.142857142859,3847.2000000000003,5019.599999999999,151.2,20569.2,70.8,21471.6,26834.6,855.0,15537.541776768001,5745.599999999999,4696.464,0.0,28199,559.6500000000001,1368.0,54.6,69.552,6647.34,8310.96,5140.800000000001,6048.0,0.0,420375,420375.152,0.0,220.0,DH,Gitter,60000.0,6984.0,5586.0,4080.0,11400.0,,,0.22,0.505,2.5,30300.0,34200.0,22800.0,27360.0,0.5078101071975498,60.0,47.0,485.10638297872345,120.0,22.121132698607852,False,16650.0,1247.63,1247.63,267.62,4.54,43.94,36.74,30.19,3.12,13.87,29.82,7.93,10.35,0.31,42.4,0.15,44.26,55.32,1.76,32.03,11.84,9.68,0.0,58.13,1.15,2.82,0.11,0.14,13.7,17.13,10.6,12.47,0.0,866.56,866.56,0.0
DM15NHGI,DM15NHGI,DH,Massiv,15 kWh,Nahwärme kalt,hoch,Kreuzung,Gitter,375462,375461.9110913767,164271.31485714286,2202.4800000000005,25194.0,17822.4,37999.62,1512.0,6730.151999999999,14467.142857142859,6103.200000000001,6621.6,151.2,22592.4,70.8,22804.32,121775.0,855.0,110477.91638808,5745.599999999999,4696.464,0.0,28199,559.6500000000001,1368.0,54.6,69.552,6647.34,8310.96,5140.800000000001,6048.0,0.0,61217,61216.71384615384,0.0,220.0,DH,Gitter,60000.0,6984.0,5586.0,4080.0,11400.0,,,0.22,0.505,2.5,30300.0,34200.0,22800.0,27360.0,0.5078101071975498,60.0,47.0,485.10638297872345,120.0,13.723023066205291,False,16650.0,773.98,773.98,338.63,4.54,51.93,36.74,78.33,3.12,13.87,29.82,12.58,13.65,0.31,46.57,0.15,47.01,251.03,1.76,227.74,11.84,9.68,0.0,58.13,1.15,2.82,0.11,0.14,13.7,17.13,10.6,12.47,0.0,126.19,126.19,0.0
DM15LHGI,DM15LHGI,DH,Massiv,15 kWh,LW Wärmepumpe,hoch,Kreuzung,Gitter,292724,292723.7995071796,164271.31485714286,2202.4800000000005,25194.0,17822.4,37999.62,1512.0,6730.151999999999,14467.142857142859,6103.200000000001,6621.6,151.2,22592.4,70.8,22804.32,21976.5,855.0,10679.40914184,5745.599999999999,4696.464,0.0,28199,559.6500000000001,1368.0,54.6,69.552,6647.34,8310.96,5140.800000000001,6048.0,0.0,78277,78277.10950819672,0.0,220.0,DH,Gitter,60000.0,6984.0,5586.0,4080.0,11400.0,,,0.22,0.505,2.5,30300.0,34200.0,22800.0,27360.0,0.5078101071975498,60.0,47.0,485.10638297872345,120.0,10.698969280233174,False,16650.0,603.42,603.42,338.63,4.54,51.93,36.74,78.33,3.12,13.87,29.82,12.58,13.65,0.31,46.57,0.15,47.01,45.3,1.76,22.01,11.84,9.68,0.0,58.13,1.15,2.82,0.11,0.14,13.7,17.13,10.6,12.47,0.0,161.36,161.36,0.0
DM15EHGI,DM15EHGI,DH,Massiv,15 kWh,Erdgas,hoch,Kreuzung,Gitter,357636,357636.3126607748,164271.31485714286,2202.4800000000005,25194.0,17822.4,37999.62,1512.0,6730.151999999999,14467.142857142859,6103.200000000001,6621.6,151.2,22592.4,70.8,22804.32,24850.9,855.0,13553.879803632,5745.599999999999,4696.464,0.0,28199,559.6500000000001,1368.0,54.6,69.552,6647.34,8310.96,5140.800000000001,6048.0,0.0,140315,140315.15199999997,0.0,220.0,DH,Gitter,60000.0,6984.0,5586.0,4080.0,11400.0,,,0.22,0.505,2.5,30300.0,34200.0,22800.0,27360.0,0.5078101071975498,60.0,47.0,485.10638297872345,120.0,13.071502655730075,False,16650.0,737.23,737.23,338.63,4.54,51.93,36.74,78.33,3.12,13.87,29.82,12.58,13.65,0.31,46.57,0.15,47.01,51.23,1.76,27.94,11.84,9.68,0.0,58.13,1.15,2.82,0.11,0.14,13.7,17.13,10.6,12.47,0.0,289.25,289.25,0.0
DM30NHGI,DM30NHGI,DH,Massiv,30 kWh,Nahwärme kalt,hoch,Kreuzung,Gitter,406562,406562.3180297176,159850.07085714285,2202.4800000000005,23256.0,17822.4,35960.616,1512.0,6730.151999999999,14467.142857142859,6103.200000000001,6621.6,151.2,22592.4,70.8,22360.08,123973.6,855.0,112676.490403344,5745.599999999999,4696.464,0.0,28199,559.6500000000001,1368.0,54.6,69.552,6647.34,8310.96,5140.800000000001,6048.0,0.0,94540,94539.79076923076,0.0,220.0,DH,Gitter,60000.0,6984.0,5586.0,4080.0,11400.0,,,0.22,0.505,2.5,30300.0,34200.0,22800.0,27360.0,0.5078101071975498,60.0,47.0,485.10638297872345,120.0,14.859733846115411,False,16650.0,838.09,838.09,329.52,4.54,47.94,36.74,74.13,3.12,13.87,29.82,12.58,13.65,0.31,46.57,0.15,46.09,255.56,1.76,232.27,11.84,9.68,0.0,58.13,1.15,2.82,0.11,0.14,13.7,17.13,10.6,12.47,0.0,194.89,194.88,0.0
DM30LHGI,DM30LHGI,DH,Massiv,30 kWh,LW Wärmepumpe,hoch,Kreuzung,Gitter,332399,332398.57600932935,159850.07085714285,2202.4800000000005,23256.0,17822.4,35960.616,1512.0,6730.151999999999,14467.142857142859,6103.200000000001,6621.6,151.2,22592.4,70.8,22360.08,23462.7,855.0,12165.593578416,5745.599999999999,4696.464,0.0,28199,559.6500000000001,1368.0,54.6,69.552,6647.34,8310.96,5140.800000000001,6048.0,0.0,120887,120886.9455737705,0.0,220.0,DH,Gitter,60000.0,6984.0,5586.0,4080.0,11400.0,,,0.22,0.505,2.5,30300.0,34200.0,22800.0,27360.0,0.5078101071975498,60.0,47.0,485.10638297872345,120.0,12.149070760574904,False,16650.0,685.21,685.21,329.52,4.54,47.94,36.74,74.13,3.12,13.87,29.82,12.58,13.65,0.31,46.57,0.15,46.09,48.37,1.76,25.08,11.84,9.68,0.0,58.13,1.15,2.82,0.11,0.14,13.7,17.13,10.6,12.47,0.0,249.2,249.2,0.0
DM30EHGI,DM30EHGI,DH,Massiv,30 kWh,Erdgas,hoch,Kreuzung,Gitter,430546,430546.2785905028,159850.07085714285,2202.4800000000005,23256.0,17822.4,35960.616,1512.0,6730.151999999999,14467.142857142859,6103.200000000001,6621.6,151.2,22592.4,70.8,22360.08,25802.2,855.0,14505.08973336,5745.599999999999,4696.464,0.0,28199,559.6500000000001,1368.0,54.6,69.552,6647.34,8310.96,5140.800000000001,6048.0,0.0,216695,216695.15199999997,0.0,220.0,DH,Gitter,60000.0,6984.0,5586.0,4080.0,11400.0,,,0.22,0.505,2.5,30300.0,34200.0,22800.0,27360.0,0.5078101071975498,60.0,47.0,485.10638297872345,120.0,15.736340591758147,False,16650.0,887.53,887.53,329.52,4.54,47.94,36.74,74.13,3.12,13.87,29.82,12.58,13.65,0.31,46.57,0.15,46.09,53.19,1.76,29.9,11.84,9.68,0.0,58.13,1.15,2.82,0.11,0.14,13.7,17.13,10.6,12.47,0.0,446.7,446.7,0.0
DM70NHGI,DM70NHGI,DH,Massiv,70 kWh,Nahwärme kalt,hoch,Kreuzung,Gitter,492488,492488.0883556722,152760.21885714287,2202.4800000000005,21318.0,17822.4,31697.244000000002,1512.0,6730.151999999999,14467.142857142859,6103.200000000001,6621.6,151.2,22592.4,70.8,21471.6,128127.6,855.0,116830.57426776002,5745.599999999999,4696.464,0.0,28199,559.6500000000001,1368.0,54.6,69.552,6647.34,8310.96,5140.800000000001,6048.0,0.0,183401,183401.32923076928,0.0,220.0,DH,Gitter,60000.0,6984.0,5586.0,4080.0,11400.0,,,0.22,0.505,2.5,30300.0,34200.0,22800.0,27360.0,0.5078101071975498,60.0,47.0,485.10638297872345,120.0,18.000295627034802,False,16650.0,1015.22,1015.22,314.9,4.54,43.94,36.74,65.34,3.12,13.87,29.82,12.58,13.65,0.31,46.57,0.15,44.26,264.12,1.76,240.83,11.84,9.68,0.0,58.13,1.15,2.82,0.11,0.14,13.7,17.13,10.6,12.47,0.0,378.06,378.06,0.0
DM70LHGI,DM70LHGI,DH,Massiv,70 kWh,LW Wärmepumpe,hoch,Kreuzung,Gitter,441189,441189.33183147805,152760.21885714287,2202.4800000000005,21318.0,17822.4,31697.244000000002,1512.0,6730.151999999999,14467.142857142859,6103.200000000001,6621.6,151.2,22592.4,70.8,21471.6,25717.0,855.0,14419.971892367997,5745.599999999999,4696.464,0.0,28199,559.6500000000001,1368.0,54.6,69.552,6647.34,8310.96,5140.800000000001,6048.0,0.0,234513,234513.17508196717,0.0,220.0,DH,Gitter,60000.0,6984.0,5586.0,4080.0,11400.0,,,0.22,0.505,2.5,30300.0,34200.0,22800.0,27360.0,0.5078101071975498,60.0,47.0,485.10638297872345,120.0,16.125341075711916,False,16650.0,909.47,909.47,314.9,4.54,43.94,36.74,65.34,3.12,13.87,29.82,12.58,13.65,0.31,46.57,0.15,44.26,53.01,1.76,29.73,11.84,9.68,0.0,58.13,1.15,2.82,0.11,0.14,13.7,17.13,10.6,12.47,0.0,483.43,483.43,0.0
DM70EHGI,DM70EHGI,DH,Massiv,70 kWh,Erdgas,hoch,Kreuzung,Gitter,628169,628168.8786339109,152760.21885714287,2202.4800000000005,21318.0,17822.4,31697.244000000002,1512.0,6730.151999999999,14467.142857142859,6103.200000000001,6621.6,151.2,22592.4,70.8,21471.6,26834.6,855.0,15537.541776768001,5745.599999999999,4696.464,0.0,28199,559.6500000000001,1368.0,54.6,69.552,6647.34,8310.96,5140.800000000001,6048.0,0.0,420375,420375.152,0.0,220.0,DH,Gitter,60000.0,6984.0,5586.0,4080.0,11400.0,,,0.22,0.505,2.5,30300.0,34200.0,22800.0,27360.0,0.5078101071975498,60.0,47.0,485.10638297872345,120.0,22.95938883895873,False,16650.0,1294.91,1294.91,314.9,4.54,43.94,36.74,65.34,3.12,13.87,29.82,12.58,13.65,0.31,46.57,0.15,44.26,55.32,1.76,32.03,11.84,9.68,0.0,58.13,1.15,2.82,0.11,0.14,13.7,17.13,10.6,12.47,0.0,866.56,866.56,0.0
RH15NHGI,RH15NHGI,RH,Holz,15 kWh,Nahwärme kalt,hoch,Kreuzung,Gitter,410324,410323.6347273416,157599.60462857143,2642.9760000000006,30232.8,21500.64,14424.753600000002,1814.4,5967.561600000001,17360.57142857143,3872.1600000000003,7252.758000000001,264.59999999999997,24858.72,42.48,27365.184000000005,147766.3,1723.68,133238.4726833856,7124.543999999999,5679.568800000001,0.0,31498,778.344,1368.0,75.936,104.32800000000002,6647.34,8310.96,5140.800000000001,9072.0,0.0,73460,73460.05661538462,0.0,320.0,RH,Gitter,60000.0,6984.0,5586.0,4080.0,13680.0,,,0.273,0.615,2.5,36900.0,41040.0,27360.0,32832.0,0.44508422664624814,36.0,47.0,582.1276595744681,180.0,12.497674059677804,False,16650.0,704.87,704.87,270.73,4.54,51.93,36.93,24.78,3.12,10.25,29.82,6.65,12.46,0.45,42.7,0.07,47.01,253.84,2.96,228.88,12.24,9.76,0.0,54.11,1.34,2.35,0.13,0.18,11.42,14.28,8.83,15.58,0.0,126.19,126.19,0.0
RH15LHGI,RH15LHGI,RH,Holz,15 kWh,LW Wärmepumpe,hoch,Kreuzung,Gitter,309919,309918.5918456395,157599.60462857143,2642.9760000000006,30232.8,21500.64,14424.753600000002,1814.4,5967.561600000001,17360.57142857143,3872.1600000000003,7252.758000000001,264.59999999999997,24858.72,42.48,27365.184000000005,26888.7,1723.68,12360.955007231998,7124.543999999999,5679.568800000001,0.0,31498,778.344,1368.0,75.936,104.32800000000002,6647.34,8310.96,5140.800000000001,9072.0,0.0,93933,93932.53140983605,0.0,320.0,RH,Gitter,60000.0,6984.0,5586.0,4080.0,13680.0,,,0.273,0.615,2.5,36900.0,41040.0,27360.0,32832.0,0.44508422664624814,36.0,47.0,582.1276595744681,180.0,9.439528260405687,False,16650.0,532.39,532.39,270.73,4.54,51.93,36.93,24.78,3.12,10.25,29.82,6.65,12.46,0.45,42.7,0.07,47.01,46.19,2.96,21.23,12.24,9.76,0.0,54.11,1.34,2.35,0.13,0.18,11.42,14.28,8.83,15.58,0.0,161.36,161.36,0.0
RH15EHGI,RH15EHGI,RH,Holz,15 kWh,Erdgas,hoch,Kreuzung,Gitter,386008,386007.52960935223,157599.60462857143,2642.9760000000006,30232.8,21500.64,14424.753600000002,1814.4,5967.561600000001,17360.57142857143,3872.1600000000003,7252.758000000001,264.59999999999997,24858.72,42.48,27365.184000000005,28532.0,1723.68,14004.241780780801,7124.543999999999,5679.568800000001,0.0,31498,778.344,1368.0,75.936,104.32800000000002,6647.34,8310.96,5140.800000000001,9072.0,0.0,168378,168378.1824,0.0,320.0,RH,Gitter,60000.0,6984.0,5586.0,4080.0,13680.0,,,0.273,0.615,2.5,36900.0,41040.0,27360.0,32832.0,0.44508422664624814,36.0,47.0,582.1276595744681,180.0,11.757051949602591,False,16650.0,663.1,663.1,270.73,4.54,51.93,36.93,24.78,3.12,10.25,29.82,6.65,12.46,0.45,42.7,0.07,47.01,49.01,2.96,24.06,12.24,9.76,0.0,54.11,1.34,2.35,0.13,0.18,11.42,14.28,8.83,15.58,0.0,289.25,289.25,0.0
RH30NHGI,RH30NHGI,RH,Holz,30 kWh,Nahwärme kalt,hoch,Kreuzung,Gitter,448068,448067.5010936707,153402.53742857144,2642.9760000000006,27907.2,21500.64,13086.374400000002,1814.4,5967.561600000001,17360.57142857143,3872.1600000000003,7252.758000000001,264.59999999999997,24858.72,42.48,26832.096000000005,149719.5,1723.68,135191.7139420224,7124.543999999999,5679.568800000001,0.0,31498,778.344,1368.0,75.936,104.32800000000002,6647.34,8310.96,5140.800000000001,9072.0,0.0,113448,113447.74892307693,0.0,320.0,RH,Gitter,60000.0,6984.0,5586.0,4080.0,13680.0,,,0.273,0.615,2.5,36900.0,41040.0,27360.0,32832.0,0.44508422664624814,36.0,47.0,582.1276595744681,180.0,13.647280125903713,False,16650.0,769.71,769.71,263.52,4.54,47.94,36.93,22.48,3.12,10.25,29.82,6.65,12.46,0.45,42.7,0.07,46.09,257.19,2.96,232.24,12.24,9.76,0.0,54.11,1.34,2.35,0.13,0.18,11.42,14.28,8.83,15.58,0.0,194.89,194.88,0.0
RH30LHGI,RH30LHGI,RH,Holz,30 kWh,LW Wärmepumpe,hoch,Kreuzung,Gitter,357952,357951.7016852561,153402.53742857144,2642.9760000000006,27907.2,21500.64,13086.374400000002,1814.4,5967.561600000001,17360.57142857143,3872.1600000000003,7252.758000000001,264.59999999999997,24858.72,42.48,26832.096000000005,27987.1,1723.68,13459.32876816,7124.543999999999,5679.568800000001,0.0,31498,778.344,1368.0,75.936,104.32800000000002,6647.34,8310.96,5140.800000000001,9072.0,0.0,145064,145064.33468852463,0.0,320.0,RH,Gitter,60000.0,6984.0,5586.0,4080.0,13680.0,,,0.273,0.615,2.5,36900.0,41040.0,27360.0,32832.0,0.44508422664624814,36.0,47.0,582.1276595744681,180.0,10.90252502696321,False,16650.0,614.9,614.9,263.52,4.54,47.94,36.93,22.48,3.12,10.25,29.82,6.65,12.46,0.45,42.7,0.07,46.09,48.08,2.96,23.12,12.24,9.76,0.0,54.11,1.34,2.35,0.13,0.18,11.42,14.28,8.83,15.58,0.0,249.2,249.2,0.0
RH30EHGI,RH30EHGI,RH,Holz,30 kWh,Erdgas,hoch,Kreuzung,Gitter,474032,474031.5780087634,153402.53742857144,2642.9760000000006,27907.2,21500.64,13086.374400000002,1814.4,5967.561600000001,17360.57142857143,3872.1600000000003,7252.758000000001,264.59999999999997,24858.72,42.48,26832.096000000005,29097.2,1723.68,14569.357380192003,7124.543999999999,5679.568800000001,0.0,31498,778.344,1368.0,75.936,104.32800000000002,6647.34,8310.96,5140.800000000001,9072.0,0.0,260034,260034.18239999996,0.0,320.0,RH,Gitter,60000.0,6984.0,5586.0,4080.0,13680.0,,,0.273,0.615,2.5,36900.0,41040.0,27360.0,32832.0,0.44508422664624814,36.0,47.0,582.1276595744681,180.0,14.438096308746449,False,16650.0,814.31,814.31,263.52,4.54,47.94,36.93,22.48,3.12,10.25,29.82,6.65,12.46,0.45,42.7,0.07,46.09,49.98,2.96,25.03,12.24,9.76,0.0,54.11,1.34,2.35,0.13,0.18,11.42,14.28,8.83,15.58,0.0,446.7,446.7,0.0
RH70NHGI,RH70NHGI,RH,Holz,70 kWh,Nahwärme kalt,hoch,Kreuzung,Gitter,554514,554514.1091971297,148672.38222857146,2642.9760000000006,25581.600000000002,21500.64,11747.995200000003,1814.4,5967.561600000001,17360.57142857143,3872.1600000000003,7252.758000000001,264.59999999999997,24858.72,42.48,25765.920000000002,154262.4,1723.68,139734.6310916352,7124.543999999999,5679.568800000001,0.0,31498,778.344,1368.0,75.936,104.32800000000002,6647.34,8310.96,5140.800000000001,9072.0,0.0,220082,220081.59507692308,0.0,320.0,RH,Gitter,60000.0,6984.0,5586.0,4080.0,13680.0,,,0.273,0.615,2.5,36900.0,41040.0,27360.0,32832.0,0.44508422664624814,36.0,47.0,582.1276595744681,180.0,16.88944046043889,False,16650.0,952.56,952.56,255.39,4.54,43.94,36.93,20.18,3.12,10.25,29.82,6.65,12.46,0.45,42.7,0.07,44.26,265.0,2.96,240.04,12.24,9.76,0.0,54.11,1.34,2.35,0.13,0.18,11.42,14.28,8.83,15.58,0.0,378.06,378.06,0.0
RH70LHGI,RH70LHGI,RH,Holz,70 kWh,LW Wärmepumpe,hoch,Kreuzung,Gitter,492527,492526.8353574217,148672.38222857146,2642.9760000000006,25581.600000000002,21500.64,11747.995200000003,1814.4,5967.561600000001,17360.57142857143,3872.1600000000003,7252.758000000001,264.59999999999997,24858.72,42.48,25765.920000000002,30940.9,1723.68,16413.1422304896,7124.543999999999,5679.568800000001,0.0,31498,778.344,1368.0,75.936,104.32800000000002,6647.34,8310.96,5140.800000000001,9072.0,0.0,281416,281415.81009836064,0.0,320.0,RH,Gitter,60000.0,6984.0,5586.0,4080.0,13680.0,,,0.273,0.615,2.5,36900.0,41040.0,27360.0,32832.0,0.44508422664624814,36.0,47.0,582.1276595744681,180.0,15.00142651551601,False,16650.0,846.08,846.08,255.39,4.54,43.94,36.93,20.18,3.12,10.25,29.82,6.65,12.46,0.45,42.7,0.07,44.26,53.15,2.96,28.2,12.24,9.76,0.0,54.11,1.34,2.35,0.13,0.18,11.42,14.28,8.83,15.58,0.0,483.43,483.43,0.0
RH70EHGI,RH70EHGI,RH,Holz,70 kWh,Erdgas,hoch,Kreuzung,Gitter,717379,717378.9159592979,148672.38222857146,2642.9760000000006,25581.600000000002,21500.64,11747.995200000003,1814.4,5967.561600000001,17360.57142857143,3872.1600000000003,7252.758000000001,264.59999999999997,24858.72,42.48,25765.920000000002,32758.6,1723.68,18230.8505307264,7124.543999999999,5679.568800000001,0.0,31498,778.344,1368.0,75.936,104.32800000000002,6647.34,8310.96,5140.800000000001,9072.0,0.0,504450,504450.18240000005,0.0,320.0,RH,Gitter,60000.0,6984.0,5586.0,4080.0,13680.0,,,0.273,0.615,2.5,36900.0,41040.0,27360.0,32832.0,0.44508422664624814,36.0,47.0,582.1276595744681,180.0,21.849991348662826,False,16650.0,1232.34,1232.34,255.39,4.54,43.94,36.93,20.18,3.12,10.25,29.82,6.65,12.46,0.45,42.7,0.07,44.26,56.27,2.96,31.32,12.24,9.76,0.0,54.11,1.34,2.35,0.13,0.18,11.42,14.28,8.83,15.58,0.0,866.56,866.56,0.0
RM15NHGI,RM15NHGI,RH,Massiv,15 kWh,Nahwärme kalt,hoch,Kreuzung,Gitter,433475,433475.0151273416,180750.98502857145,2642.9760000000006,30232.8,21500.64,30485.304000000004,1814.4,5967.561600000001,17360.57142857143,6203.160000000001,9567.468,264.59999999999997,27303.84,42.48,27365.184000000005,147766.3,1723.68,133238.4726833856,7124.543999999999,5679.568800000001,0.0,31498,778.344,1368.0,75.936,104.32800000000002,6647.34,8310.96,5140.800000000001,9072.0,0.0,73460,73460.05661538462,0.0,320.0,RH,Gitter,60000.0,6984.0,5586.0,4080.0,13680.0,,,0.273,0.615,2.5,36900.0,41040.0,27360.0,32832.0,0.44508422664624814,36.0,47.0,582.1276595744681,180.0,13.202820879853242,False,16650.0,744.64,744.64,310.5,4.54,51.93,36.93,52.37,3.12,10.25,29.82,10.66,16.44,0.45,46.9,0.07,47.01,253.84,2.96,228.88,12.24,9.76,0.0,54.11,1.34,2.35,0.13,0.18,11.42,14.28,8.83,15.58,0.0,126.19,126.19,0.0
RM15LHGI,RM15LHGI,RH,Massiv,15 kWh,LW Wärmepumpe,hoch,Kreuzung,Gitter,333070,333069.97224563954,180750.98502857145,2642.9760000000006,30232.8,21500.64,30485.304000000004,1814.4,5967.561600000001,17360.57142857143,6203.160000000001,9567.468,264.59999999999997,27303.84,42.48,27365.184000000005,26888.7,1723.68,12360.955007231998,7124.543999999999,5679.568800000001,0.0,31498,778.344,1368.0,75.936,104.32800000000002,6647.34,8310.96,5140.800000000001,9072.0,0.0,93933,93932.53140983605,0.0,320.0,RH,Gitter,60000.0,6984.0,5586.0,4080.0,13680.0,,,0.273,0.615,2.5,36900.0,41040.0,27360.0,32832.0,0.44508422664624814,36.0,47.0,582.1276595744681,180.0,10.144675080581123,False,16650.0,572.16,572.16,310.5,4.54,51.93,36.93,52.37,3.12,10.25,29.82,10.66,16.44,0.45,46.9,0.07,47.01,46.19,2.96,21.23,12.24,9.76,0.0,54.11,1.34,2.35,0.13,0.18,11.42,14.28,8.83,15.58,0.0,161.36,161.36,0.0
RM15EHGI,RM15EHGI,RH,Massiv,15 kWh,Erdgas,hoch,Kreuzung,Gitter,409159,409158.91000935226,180750.98502857145,2642.9760000000006,30232.8,21500.64,30485.304000000004,1814.4,5967.561600000001,17360.57142857143,6203.160000000001,9567.468,264.59999999999997,27303.84,42.48,27365.184000000005,28532.0,1723.68,14004.241780780801,7124.543999999999,5679.568800000001,0.0,31498,778.344,1368.0,75.936,104.32800000000002,6647.34,8310.96,5140.800000000001,9072.0,0.0,168378,168378.1824,0.0,320.0,RH,Gitter,60000.0,6984.0,5586.0,4080.0,13680.0,,,0.273,0.615,2.5,36900.0,41040.0,27360.0,32832.0,0.44508422664624814,36.0,47.0,582.1276595744681,180.0,12.462198769778029,False,16650.0,702.87,702.87,310.5,4.54,51.93,36.93,52.37,3.12,10.25,29.82,10.66,16.44,0.45,46.9,0.07,47.01,49.01,2.96,24.06,12.24,9.76,0.0,54.11,1.34,2.35,0.13,0.18,11.42,14.28,8.83,15.58,0.0,289.25,289.25,0.0
RM30NHGI,RM30NHGI,RH,Massiv,30 kWh,Nahwärme kalt,hoch,Kreuzung,Gitter,470921,470921.4638936708,176256.50022857147,2642.9760000000006,27907.2,21500.64,28849.507200000004,1814.4,5967.561600000001,17360.57142857143,6203.160000000001,9567.468,264.59999999999997,27303.84,42.48,26832.096000000005,149719.5,1723.68,135191.7139420224,7124.543999999999,5679.568800000001,0.0,31498,778.344,1368.0,75.936,104.32800000000002,6647.34,8310.96,5140.800000000001,9072.0,0.0,113448,113447.74892307693,0.0,320.0,RH,Gitter,60000.0,6984.0,5586.0,4080.0,13680.0,,,0.273,0.615,2.5,36900.0,41040.0,27360.0,32832.0,0.44508422664624814,36.0,47.0,582.1276595744681,180.0,14.343368174149328,False,16650.0,808.97,808.97,302.78,4.54,47.94,36.93,49.56,3.12,10.25,29.82,10.66,16.44,0.45,46.9,0.07,46.09,257.19,2.96,232.24,12.24,9.76,0.0,54.11,1.34,2.35,0.13,0.18,11.42,14.28,8.83,15.58,0.0,194.89,194.88,0.0
RM30LHGI,RM30LHGI,RH,Massiv,30 kWh,LW Wärmepumpe,hoch,Kreuzung,Gitter,380806,380805.6644852561,176256.50022857147,2642.9760000000006,27907.2,21500.64,28849.507200000004,1814.4,5967.561600000001,17360.57142857143,6203.160000000001,9567.468,264.59999999999997,27303.84,42.48,26832.096000000005,27987.1,1723.68,13459.32876816,7124.543999999999,5679.568800000001,0.0,31498,778.344,1368.0,75.936,104.32800000000002,6647.34,8310.96,5140.800000000001,9072.0,0.0,145064,145064.33468852463,0.0,320.0,RH,Gitter,60000.0,6984.0,5586.0,4080.0,13680.0,,,0.273,0.615,2.5,36900.0,41040.0,27360.0,32832.0,0.44508422664624814,36.0,47.0,582.1276595744681,180.0,11.598613075208824,False,16650.0,654.16,654.16,302.78,4.54,47.94,36.93,49.56,3.12,10.25,29.82,10.66,16.44,0.45,46.9,0.07,46.09,48.08,2.96,23.12,12.24,9.76,0.0,54.11,1.34,2.35,0.13,0.18,11.42,14.28,8.83,15.58,0.0,249.2,249.2,0.0
RM30EHGI,RM30EHGI,RH,Massiv,30 kWh,Erdgas,hoch,Kreuzung,Gitter,496886,496885.5408087635,176256.50022857147,2642.9760000000006,27907.2,21500.64,28849.507200000004,1814.4,5967.561600000001,17360.57142857143,6203.160000000001,9567.468,264.59999999999997,27303.84,42.48,26832.096000000005,29097.2,1723.68,14569.357380192003,7124.543999999999,5679.568800000001,0.0,31498,778.344,1368.0,75.936,104.32800000000002,6647.34,8310.96,5140.800000000001,9072.0,0.0,260034,260034.18239999996,0.0,320.0,RH,Gitter,60000.0,6984.0,5586.0,4080.0,13680.0,,,0.273,0.615,2.5,36900.0,41040.0,27360.0,32832.0,0.44508422664624814,36.0,47.0,582.1276595744681,180.0,15.134184356992062,False,16650.0,853.57,853.57,302.78,4.54,47.94,36.93,49.56,3.12,10.25,29.82,10.66,16.44,0.45,46.9,0.07,46.09,49.98,2.96,25.03,12.24,9.76,0.0,54.11,1.34,2.35,0.13,0.18,11.42,14.28,8.83,15.58,0.0,446.7,446.7,0.0
RM70NHGI,RM70NHGI,RH,Massiv,70 kWh,Nahwärme kalt,hoch,Kreuzung,Gitter,575286,575286.1487971297,169444.42182857147,2642.9760000000006,25581.600000000002,21500.64,25429.204800000003,1814.4,5967.561600000001,17360.57142857143,6203.160000000001,9567.468,264.59999999999997,27303.84,42.48,25765.920000000002,154262.4,1723.68,139734.6310916352,7124.543999999999,5679.568800000001,0.0,31498,778.344,1368.0,75.936,104.32800000000002,6647.34,8310.96,5140.800000000001,9072.0,0.0,220082,220081.59507692308,0.0,320.0,RH,Gitter,60000.0,6984.0,5586.0,4080.0,13680.0,,,0.273,0.615,2.5,36900.0,41040.0,27360.0,32832.0,0.44508422664624814,36.0,47.0,582.1276595744681,180.0,17.52211710517573,False,16650.0,988.25,988.25,291.08,4.54,43.94,36.93,43.68,3.12,10.25,29.82,10.66,16.44,0.45,46.9,0.07,44.26,265.0,2.96,240.04,12.24,9.76,0.0,54.11,1.34,2.35,0.13,0.18,11.42,14.28,8.83,15.58,0.0,378.06,378.06,0.0
RM70LHGI,RM70LHGI,RH,Massiv,70 kWh,LW Wärmepumpe,hoch,Kreuzung,Gitter,513299,513298.87495742174,169444.42182857147,2642.9760000000006,25581.600000000002,21500.64,25429.204800000003,1814.4,5967.561600000001,17360.57142857143,6203.160000000001,9567.468,264.59999999999997,27303.84,42.48,25765.920000000002,30940.9,1723.68,16413.1422304896,7124.543999999999,5679.568800000001,0.0,31498,778.344,1368.0,75.936,104.32800000000002,6647.34,8310.96,5140.800000000001,9072.0,0.0,281416,281415.81009836064,0.0,320.0,RH,Gitter,60000.0,6984.0,5586.0,4080.0,13680.0,,,0.273,0.615,2.5,36900.0,41040.0,27360.0,32832.0,0.44508422664624814,36.0,47.0,582.1276595744681,180.0,15.634103160252852,False,16650.0,881.76,881.76,291.08,4.54,43.94,36.93,43.68,3.12,10.25,29.82,10.66,16.44,0.45,46.9,0.07,44.26,53.15,2.96,28.2,12.24,9.76,0.0,54.11,1.34,2.35,0.13,0.18,11.42,14.28,8.83,15.58,0.0,483.43,483.43,0.0
RM70EHGI,RM70EHGI,RH,Massiv,70 kWh,Erdgas,hoch,Kreuzung,Gitter,738151,738150.9555592979,169444.42182857147,2642.9760000000006,25581.600000000002,21500.64,25429.204800000003,1814.4,5967.561600000001,17360.57142857143,6203.160000000001,9567.468,264.59999999999997,27303.84,42.48,25765.920000000002,32758.6,1723.68,18230.8505307264,7124.543999999999,5679.568800000001,0.0,31498,778.344,1368.0,75.936,104.32800000000002,6647.34,8310.96,5140.800000000001,9072.0,0.0,504450,504450.18240000005,0.0,320.0,RH,Gitter,60000.0,6984.0,5586.0,4080.0,13680.0,,,0.273,0.615,2.5,36900.0,41040.0,27360.0,32832.0,0.44508422664624814,36.0,47.0,582.1276595744681,180.0,22.482667993399666,False,16650.0,1268.02,1268.02,291.08,4.54,43.94,36.93,43.68,3.12,10.25,29.82,10.66,16.44,0.45,46.9,0.07,44.26,56.27,2.96,31.32,12.24,9.76,0.0,54.11,1.34,2.35,0.13,0.18,11.42,14.28,8.83,15.58,0.0,866.56,866.56,0.0
ZH15NHGI,ZH15NHGI,ZH,Holz,15 kWh,Nahwärme kalt,hoch,Kreuzung,Gitter,1098330,1098329.9474934232,388553.20581098896,4160.2796307692315,38666.159999999996,58599.307384615386,36749.80947692309,7939.938461538462,17982.0,39965.862857142856,37720.06892307693,22350.01846153846,1507.3476923076923,90495.13292307692,3898.8,28518.48,333342.0,369.36,270663.90207628056,32920.473600000005,14678.623606153848,14709.6,188532,437.38800000000003,1368.0,42.672000000000004,10197.20713846154,6647.34,8310.96,5140.800000000001,0.0,156387.3230769231,187903,187903.09218461538,0.0,520.0,Zeile,Gitter,60000.0,6984.0,5586.0,4080.0,17496.0,26916.923076923078,21533.538461538465,0.2916,1.458,5.0,87480.0,98246.76923076923,69984.0,83509.75384615385,0.31851851851851853,24.0,41.0,1706.9268292682927,897.2307692307693,13.152115733891705,True,16650.0,643.45,643.45,227.63,2.44,22.65,34.33,21.53,4.65,10.53,23.41,22.1,13.09,0.88,53.02,2.28,16.71,195.29,0.22,158.57,19.29,8.6,8.62,110.45,0.26,0.8,0.02,5.97,3.89,4.87,3.01,0.0,91.62,110.08,110.08,0.0
ZH15LHGI,ZH15LHGI,ZH,Holz,15 kWh,LW Wärmepumpe,hoch,Kreuzung,Gitter,913941,913941.388369639,388553.20581098896,4160.2796307692315,38666.159999999996,58599.307384615386,36749.80947692309,7939.938461538462,17982.0,39965.862857142856,37720.06892307693,22350.01846153846,1507.3476923076923,90495.13292307692,3898.8,28518.48,96587.0,369.36,33908.907425636186,32920.473600000005,14678.623606153848,14709.6,188532,437.38800000000003,1368.0,42.672000000000004,10197.20713846154,6647.34,8310.96,5140.800000000001,0.0,156387.3230769231,240270,240269.52771147536,0.0,520.0,Zeile,Gitter,60000.0,6984.0,5586.0,4080.0,17496.0,26916.923076923078,21533.538461538465,0.2916,1.458,5.0,87480.0,98246.76923076923,69984.0,83509.75384615385,0.31851851851851853,24.0,41.0,1706.9268292682927,897.2307692307693,10.944127437536828,True,16650.0,535.43,535.43,227.63,2.44,22.65,34.33,21.53,4.65,10.53,23.41,22.1,13.09,0.88,53.02,2.28,16.71,56.59,0.22,19.87,19.29,8.6,8.62,110.45,0.26,0.8,0.02,5.97,3.89,4.87,3.01,0.0,91.62,140.76,140.76,0.0
ZH15EHGI,ZH15EHGI,ZH,Holz,15 kWh,Erdgas,hoch,Kreuzung,Gitter,1105721,1105720.6490045274,388553.20581098896,4160.2796307692315,38666.159999999996,58599.307384615386,36749.80947692309,7939.938461538462,17982.0,39965.862857142856,37720.06892307693,22350.01846153846,1507.3476923076923,90495.13292307692,3898.8,28518.48,97942.1,369.36,35264.02921200017,32920.473600000005,14678.623606153848,14709.6,188532,437.38800000000003,1368.0,42.672000000000004,10197.20713846154,6647.34,8310.96,5140.800000000001,0.0,156387.3230769231,430694,430693.6665599999,0.0,520.0,Zeile,Gitter,60000.0,6984.0,5586.0,4080.0,17496.0,26916.923076923078,21533.538461538465,0.2916,1.458,5.0,87480.0,98246.76923076923,69984.0,83509.75384615385,0.31851851851851853,24.0,41.0,1706.9268292682927,897.2307692307693,13.240616791201965,True,16650.0,647.78,647.78,227.63,2.44,22.65,34.33,21.53,4.65,10.53,23.41,22.1,13.09,0.88,53.02,2.28,16.71,57.38,0.22,20.66,19.29,8.6,8.62,110.45,0.26,0.8,0.02,5.97,3.89,4.87,3.01,0.0,91.62,252.32,252.32,0.0
ZH30NHGI,ZH30NHGI,ZH,Holz,30 kWh,Nahwärme kalt,hoch,Kreuzung,Gitter,1193299,1193299.0573556041,374649.52728791203,4160.2796307692315,35691.840000000004,58599.307384615386,29669.57095384616,7939.938461538462,17982.0,39965.862857142856,37720.06892307693,22350.01846153846,1507.3476923076923,90495.13292307692,3898.8,24669.359999999997,339930.4,369.36,277252.38276923075,32920.473600000005,14678.623606153848,14709.6,188532,437.38800000000003,1368.0,42.672000000000004,10197.20713846154,6647.34,8310.96,5140.800000000001,0.0,156387.3230769231,290187,290187.39987692307,0.0,520.0,Zeile,Gitter,60000.0,6984.0,5586.0,4080.0,17496.0,26916.923076923078,21533.538461538465,0.2916,1.458,5.0,87480.0,98246.76923076923,69984.0,83509.75384615385,0.31851851851851853,24.0,41.0,1706.9268292682927,897.2307692307693,14.289337501269182,True,16650.0,699.09,699.09,219.49,2.44,20.91,34.33,17.38,4.65,10.53,23.41,22.1,13.09,0.88,53.02,2.28,14.45,199.15,0.22,162.43,19.29,8.6,8.62,110.45,0.26,0.8,0.02,5.97,3.89,4.87,3.01,0.0,91.62,170.01,170.01,0.0
ZH30LHGI,ZH30LHGI,ZH,Holz,30 kWh,LW Wärmepumpe,hoch,Kreuzung,Gitter,1035648,1035647.6174334047,374649.52728791203,4160.2796307692315,35691.840000000004,58599.307384615386,29669.57095384616,7939.938461538462,17982.0,39965.862857142856,37720.06892307693,22350.01846153846,1507.3476923076923,90495.13292307692,3898.8,24669.359999999997,101407.1,369.36,38729.044520675474,32920.473600000005,14678.623606153848,14709.6,188532,437.38800000000003,1368.0,42.672000000000004,10197.20713846154,6647.34,8310.96,5140.800000000001,0.0,156387.3230769231,371059,371059.2982032787,0.0,520.0,Zeile,Gitter,60000.0,6984.0,5586.0,4080.0,17496.0,26916.923076923078,21533.538461538465,0.2916,1.458,5.0,87480.0,98246.76923076923,69984.0,83509.75384615385,0.31851851851851853,24.0,41.0,1706.9268292682927,897.2307692307693,12.401516825703142,True,16650.0,606.73,606.73,219.49,2.44,20.91,34.33,17.38,4.65,10.53,23.41,22.1,13.09,0.88,53.02,2.28,14.45,59.41,0.22,22.69,19.29,8.6,8.62,110.45,0.26,0.8,0.02,5.97,3.89,4.87,3.01,0.0,91.62,217.38,217.38,0.0
ZH30EHGI,ZH30EHGI,ZH,Holz,30 kWh,Erdgas,hoch,Kreuzung,Gitter,1338614,1338614.0926594324,374649.52728791203,4160.2796307692315,35691.840000000004,58599.307384615386,29669.57095384616,7939.938461538462,17982.0,39965.862857142856,37720.06892307693,22350.01846153846,1507.3476923076923,90495.13292307692,3898.8,24669.359999999997,110292.8,369.36,47614.75138998216,32920.473600000005,14678.623606153848,14709.6,188532,437.38800000000003,1368.0,42.672000000000004,10197.20713846154,6647.34,8310.96,5140.800000000001,0.0,156387.3230769231,665140,665140.06656,0.0,520.0,Zeile,Gitter,60000.0,6984.0,5586.0,4080.0,17496.0,26916.923076923078,21533.538461538465,0.2916,1.458,5.0,87480.0,98246.76923076923,69984.0,83509.75384615385,0.31851851851851853,24.0,41.0,1706.9268292682927,897.2307692307693,16.02943406018774,True,16650.0,784.22,784.22,219.49,2.44,20.91,34.33,17.38,4.65,10.53,23.41,22.1,13.09,0.88,53.02,2.28,14.45,64.61,0.22,27.9,19.29,8.6,8.62,110.45,0.26,0.8,0.02,5.97,3.89,4.87,3.01,0.0,91.62,389.67,389.67,0.0
ZH70NHGI,ZH70NHGI,ZH,Holz,70 kWh,Nahwärme kalt,hoch,Kreuzung,Gitter,1470211,1470211.3158996059,363741.9393494506,4160.2796307692315,32717.52,58599.307384615386,26635.18301538462,7939.938461538462,17982.0,39965.862857142856,37720.06892307693,22350.01846153846,1507.3476923076923,90495.13292307692,3898.8,19770.48,354992.1,369.36,292314.0754055401,32920.473600000005,14678.623606153848,14709.6,188532,437.38800000000003,1368.0,42.672000000000004,10197.20713846154,6647.34,8310.96,5140.800000000001,0.0,156387.3230769231,562946,562945.5537230769,0.0,520.0,Zeile,Gitter,60000.0,6984.0,5586.0,4080.0,17496.0,26916.923076923078,21533.538461538465,0.2916,1.458,5.0,87480.0,98246.76923076923,69984.0,83509.75384615385,0.31851851851851853,24.0,41.0,1706.9268292682927,897.2307692307693,17.605264633016503,True,16650.0,861.32,861.32,213.1,2.44,19.17,34.33,15.6,4.65,10.53,23.41,22.1,13.09,0.88,53.02,2.28,11.58,207.97,0.22,171.25,19.29,8.6,8.62,110.45,0.26,0.8,0.02,5.97,3.89,4.87,3.01,0.0,91.62,329.8,329.8,0.0
ZH70LHGI,ZH70LHGI,ZH,Holz,70 kWh,LW Wärmepumpe,hoch,Kreuzung,Gitter,1382792,1382791.9582998096,363741.9393494506,4160.2796307692315,32717.52,58599.307384615386,26635.18301538462,7939.938461538462,17982.0,39965.862857142856,37720.06892307693,22350.01846153846,1507.3476923076923,90495.13292307692,3898.8,19770.48,110686.3,369.36,48008.25201406638,32920.473600000005,14678.623606153848,14709.6,188532,437.38800000000003,1368.0,42.672000000000004,10197.20713846154,6647.34,8310.96,5140.800000000001,0.0,156387.3230769231,719832,719832.0195147542,0.0,520.0,Zeile,Gitter,60000.0,6984.0,5586.0,4080.0,17496.0,26916.923076923078,21533.538461538465,0.2916,1.458,5.0,87480.0,98246.76923076923,69984.0,83509.75384615385,0.31851851851851853,24.0,41.0,1706.9268292682927,897.2307692307693,16.55844849988737,True,16650.0,810.11,810.11,213.1,2.44,19.17,34.33,15.6,4.65,10.53,23.41,22.1,13.09,0.88,53.02,2.28,11.58,64.85,0.22,28.13,19.29,8.6,8.62,110.45,0.26,0.8,0.02,5.97,3.89,4.87,3.01,0.0,91.62,421.71,421.71,0.0
ZH70EHGI,ZH70EHGI,ZH,Holz,70 kWh,Erdgas,hoch,Kreuzung,Gitter,1958692,1958691.6439014473,363741.9393494506,4160.2796307692315,32717.52,58599.307384615386,26635.18301538462,7939.938461538462,17982.0,39965.862857142856,37720.06892307693,22350.01846153846,1507.3476923076923,90495.13292307692,3898.8,19770.48,116087.5,369.36,53409.490570458554,32920.473600000005,14678.623606153848,14709.6,188532,437.38800000000003,1368.0,42.672000000000004,10197.20713846154,6647.34,8310.96,5140.800000000001,0.0,156387.3230769231,1290330,1290330.4665599999,0.0,520.0,Zeile,Gitter,60000.0,6984.0,5586.0,4080.0,17496.0,26916.923076923078,21533.538461538465,0.2916,1.458,5.0,87480.0,98246.76923076923,69984.0,83509.75384615385,0.31851851851851853,24.0,41.0,1706.9268292682927,897.2307692307693,23.45464516049053,True,16650.0,1147.5,1147.5,213.1,2.44,19.17,34.33,15.6,4.65,10.53,23.41,22.1,13.09,0.88,53.02,2.28,11.58,68.01,0.22,31.29,19.29,8.6,8.62,110.45,0.26,0.8,0.02,5.97,3.89,4.87,3.01,0.0,91.62,755.94,755.94,0.0
ZM15NHGI,ZM15NHGI,ZH,Massiv,15 kWh,Nahwärme kalt,hoch,Kreuzung,Gitter,1199372,1199371.919185731,489595.1775032967,4160.2796307692315,38666.159999999996,58599.307384615386,89008.71286153849,7939.938461538462,17982.0,39965.862857142856,61196.112,29483.00307692308,1507.3476923076923,99396.29353846154,3898.8,37791.36,333342.0,369.36,270663.90207628056,32920.473600000005,14678.623606153848,14709.6,188532,437.38800000000003,1368.0,42.672000000000004,10197.20713846154,6647.34,8310.96,5140.800000000001,0.0,156387.3230769231,187903,187903.09218461538,0.0,520.0,Zeile,Gitter,60000.0,6984.0,5586.0,4080.0,17496.0,26916.923076923078,21533.538461538465,0.2916,1.458,5.0,87480.0,98246.76923076923,69984.0,83509.75384615385,0.31851851851851853,24.0,41.0,1706.9268292682927,897.2307692307693,14.36205789080972,True,16650.0,702.65,702.65,286.83,2.44,22.65,34.33,52.15,4.65,10.53,23.41,35.85,17.27,0.88,58.23,2.28,22.14,195.29,0.22,158.57,19.29,8.6,8.62,110.45,0.26,0.8,0.02,5.97,3.89,4.87,3.01,0.0,91.62,110.08,110.08,0.0
ZM15LHGI,ZM15LHGI,ZH,Massiv,15 kWh,LW Wärmepumpe,hoch,Kreuzung,Gitter,1014983,1014983.3600619467,489595.1775032967,4160.2796307692315,38666.159999999996,58599.307384615386,89008.71286153849,7939.938461538462,17982.0,39965.862857142856,61196.112,29483.00307692308,1507.3476923076923,99396.29353846154,3898.8,37791.36,96587.0,369.36,33908.907425636186,32920.473600000005,14678.623606153848,14709.6,188532,437.38800000000003,1368.0,42.672000000000004,10197.20713846154,6647.34,8310.96,5140.800000000001,0.0,156387.3230769231,240270,240269.52771147536,0.0,520.0,Zeile,Gitter,60000.0,6984.0,5586.0,4080.0,17496.0,26916.923076923078,21533.538461538465,0.2916,1.458,5.0,87480.0,98246.76923076923,69984.0,83509.75384615385,0.31851851851851853,24.0,41.0,1706.9268292682927,897.2307692307693,12.15406959445484,True,16650.0,594.63,594.63,286.83,2.44,22.65,34.33,52.15,4.65,10.53,23.41,35.85,17.27,0.88,58.23,2.28,22.14,56.59,0.22,19.87,19.29,8.6,8.62,110.45,0.26,0.8,0.02,5.97,3.89,4.87,3.01,0.0,91.62,140.76,140.76,0.0
ZM15EHGI,ZM15EHGI,ZH,Massiv,15 kWh,Erdgas,hoch,Kreuzung,Gitter,1206763,1206762.6206968352,489595.1775032967,4160.2796307692315,38666.159999999996,58599.307384615386,89008.71286153849,7939.938461538462,17982.0,39965.862857142856,61196.112,29483.00307692308,1507.3476923076923,99396.29353846154,3898.8,37791.36,97942.1,369.36,35264.02921200017,32920.473600000005,14678.623606153848,14709.6,188532,437.38800000000003,1368.0,42.672000000000004,10197.20713846154,6647.34,8310.96,5140.800000000001,0.0,156387.3230769231,430694,430693.6665599999,0.0,520.0,Zeile,Gitter,60000.0,6984.0,5586.0,4080.0,17496.0,26916.923076923078,21533.538461538465,0.2916,1.458,5.0,87480.0,98246.76923076923,69984.0,83509.75384615385,0.31851851851851853,24.0,41.0,1706.9268292682927,897.2307692307693,14.450558948119978,True,16650.0,706.98,706.98,286.83,2.44,22.65,34.33,52.15,4.65,10.53,23.41,35.85,17.27,0.88,58.23,2.28,22.14,57.38,0.22,20.66,19.29,8.6,8.62,110.45,0.26,0.8,0.02,5.97,3.89,4.87,3.01,0.0,91.62,252.32,252.32,0.0
ZM30NHGI,ZM30NHGI,ZH,Massiv,30 kWh,Nahwärme kalt,hoch,Kreuzung,Gitter,1294080,1294080.4695402198,475430.93947252753,4160.2796307692315,35691.840000000004,58599.307384615386,79568.39483076925,7939.938461538462,17982.0,39965.862857142856,61196.112,29483.00307692308,1507.3476923076923,99396.29353846154,3898.8,36041.76,339930.4,369.36,277252.38276923075,32920.473600000005,14678.623606153848,14709.6,188532,437.38800000000003,1368.0,42.672000000000004,10197.20713846154,6647.34,8310.96,5140.800000000001,0.0,156387.3230769231,290187,290187.39987692307,0.0,520.0,Zeile,Gitter,60000.0,6984.0,5586.0,4080.0,17496.0,26916.923076923078,21533.538461538465,0.2916,1.458,5.0,87480.0,98246.76923076923,69984.0,83509.75384615385,0.31851851851851853,24.0,41.0,1706.9268292682927,897.2307692307693,15.496159549508963,True,16650.0,758.13,758.13,278.53,2.44,20.91,34.33,46.62,4.65,10.53,23.41,35.85,17.27,0.88,58.23,2.28,21.12,199.15,0.22,162.43,19.29,8.6,8.62,110.45,0.26,0.8,0.02,5.97,3.89,4.87,3.01,0.0,91.62,170.01,170.01,0.0
ZM30LHGI,ZM30LHGI,ZH,Massiv,30 kWh,LW Wärmepumpe,hoch,Kreuzung,Gitter,1136429,1136429.0296180202,475430.93947252753,4160.2796307692315,35691.840000000004,58599.307384615386,79568.39483076925,7939.938461538462,17982.0,39965.862857142856,61196.112,29483.00307692308,1507.3476923076923,99396.29353846154,3898.8,36041.76,101407.1,369.36,38729.044520675474,32920.473600000005,14678.623606153848,14709.6,188532,437.38800000000003,1368.0,42.672000000000004,10197.20713846154,6647.34,8310.96,5140.800000000001,0.0,156387.3230769231,371059,371059.2982032787,0.0,520.0,Zeile,Gitter,60000.0,6984.0,5586.0,4080.0,17496.0,26916.923076923078,21533.538461538465,0.2916,1.458,5.0,87480.0,98246.76923076923,69984.0,83509.75384615385,0.31851851851851853,24.0,41.0,1706.9268292682927,897.2307692307693,13.608338873942925,True,16650.0,665.77,665.77,278.53,2.44,20.91,34.33,46.62,4.65,10.53,23.41,35.85,17.27,0.88,58.23,2.28,21.12,59.41,0.22,22.69,19.29,8.6,8.62,110.45,0.26,0.8,0.02,5.97,3.89,4.87,3.01,0.0,91.62,217.38,217.38,0.0
ZM30EHGI,ZM30EHGI,ZH,Massiv,30 kWh,Erdgas,hoch,Kreuzung,Gitter,1439396,1439395.504844048,475430.93947252753,4160.2796307692315,35691.840000000004,58599.307384615386,79568.39483076925,7939.938461538462,17982.0,39965.862857142856,61196.112,29483.00307692308,1507.3476923076923,99396.29353846154,3898.8,36041.76,110292.8,369.36,47614.75138998216,32920.473600000005,14678.623606153848,14709.6,188532,437.38800000000003,1368.0,42.672000000000004,10197.20713846154,6647.34,8310.96,5140.800000000001,0.0,156387.3230769231,665140,665140.06656,0.0,520.0,Zeile,Gitter,60000.0,6984.0,5586.0,4080.0,17496.0,26916.923076923078,21533.538461538465,0.2916,1.458,5.0,87480.0,98246.76923076923,69984.0,83509.75384615385,0.31851851851851853,24.0,41.0,1706.9268292682927,897.2307692307693,17.236256108427522,True,16650.0,843.27,843.27,278.53,2.44,20.91,34.33,46.62,4.65,10.53,23.41,35.85,17.27,0.88,58.23,2.28,21.12,64.61,0.22,27.9,19.29,8.6,8.62,110.45,0.26,0.8,0.02,5.97,3.89,4.87,3.01,0.0,91.62,389.67,389.67,0.0
ZM70NHGI,ZM70NHGI,ZH,Massiv,70 kWh,Nahwärme kalt,hoch,Kreuzung,Gitter,1567497,1567497.2890688367,461027.9125186813,4160.2796307692315,32717.52,58599.307384615386,71813.84787692309,7939.938461538462,17982.0,39965.862857142856,61196.112,29483.00307692308,1507.3476923076923,99396.29353846154,3898.8,32367.600000000002,354992.1,369.36,292314.0754055401,32920.473600000005,14678.623606153848,14709.6,188532,437.38800000000003,1368.0,42.672000000000004,10197.20713846154,6647.34,8310.96,5140.800000000001,0.0,156387.3230769231,562946,562945.5537230769,0.0,520.0,Zeile,Gitter,60000.0,6984.0,5586.0,4080.0,17496.0,26916.923076923078,21533.538461538465,0.2916,1.458,5.0,87480.0,98246.76923076923,69984.0,83509.75384615385,0.31851851851851853,24.0,41.0,1706.9268292682927,897.2307692307693,18.770230025543658,True,16650.0,918.32,918.32,270.09,2.44,19.17,34.33,42.07,4.65,10.53,23.41,35.85,17.27,0.88,58.23,2.28,18.96,207.97,0.22,171.25,19.29,8.6,8.62,110.45,0.26,0.8,0.02,5.97,3.89,4.87,3.01,0.0,91.62,329.8,329.8,0.0
ZM70LHGI,ZM70LHGI,ZH,Massiv,70 kWh,LW Wärmepumpe,hoch,Kreuzung,Gitter,1480078,1480077.9314690405,461027.9125186813,4160.2796307692315,32717.52,58599.307384615386,71813.84787692309,7939.938461538462,17982.0,39965.862857142856,61196.112,29483.00307692308,1507.3476923076923,99396.29353846154,3898.8,32367.600000000002,110686.3,369.36,48008.25201406638,32920.473600000005,14678.623606153848,14709.6,188532,437.38800000000003,1368.0,42.672000000000004,10197.20713846154,6647.34,8310.96,5140.800000000001,0.0,156387.3230769231,719832,719832.0195147542,0.0,520.0,Zeile,Gitter,60000.0,6984.0,5586.0,4080.0,17496.0,26916.923076923078,21533.538461538465,0.2916,1.458,5.0,87480.0,98246.76923076923,69984.0,83509.75384615385,0.31851851851851853,24.0,41.0,1706.9268292682927,897.2307692307693,17.723413892414527,True,16650.0,867.1,867.1,270.09,2.44,19.17,34.33,42.07,4.65,10.53,23.41,35.85,17.27,0.88,58.23,2.28,18.96,64.85,0.22,28.13,19.29,8.6,8.62,110.45,0.26,0.8,0.02,5.97,3.89,4.87,3.01,0.0,91.62,421.71,421.71,0.0
ZM70EHGI,ZM70EHGI,ZH,Massiv,70 kWh,Erdgas,hoch,Kreuzung,Gitter,2055978,2055977.6170706782,461027.9125186813,4160.2796307692315,32717.52,58599.307384615386,71813.84787692309,7939.938461538462,17982.0,39965.862857142856,61196.112,29483.00307692308,1507.3476923076923,99396.29353846154,3898.8,32367.600000000002,116087.5,369.36,53409.490570458554,32920.473600000005,14678.623606153848,14709.6,188532,437.38800000000003,1368.0,42.672000000000004,10197.20713846154,6647.34,8310.96,5140.800000000001,0.0,156387.3230769231,1290330,1290330.4665599999,0.0,520.0,Zeile,Gitter,60000.0,6984.0,5586.0,4080.0,17496.0,26916.923076923078,21533.538461538465,0.2916,1.458,5.0,87480.0,98246.76923076923,69984.0,83509.75384615385,0.31851851851851853,24.0,41.0,1706.9268292682927,897.2307692307693,24.619610553017683,True,16650.0,1204.49,1204.49,270.09,2.44,19.17,34.33,42.07,4.65,10.53,23.41,35.85,17.27,0.88,58.23,2.28,18.96,68.01,0.22,31.29,19.29,8.6,8.62,110.45,0.26,0.8,0.02,5.97,3.89,4.87,3.01,0.0,91.62,755.94,755.94,0.0
PH15NHGI,PH15NHGI,PH,Holz,15 kWh,Nahwärme kalt,hoch,Kreuzung,Gitter,951771,951771.2528699943,358585.13364395604,3698.026338461539,34369.92,52214.67323076923,41943.41464615384,7505.723076923078,19180.8,35525.211428571434,40161.821538461554,14731.332923076921,669.9323076923077,80635.31815384614,2599.2,25349.76,256082.2,574.5600000000001,203390.88179834594,29262.643200000002,13047.66542769231,9806.400000000001,170079,489.04800000000006,1368.0,47.712,9064.184123076926,6647.34,8310.96,5140.800000000001,0.0,139010.95384615386,167025,167024.97083076925,0.0,420.0,Punkt,Gitter,60000.0,6984.0,5586.0,4080.0,15552.0,23926.153846153848,19140.923076923078,0.2592,1.296,5.0,77760.0,87330.46153846153,62208.0,74230.89230769231,0.35555555555555557,48.0,41.0,1517.2682926829268,797.5384615384615,12.821767639877413,True,16650.0,627.29,627.29,236.34,2.44,22.65,34.41,27.64,4.95,12.64,23.41,26.47,9.71,0.44,53.15,1.71,16.71,168.78,0.38,134.05,19.29,8.6,6.46,112.1,0.32,0.9,0.03,5.97,4.38,5.48,3.39,0.0,91.62,110.08,110.08,0.0
PH15LHGI,PH15LHGI,PH,Holz,15 kWh,LW Wärmepumpe,hoch,Kreuzung,Gitter,825914,825913.7231316852,358585.13364395604,3698.026338461539,34369.92,52214.67323076923,41943.41464615384,7505.723076923078,19180.8,35525.211428571434,40161.821538461554,14731.332923076921,669.9323076923077,80635.31815384614,2599.2,25349.76,83676.7,574.5600000000001,30985.409369494526,29262.643200000002,13047.66542769231,9806.400000000001,170079,489.04800000000006,1368.0,47.712,9064.184123076926,6647.34,8310.96,5140.800000000001,0.0,139010.95384615386,213573,213572.9135213115,0.0,420.0,Punkt,Gitter,60000.0,6984.0,5586.0,4080.0,15552.0,23926.153846153848,19140.923076923078,0.2592,1.296,5.0,77760.0,87330.46153846153,62208.0,74230.89230769231,0.35555555555555557,48.0,41.0,1517.2682926829268,797.5384615384615,11.126280413122535,True,16650.0,544.34,544.34,236.34,2.44,22.65,34.41,27.64,4.95,12.64,23.41,26.47,9.71,0.44,53.15,1.71,16.71,55.15,0.38,20.42,19.29,8.6,6.46,112.1,0.32,0.9,0.03,5.97,4.38,5.48,3.39,0.0,91.62,140.76,140.76,0.0
PH15EHGI,PH15EHGI,PH,Holz,15 kWh,Erdgas,hoch,Kreuzung,Gitter,996688,996687.6400655527,358585.13364395604,3698.026338461539,34369.92,52214.67323076923,41943.41464615384,7505.723076923078,19180.8,35525.211428571434,40161.821538461554,14731.332923076921,669.9323076923077,80635.31815384614,2599.2,25349.76,85184.7,574.5600000000001,32493.425104673508,29262.643200000002,13047.66542769231,9806.400000000001,170079,489.04800000000006,1368.0,47.712,9064.184123076926,6647.34,8310.96,5140.800000000001,0.0,139010.95384615386,382839,382838.8147200001,0.0,420.0,Punkt,Gitter,60000.0,6984.0,5586.0,4080.0,15552.0,23926.153846153848,19140.923076923078,0.2592,1.296,5.0,77760.0,87330.46153846153,62208.0,74230.89230769231,0.35555555555555557,48.0,41.0,1517.2682926829268,797.5384615384615,13.426857863087674,True,16650.0,656.9,656.9,236.34,2.44,22.65,34.41,27.64,4.95,12.64,23.41,26.47,9.71,0.44,53.15,1.71,16.71,56.14,0.38,21.42,19.29,8.6,6.46,112.1,0.32,0.9,0.03,5.97,4.38,5.48,3.39,0.0,91.62,252.32,252.32,0.0
PH30NHGI,PH30NHGI,PH,Holz,30 kWh,Nahwärme kalt,hoch,Kreuzung,Gitter,1033180,1033180.0945178762,344439.0122901099,3698.026338461539,31726.08,52214.67323076923,33862.57329230769,7505.723076923078,19180.8,35525.211428571434,40161.821538461554,14731.332923076921,669.9323076923077,80635.31815384614,2599.2,21928.32,260717.7,574.5600000000001,208026.46018468935,29262.643200000002,13047.66542769231,9806.400000000001,170079,489.04800000000006,1368.0,47.712,9064.184123076926,6647.34,8310.96,5140.800000000001,0.0,139010.95384615386,257944,257944.35544615384,0.0,420.0,Punkt,Gitter,60000.0,6984.0,5586.0,4080.0,15552.0,23926.153846153848,19140.923076923078,0.2592,1.296,5.0,77760.0,87330.46153846153,62208.0,74230.89230769231,0.35555555555555557,48.0,41.0,1517.2682926829268,797.5384615384615,13.918465242681869,True,16650.0,680.95,680.95,227.01,2.44,20.91,34.41,22.32,4.95,12.64,23.41,26.47,9.71,0.44,53.15,1.71,14.45,171.83,0.38,137.11,19.29,8.6,6.46,112.1,0.32,0.9,0.03,5.97,4.38,5.48,3.39,0.0,91.62,170.01,170.01,0.0
PH30LHGI,PH30LHGI,PH,Holz,30 kWh,LW Wärmepumpe,hoch,Kreuzung,Gitter,930728,930727.6383818216,344439.0122901099,3698.026338461539,31726.08,52214.67323076923,33862.57329230769,7505.723076923078,19180.8,35525.211428571434,40161.821538461554,14731.332923076921,669.9323076923077,80635.31815384614,2599.2,21928.32,86379.1,574.5600000000001,33687.87220298526,29262.643200000002,13047.66542769231,9806.400000000001,170079,489.04800000000006,1368.0,47.712,9064.184123076926,6647.34,8310.96,5140.800000000001,0.0,139010.95384615386,329830,329830.48729180335,0.0,420.0,Punkt,Gitter,60000.0,6984.0,5586.0,4080.0,15552.0,23926.153846153848,19140.923076923078,0.2592,1.296,5.0,77760.0,87330.46153846153,62208.0,74230.89230769231,0.35555555555555557,48.0,41.0,1517.2682926829268,797.5384615384615,12.53827900281583,True,16650.0,613.42,613.42,227.01,2.44,20.91,34.41,22.32,4.95,12.64,23.41,26.47,9.71,0.44,53.15,1.71,14.45,56.93,0.38,22.2,19.29,8.6,6.46,112.1,0.32,0.9,0.03,5.97,4.38,5.48,3.39,0.0,91.62,217.38,217.38,0.0
PH30EHGI,PH30EHGI,PH,Holz,30 kWh,Erdgas,hoch,Kreuzung,Gitter,1194261,1194261.378461203,344439.0122901099,3698.026338461539,31726.08,52214.67323076923,33862.57329230769,7505.723076923078,19180.8,35525.211428571434,40161.821538461554,14731.332923076921,669.9323076923077,80635.31815384614,2599.2,21928.32,88507.8,574.5600000000001,35816.484854169976,29262.643200000002,13047.66542769231,9806.400000000001,170079,489.04800000000006,1368.0,47.712,9064.184123076926,6647.34,8310.96,5140.800000000001,0.0,139010.95384615386,591236,591235.6147200001,0.0,420.0,Punkt,Gitter,60000.0,6984.0,5586.0,4080.0,15552.0,23926.153846153848,19140.923076923078,0.2592,1.296,5.0,77760.0,87330.46153846153,62208.0,74230.89230769231,0.35555555555555557,48.0,41.0,1517.2682926829268,797.5384615384615,16.08846857870043,True,16650.0,787.11,787.11,227.01,2.44,20.91,34.41,22.32,4.95,12.64,23.41,26.47,9.71,0.44,53.15,1.71,14.45,58.33,0.38,23.61,19.29,8.6,6.46,112.1,0.32,0.9,0.03,5.97,4.38,5.48,3.39,0.0,91.62,389.67,389.67,0.0
PH70NHGI,PH70NHGI,PH,Holz,70 kWh,Nahwärme kalt,hoch,Kreuzung,Gitter,1280475,1280475.0797585056,333977.394567033,3698.026338461539,29082.24,52214.67323076923,30399.355569230767,7505.723076923078,19180.8,35525.211428571434,40161.821538461554,14731.332923076921,669.9323076923077,80635.31815384614,2599.2,17573.76,276022.6,574.5600000000001,223331.37084070337,29262.643200000002,13047.66542769231,9806.400000000001,170079,489.04800000000006,1368.0,47.712,9064.184123076926,6647.34,8310.96,5140.800000000001,0.0,139010.95384615386,500396,500396.04775384616,0.0,420.0,Punkt,Gitter,60000.0,6984.0,5586.0,4080.0,15552.0,23926.153846153848,19140.923076923078,0.2592,1.296,5.0,77760.0,87330.46153846153,62208.0,74230.89230769231,0.35555555555555557,48.0,41.0,1517.2682926829268,797.5384615384615,17.249894753397893,True,16650.0,843.93,843.93,220.12,2.44,19.17,34.41,20.04,4.95,12.64,23.41,26.47,9.71,0.44,53.15,1.71,11.58,181.92,0.38,147.19,19.29,8.6,6.46,112.1,0.32,0.9,0.03,5.97,4.38,5.48,3.39,0.0,91.62,329.8,329.8,0.0
PH70LHGI,PH70LHGI,PH,Holz,70 kWh,LW Wärmepumpe,hoch,Kreuzung,Gitter,1240406,1240405.7187209763,333977.394567033,3698.026338461539,29082.24,52214.67323076923,30399.355569230767,7505.723076923078,19180.8,35525.211428571434,40161.821538461554,14731.332923076921,669.9323076923077,80635.31815384614,2599.2,17573.76,96498.6,574.5600000000001,43807.373543905254,29262.643200000002,13047.66542769231,9806.400000000001,170079,489.04800000000006,1368.0,47.712,9064.184123076926,6647.34,8310.96,5140.800000000001,0.0,139010.95384615386,639851,639850.6840131148,0.0,420.0,Punkt,Gitter,60000.0,6984.0,5586.0,4080.0,15552.0,23926.153846153848,19140.923076923078,0.2592,1.296,5.0,77760.0,87330.46153846153,62208.0,74230.89230769231,0.35555555555555557,48.0,41.0,1517.2682926829268,797.5384615384615,16.71010114736876,True,16650.0,817.53,817.53,220.12,2.44,19.17,34.41,20.04,4.95,12.64,23.41,26.47,9.71,0.44,53.15,1.71,11.58,63.6,0.38,28.87,19.29,8.6,6.46,112.1,0.32,0.9,0.03,5.97,4.38,5.48,3.39,0.0,91.62,421.71,421.71,0.0
PH70EHGI,PH70EHGI,PH,Holz,70 kWh,Erdgas,hoch,Kreuzung,Gitter,1752610,1752610.4198099666,333977.394567033,3698.026338461539,29082.24,52214.67323076923,30399.355569230767,7505.723076923078,19180.8,35525.211428571434,40161.821538461554,14731.332923076921,669.9323076923077,80635.31815384614,2599.2,17573.76,101593.6,574.5600000000001,48902.34392601054,29262.643200000002,13047.66542769231,9806.400000000001,170079,489.04800000000006,1368.0,47.712,9064.184123076926,6647.34,8310.96,5140.800000000001,0.0,139010.95384615386,1146960,1146960.41472,0.0,420.0,Punkt,Gitter,60000.0,6984.0,5586.0,4080.0,15552.0,23926.153846153848,19140.923076923078,0.2592,1.296,5.0,77760.0,87330.46153846153,62208.0,74230.89230769231,0.35555555555555557,48.0,41.0,1517.2682926829268,797.5384615384615,23.61025666437192,True,16650.0,1155.11,1155.11,220.12,2.44,19.17,34.41,20.04,4.95,12.64,23.41,26.47,9.71,0.44,53.15,1.71,11.58,66.96,0.38,32.23,19.29,8.6,6.46,112.1,0.32,0.9,0.03,5.97,4.38,5.48,3.39,0.0,91.62,755.94,755.94,0.0
PM15NHGI,PM15NHGI,PH,Massiv,15 kWh,Nahwärme kalt,hoch,Kreuzung,Gitter,1057194,1057194.088562302,464007.9693362638,3698.026338461539,34369.92,52214.67323076923,101587.71987692306,7505.723076923078,19180.8,35525.211428571434,65064.96000000002,19432.822153846155,669.9323076923077,88566.66092307692,2599.2,33592.32,256082.2,574.5600000000001,203390.88179834594,29262.643200000002,13047.66542769231,9806.400000000001,170079,489.04800000000006,1368.0,47.712,9064.184123076926,6647.34,8310.96,5140.800000000001,0.0,139010.95384615386,167025,167024.97083076925,0.0,420.0,Punkt,Gitter,60000.0,6984.0,5586.0,4080.0,15552.0,23926.153846153848,19140.923076923078,0.2592,1.296,5.0,77760.0,87330.46153846153,62208.0,74230.89230769231,0.35555555555555557,48.0,41.0,1517.2682926829268,797.5384615384615,14.241969289284006,True,16650.0,696.77,696.77,305.82,2.44,22.65,34.41,66.95,4.95,12.64,23.41,42.88,12.81,0.44,58.37,1.71,22.14,168.78,0.38,134.05,19.29,8.6,6.46,112.1,0.32,0.9,0.03,5.97,4.38,5.48,3.39,0.0,91.62,110.08,110.08,0.0
PM15LHGI,PM15LHGI,PH,Massiv,15 kWh,LW Wärmepumpe,hoch,Kreuzung,Gitter,931337,931336.5588239928,464007.9693362638,3698.026338461539,34369.92,52214.67323076923,101587.71987692306,7505.723076923078,19180.8,35525.211428571434,65064.96000000002,19432.822153846155,669.9323076923077,88566.66092307692,2599.2,33592.32,83676.7,574.5600000000001,30985.409369494526,29262.643200000002,13047.66542769231,9806.400000000001,170079,489.04800000000006,1368.0,47.712,9064.184123076926,6647.34,8310.96,5140.800000000001,0.0,139010.95384615386,213573,213572.9135213115,0.0,420.0,Punkt,Gitter,60000.0,6984.0,5586.0,4080.0,15552.0,23926.153846153848,19140.923076923078,0.2592,1.296,5.0,77760.0,87330.46153846153,62208.0,74230.89230769231,0.35555555555555557,48.0,41.0,1517.2682926829268,797.5384615384615,12.546482062529128,True,16650.0,613.82,613.82,305.82,2.44,22.65,34.41,66.95,4.95,12.64,23.41,42.88,12.81,0.44,58.37,1.71,22.14,55.15,0.38,20.42,19.29,8.6,6.46,112.1,0.32,0.9,0.03,5.97,4.38,5.48,3.39,0.0,91.62,140.76,140.76,0.0
PM15EHGI,PM15EHGI,PH,Massiv,15 kWh,Erdgas,hoch,Kreuzung,Gitter,1102110,1102110.4757578603,464007.9693362638,3698.026338461539,34369.92,52214.67323076923,101587.71987692306,7505.723076923078,19180.8,35525.211428571434,65064.96000000002,19432.822153846155,669.9323076923077,88566.66092307692,2599.2,33592.32,85184.7,574.5600000000001,32493.425104673508,29262.643200000002,13047.66542769231,9806.400000000001,170079,489.04800000000006,1368.0,47.712,9064.184123076926,6647.34,8310.96,5140.800000000001,0.0,139010.95384615386,382839,382838.8147200001,0.0,420.0,Punkt,Gitter,60000.0,6984.0,5586.0,4080.0,15552.0,23926.153846153848,19140.923076923078,0.2592,1.296,5.0,77760.0,87330.46153846153,62208.0,74230.89230769231,0.35555555555555557,48.0,41.0,1517.2682926829268,797.5384615384615,14.847059512494265,True,16650.0,726.38,726.38,305.82,2.44,22.65,34.41,66.95,4.95,12.64,23.41,42.88,12.81,0.44,58.37,1.71,22.14,56.14,0.38,21.42,19.29,8.6,6.46,112.1,0.32,0.9,0.03,5.97,4.38,5.48,3.39,0.0,91.62,252.32,252.32,0.0
PM30NHGI,PM30NHGI,PH,Massiv,30 kWh,Nahwärme kalt,hoch,Kreuzung,Gitter,1137776,1137775.5564255684,449034.4741978022,3698.026338461539,31726.08,52214.67323076923,90813.26473846153,7505.723076923078,19180.8,35525.211428571434,65064.96000000002,19432.822153846155,669.9323076923077,88566.66092307692,2599.2,32037.120000000003,260717.7,574.5600000000001,208026.46018468935,29262.643200000002,13047.66542769231,9806.400000000001,170079,489.04800000000006,1368.0,47.712,9064.184123076926,6647.34,8310.96,5140.800000000001,0.0,139010.95384615386,257944,257944.35544615384,0.0,420.0,Punkt,Gitter,60000.0,6984.0,5586.0,4080.0,15552.0,23926.153846153848,19140.923076923078,0.2592,1.296,5.0,77760.0,87330.46153846153,62208.0,74230.89230769231,0.35555555555555557,48.0,41.0,1517.2682926829268,797.5384615384615,15.32752094248589,True,16650.0,749.88,749.88,295.95,2.44,20.91,34.41,59.85,4.95,12.64,23.41,42.88,12.81,0.44,58.37,1.71,21.12,171.83,0.38,137.11,19.29,8.6,6.46,112.1,0.32,0.9,0.03,5.97,4.38,5.48,3.39,0.0,91.62,170.01,170.01,0.0
PM30LHGI,PM30LHGI,PH,Massiv,30 kWh,LW Wärmepumpe,hoch,Kreuzung,Gitter,1035323,1035323.1002895138,449034.4741978022,3698.026338461539,31726.08,52214.67323076923,90813.26473846153,7505.723076923078,19180.8,35525.211428571434,65064.96000000002,19432.822153846155,669.9323076923077,88566.66092307692,2599.2,32037.120000000003,86379.1,574.5600000000001,33687.87220298526,29262.643200000002,13047.66542769231,9806.400000000001,170079,489.04800000000006,1368.0,47.712,9064.184123076926,6647.34,8310.96,5140.800000000001,0.0,139010.95384615386,329830,329830.48729180335,0.0,420.0,Punkt,Gitter,60000.0,6984.0,5586.0,4080.0,15552.0,23926.153846153848,19140.923076923078,0.2592,1.296,5.0,77760.0,87330.46153846153,62208.0,74230.89230769231,0.35555555555555557,48.0,41.0,1517.2682926829268,797.5384615384615,13.947334702619852,True,16650.0,682.36,682.36,295.95,2.44,20.91,34.41,59.85,4.95,12.64,23.41,42.88,12.81,0.44,58.37,1.71,21.12,56.93,0.38,22.2,19.29,8.6,6.46,112.1,0.32,0.9,0.03,5.97,4.38,5.48,3.39,0.0,91.62,217.38,217.38,0.0
PM30EHGI,PM30EHGI,PH,Massiv,30 kWh,Erdgas,hoch,Kreuzung,Gitter,1298857,1298856.8403688953,449034.4741978022,3698.026338461539,31726.08,52214.67323076923,90813.26473846153,7505.723076923078,19180.8,35525.211428571434,65064.96000000002,19432.822153846155,669.9323076923077,88566.66092307692,2599.2,32037.120000000003,88507.8,574.5600000000001,35816.484854169976,29262.643200000002,13047.66542769231,9806.400000000001,170079,489.04800000000006,1368.0,47.712,9064.184123076926,6647.34,8310.96,5140.800000000001,0.0,139010.95384615386,591236,591235.6147200001,0.0,420.0,Punkt,Gitter,60000.0,6984.0,5586.0,4080.0,15552.0,23926.153846153848,19140.923076923078,0.2592,1.296,5.0,77760.0,87330.46153846153,62208.0,74230.89230769231,0.35555555555555557,48.0,41.0,1517.2682926829268,797.5384615384615,17.49752427850445,True,16650.0,856.05,856.05,295.95,2.44,20.91,34.41,59.85,4.95,12.64,23.41,42.88,12.81,0.44,58.37,1.71,21.12,58.33,0.38,23.61,19.29,8.6,6.46,112.1,0.32,0.9,0.03,5.97,4.38,5.48,3.39,0.0,91.62,389.67,389.67,0.0
PM70NHGI,PM70NHGI,PH,Massiv,70 kWh,Nahwärme kalt,hoch,Kreuzung,Gitter,1380772,1380771.9540969671,434274.26890549454,3698.026338461539,29082.24,52214.67323076923,81962.81944615384,7505.723076923078,19180.8,35525.211428571434,65064.96000000002,19432.822153846155,669.9323076923077,88566.66092307692,2599.2,28771.2,276022.6,574.5600000000001,223331.37084070337,29262.643200000002,13047.66542769231,9806.400000000001,170079,489.04800000000006,1368.0,47.712,9064.184123076926,6647.34,8310.96,5140.800000000001,0.0,139010.95384615386,500396,500396.04775384616,0.0,420.0,Punkt,Gitter,60000.0,6984.0,5586.0,4080.0,15552.0,23926.153846153848,19140.923076923078,0.2592,1.296,5.0,77760.0,87330.46153846153,62208.0,74230.89230769231,0.35555555555555557,48.0,41.0,1517.2682926829268,797.5384615384615,18.60104211564061,True,16650.0,910.04,910.04,286.22,2.44,19.17,34.41,54.02,4.95,12.64,23.41,42.88,12.81,0.44,58.37,1.71,18.96,181.92,0.38,147.19,19.29,8.6,6.46,112.1,0.32,0.9,0.03,5.97,4.38,5.48,3.39,0.0,91.62,329.8,329.8,0.0
PM70LHGI,PM70LHGI,PH,Massiv,70 kWh,LW Wärmepumpe,hoch,Kreuzung,Gitter,1340703,1340702.5930594378,434274.26890549454,3698.026338461539,29082.24,52214.67323076923,81962.81944615384,7505.723076923078,19180.8,35525.211428571434,65064.96000000002,19432.822153846155,669.9323076923077,88566.66092307692,2599.2,28771.2,96498.6,574.5600000000001,43807.373543905254,29262.643200000002,13047.66542769231,9806.400000000001,170079,489.04800000000006,1368.0,47.712,9064.184123076926,6647.34,8310.96,5140.800000000001,0.0,139010.95384615386,639851,639850.6840131148,0.0,420.0,Punkt,Gitter,60000.0,6984.0,5586.0,4080.0,15552.0,23926.153846153848,19140.923076923078,0.2592,1.296,5.0,77760.0,87330.46153846153,62208.0,74230.89230769231,0.35555555555555557,48.0,41.0,1517.2682926829268,797.5384615384615,18.061248509611474,True,16650.0,883.63,883.63,286.22,2.44,19.17,34.41,54.02,4.95,12.64,23.41,42.88,12.81,0.44,58.37,1.71,18.96,63.6,0.38,28.87,19.29,8.6,6.46,112.1,0.32,0.9,0.03,5.97,4.38,5.48,3.39,0.0,91.62,421.71,421.71,0.0
PM70EHGI,PM70EHGI,PH,Massiv,70 kWh,Erdgas,hoch,Kreuzung,Gitter,1852907,1852907.2941484281,434274.26890549454,3698.026338461539,29082.24,52214.67323076923,81962.81944615384,7505.723076923078,19180.8,35525.211428571434,65064.96000000002,19432.822153846155,669.9323076923077,88566.66092307692,2599.2,28771.2,101593.6,574.5600000000001,48902.34392601054,29262.643200000002,13047.66542769231,9806.400000000001,170079,489.04800000000006,1368.0,47.712,9064.184123076926,6647.34,8310.96,5140.800000000001,0.0,139010.95384615386,1146960,1146960.41472,0.0,420.0,Punkt,Gitter,60000.0,6984.0,5586.0,4080.0,15552.0,23926.153846153848,19140.923076923078,0.2592,1.296,5.0,77760.0,87330.46153846153,62208.0,74230.89230769231,0.35555555555555557,48.0,41.0,1517.2682926829268,797.5384615384615,24.961404026614638,True,16650.0,1221.21,1221.21,286.22,2.44,19.17,34.41,54.02,4.95,12.64,23.41,42.88,12.81,0.44,58.37,1.71,18.96,66.96,0.38,32.23,19.29,8.6,6.46,112.1,0.32,0.9,0.03,5.97,4.38,5.48,3.39,0.0,91.62,755.94,755.94,0.0
BH15NHGI,BH15NHGI,BW,Holz,15 kWh,Nahwärme kalt,hoch,Kreuzung,Gitter,1478528,1478527.796626676,505632.76770197804,6055.51812923077,46900.62,85212.38741538463,38222.71004307692,11070.94153846154,8724.6,58172.533714285724,24077.353846153852,53401.08184615385,1371.2676923076924,131593.81347692307,6238.08,34591.86,435053.7,71.82000000000001,346085.90538685187,47917.57824000001,21365.552137846156,19612.800000000003,264338,362.48100000000005,1368.0,35.364,14842.601501538462,6647.34,8310.96,5140.800000000001,0.0,227630.43692307692,273503,273503.38973538455,0.0,620.0,BW,Gitter,60000.0,6984.0,5586.0,4080.0,21222.0,39179.07692307692,31343.26153846154,0.3537,2.1222,6.0,127332.0,143003.63076923077,101865.6,121553.08615384615,0.25925925925925924,6.0,41.0,2484.526829268293,1305.9692307692308,12.163638484302629,True,16650.0,595.09,595.09,203.51,2.44,18.88,34.3,15.38,4.46,3.51,23.41,9.69,21.49,0.55,52.97,2.51,13.92,175.11,0.03,139.3,19.29,8.6,7.89,106.39,0.15,0.55,0.01,5.97,2.68,3.35,2.07,0.0,91.62,110.08,110.08,0.0
BH15LHGI,BH15LHGI,BW,Holz,15 kWh,LW Wärmepumpe,hoch,Kreuzung,Gitter,1261101,1261100.7123695372,505632.76770197804,6055.51812923077,46900.62,85212.38741538463,38222.71004307692,11070.94153846154,8724.6,58172.533714285724,24077.353846153852,53401.08184615385,1371.2676923076924,131593.81347692307,6238.08,34591.86,141404.3,71.82000000000001,52436.564973950146,47917.57824000001,21365.552137846156,19612.800000000003,264338,362.48100000000005,1368.0,35.364,14842.601501538462,6647.34,8310.96,5140.800000000001,0.0,227630.43692307692,349726,349725.6458911475,0.0,620.0,BW,Gitter,60000.0,6984.0,5586.0,4080.0,21222.0,39179.07692307692,31343.26153846154,0.3537,2.1222,6.0,127332.0,143003.63076923077,101865.6,121553.08615384615,0.25925925925925924,6.0,41.0,2484.526829268293,1305.9692307692308,10.374896699647753,True,16650.0,507.58,507.58,203.51,2.44,18.88,34.3,15.38,4.46,3.51,23.41,9.69,21.49,0.55,52.97,2.51,13.92,56.91,0.03,21.11,19.29,8.6,7.89,106.39,0.15,0.55,0.01,5.97,2.68,3.35,2.07,0.0,91.62,140.76,140.76,0.0
BH15EHGI,BH15EHGI,BW,Holz,15 kWh,Erdgas,hoch,Kreuzung,Gitter,1551033,1551032.5935774487,505632.76770197804,6055.51812923077,46900.62,85212.38741538463,38222.71004307692,11070.94153846154,8724.6,58172.533714285724,24077.353846153852,53401.08184615385,1371.2676923076924,131593.81347692307,6238.08,34591.86,154163.3,71.82000000000001,65195.53296900903,47917.57824000001,21365.552137846156,19612.800000000003,264338,362.48100000000005,1368.0,35.364,14842.601501538462,6647.34,8310.96,5140.800000000001,0.0,227630.43692307692,626899,626898.5591040001,0.0,620.0,BW,Gitter,60000.0,6984.0,5586.0,4080.0,21222.0,39179.07692307692,31343.26153846154,0.3537,2.1222,6.0,127332.0,143003.63076923077,101865.6,121553.08615384615,0.25925925925925924,6.0,41.0,2484.526829268293,1305.9692307692308,12.76012516551289,True,16650.0,624.28,624.28,203.51,2.44,18.88,34.3,15.38,4.46,3.51,23.41,9.69,21.49,0.55,52.97,2.51,13.92,62.05,0.03,26.24,19.29,8.6,7.89,106.39,0.15,0.55,0.01,5.97,2.68,3.35,2.07,0.0,91.62,252.32,252.32,0.0
BH30NHGI,BH30NHGI,BW,Holz,30 kWh,Nahwärme kalt,hoch,Kreuzung,Gitter,1621338,1621337.9676181846,489992.17934505496,6055.51812923077,43292.88,85212.38741538463,30858.701686153843,11070.94153846154,8724.6,58172.533714285724,24077.353846153852,53401.08184615385,1371.2676923076924,131593.81347692307,6238.08,29923.019999999997,444623.9,71.82000000000001,355656.1724275912,47917.57824000001,21365.552137846156,19612.800000000003,264338,362.48100000000005,1368.0,35.364,14842.601501538462,6647.34,8310.96,5140.800000000001,0.0,227630.43692307692,422384,422383.88204307697,0.0,620.0,BW,Gitter,60000.0,6984.0,5586.0,4080.0,21222.0,39179.07692307692,31343.26153846154,0.3537,2.1222,6.0,127332.0,143003.63076923077,101865.6,121553.08615384615,0.25925925925925924,6.0,41.0,2484.526829268293,1305.9692307692308,13.338517506384866,True,16650.0,652.57,652.57,197.22,2.44,17.42,34.3,12.42,4.46,3.51,23.41,9.69,21.49,0.55,52.97,2.51,12.04,178.96,0.03,143.15,19.29,8.6,7.89,106.39,0.15,0.55,0.01,5.97,2.68,3.35,2.07,0.0,91.62,170.01,170.01,0.0
BH30LHGI,BH30LHGI,BW,Holz,30 kWh,LW Wärmepumpe,hoch,Kreuzung,Gitter,1442268,1442268.4110029181,489992.17934505496,6055.51812923077,43292.88,85212.38741538463,30858.701686153843,11070.94153846154,8724.6,58172.533714285724,24077.353846153852,53401.08184615385,1371.2676923076924,131593.81347692307,6238.08,29923.019999999997,147840.8,71.82000000000001,58873.074915073725,47917.57824000001,21365.552137846156,19612.800000000003,264338,362.48100000000005,1368.0,35.364,14842.601501538462,6647.34,8310.96,5140.800000000001,0.0,227630.43692307692,540097,540097.4229403279,0.0,620.0,BW,Gitter,60000.0,6984.0,5586.0,4080.0,21222.0,39179.07692307692,31343.26153846154,0.3537,2.1222,6.0,127332.0,143003.63076923077,101865.6,121553.08615384615,0.25925925925925924,6.0,41.0,2484.526829268293,1305.9692307692308,11.865337661418828,True,16650.0,580.5,580.5,197.22,2.44,17.42,34.3,12.42,4.46,3.51,23.41,9.69,21.49,0.55,52.97,2.51,12.04,59.5,0.03,23.7,19.29,8.6,7.89,106.39,0.15,0.55,0.01,5.97,2.68,3.35,2.07,0.0,91.62,217.38,217.38,0.0
BH30EHGI,BH30EHGI,BW,Holz,30 kWh,Erdgas,hoch,Kreuzung,Gitter,1881762,1881761.5695888505,489992.17934505496,6055.51812923077,43292.88,85212.38741538463,30858.701686153843,11070.94153846154,8724.6,58172.533714285724,24077.353846153852,53401.08184615385,1371.2676923076924,131593.81347692307,6238.08,29923.019999999997,159283.1,71.82000000000001,70315.33733733399,47917.57824000001,21365.552137846156,19612.800000000003,264338,362.48100000000005,1368.0,35.364,14842.601501538462,6647.34,8310.96,5140.800000000001,0.0,227630.43692307692,968148,968148.319104,0.0,620.0,BW,Gitter,60000.0,6984.0,5586.0,4080.0,21222.0,39179.07692307692,31343.26153846154,0.3537,2.1222,6.0,127332.0,143003.63076923077,101865.6,121553.08615384615,0.25925925925925924,6.0,41.0,2484.526829268293,1305.9692307692308,15.480985544103426,True,16650.0,757.39,757.39,197.22,2.44,17.42,34.3,12.42,4.46,3.51,23.41,9.69,21.49,0.55,52.97,2.51,12.04,64.11,0.03,28.3,19.29,8.6,7.89,106.39,0.15,0.55,0.01,5.97,2.68,3.35,2.07,0.0,91.62,389.67,389.67,0.0
BH70NHGI,BH70NHGI,BW,Holz,70 kWh,Nahwärme kalt,hoch,Kreuzung,Gitter,2023827,2023827.0515184212,477286.2757635165,6055.51812923077,39685.14,85212.38741538463,27702.698104615385,11070.94153846154,8724.6,58172.533714285724,24077.353846153852,53401.08184615385,1371.2676923076924,131593.81347692307,6238.08,23980.859999999997,462804.3,71.82000000000001,373836.51375552,47917.57824000001,21365.552137846156,19612.800000000003,264338,362.48100000000005,1368.0,35.364,14842.601501538462,6647.34,8310.96,5140.800000000001,0.0,227630.43692307692,819399,819398.5281969232,0.0,620.0,BW,Gitter,60000.0,6984.0,5586.0,4080.0,21222.0,39179.07692307692,31343.26153846154,0.3537,2.1222,6.0,127332.0,143003.63076923077,101865.6,121553.08615384615,0.25925925925925924,6.0,41.0,2484.526829268293,1305.9692307692308,16.64973811489182,True,16650.0,814.57,814.57,192.1,2.44,15.97,34.3,11.15,4.46,3.51,23.41,9.69,21.49,0.55,52.97,2.51,9.65,186.27,0.03,150.47,19.29,8.6,7.89,106.39,0.15,0.55,0.01,5.97,2.68,3.35,2.07,0.0,91.62,329.8,329.8,0.0
BH70LHGI,BH70LHGI,BW,Holz,70 kWh,LW Wärmepumpe,hoch,Kreuzung,Gitter,1947058,1947058.3513021525,477286.2757635165,6055.51812923077,39685.14,85212.38741538463,27702.698104615385,11070.94153846154,8724.6,58172.533714285724,24077.353846153852,53401.08184615385,1371.2676923076924,131593.81347692307,6238.08,23980.859999999997,157678.6,71.82000000000001,68710.84666469877,47917.57824000001,21365.552137846156,19612.800000000003,264338,362.48100000000005,1368.0,35.364,14842.601501538462,6647.34,8310.96,5140.800000000001,0.0,227630.43692307692,1047755,1047755.4950714755,0.0,620.0,BW,Gitter,60000.0,6984.0,5586.0,4080.0,21222.0,39179.07692307692,31343.26153846154,0.3537,2.1222,6.0,127332.0,143003.63076923077,101865.6,121553.08615384615,0.25925925925925924,6.0,41.0,2484.526829268293,1305.9692307692308,16.018172906262684,True,16650.0,783.67,783.67,192.1,2.44,15.97,34.3,11.15,4.46,3.51,23.41,9.69,21.49,0.55,52.97,2.51,9.65,63.46,0.03,27.66,19.29,8.6,7.89,106.39,0.15,0.55,0.01,5.97,2.68,3.35,2.07,0.0,91.62,421.71,421.71,0.0
BH70EHGI,BH70EHGI,BW,Holz,70 kWh,Erdgas,hoch,Kreuzung,Gitter,2784408,2784407.8221642673,477286.2757635165,6055.51812923077,39685.14,85212.38741538463,27702.698104615385,11070.94153846154,8724.6,58172.533714285724,24077.353846153852,53401.08184615385,1371.2676923076924,131593.81347692307,6238.08,23980.859999999997,164635.9,71.82000000000001,75668.13349428902,47917.57824000001,21365.552137846156,19612.800000000003,264338,362.48100000000005,1368.0,35.364,14842.601501538462,6647.34,8310.96,5140.800000000001,0.0,227630.43692307692,1878148,1878147.6791040006,0.0,620.0,BW,Gitter,60000.0,6984.0,5586.0,4080.0,21222.0,39179.07692307692,31343.26153846154,0.3537,2.1222,6.0,127332.0,143003.63076923077,101865.6,121553.08615384615,0.25925925925925924,6.0,41.0,2484.526829268293,1305.9692307692308,22.90692824236585,True,16650.0,1120.7,1120.7,192.1,2.44,15.97,34.3,11.15,4.46,3.51,23.41,9.69,21.49,0.55,52.97,2.51,9.65,66.26,0.03,30.46,19.29,8.6,7.89,106.39,0.15,0.55,0.01,5.97,2.68,3.35,2.07,0.0,91.62,755.94,755.94,0.0
BM15NHGI,BM15NHGI,BW,Massiv,15 kWh,Nahwärme kalt,hoch,Kreuzung,Gitter,1589134,1589134.0500420607,616239.0211173627,6055.51812923077,46900.62,85212.38741538463,92576.10505846153,11070.94153846154,8724.6,58172.533714285724,39096.0,70443.98030769231,1371.2676923076924,144537.46726153846,6238.08,45839.520000000004,435053.7,71.82000000000001,346085.90538685187,47917.57824000001,21365.552137846156,19612.800000000003,264338,362.48100000000005,1368.0,35.364,14842.601501538462,6647.34,8310.96,5140.800000000001,0.0,227630.43692307692,273503,273503.38973538455,0.0,620.0,BW,Gitter,60000.0,6984.0,5586.0,4080.0,21222.0,39179.07692307692,31343.26153846154,0.3537,2.1222,6.0,127332.0,143003.63076923077,101865.6,121553.08615384615,0.25925925925925924,6.0,41.0,2484.526829268293,1305.9692307692308,13.073580443944802,True,16650.0,639.61,639.61,248.03,2.44,18.88,34.3,37.26,4.46,3.51,23.41,15.74,28.35,0.55,58.18,2.51,18.45,175.11,0.03,139.3,19.29,8.6,7.89,106.39,0.15,0.55,0.01,5.97,2.68,3.35,2.07,0.0,91.62,110.08,110.08,0.0
BM15LHGI,BM15LHGI,BW,Massiv,15 kWh,LW Wärmepumpe,hoch,Kreuzung,Gitter,1371707,1371706.9657849218,616239.0211173627,6055.51812923077,46900.62,85212.38741538463,92576.10505846153,11070.94153846154,8724.6,58172.533714285724,39096.0,70443.98030769231,1371.2676923076924,144537.46726153846,6238.08,45839.520000000004,141404.3,71.82000000000001,52436.564973950146,47917.57824000001,21365.552137846156,19612.800000000003,264338,362.48100000000005,1368.0,35.364,14842.601501538462,6647.34,8310.96,5140.800000000001,0.0,227630.43692307692,349726,349725.6458911475,0.0,620.0,BW,Gitter,60000.0,6984.0,5586.0,4080.0,21222.0,39179.07692307692,31343.26153846154,0.3537,2.1222,6.0,127332.0,143003.63076923077,101865.6,121553.08615384615,0.25925925925925924,6.0,41.0,2484.526829268293,1305.9692307692308,11.284838659289925,True,16650.0,552.1,552.1,248.03,2.44,18.88,34.3,37.26,4.46,3.51,23.41,15.74,28.35,0.55,58.18,2.51,18.45,56.91,0.03,21.11,19.29,8.6,7.89,106.39,0.15,0.55,0.01,5.97,2.68,3.35,2.07,0.0,91.62,140.76,140.76,0.0
BM15EHGI,BM15EHGI,BW,Massiv,15 kWh,Erdgas,hoch,Kreuzung,Gitter,1661639,1661638.8469928335,616239.0211173627,6055.51812923077,46900.62,85212.38741538463,92576.10505846153,11070.94153846154,8724.6,58172.533714285724,39096.0,70443.98030769231,1371.2676923076924,144537.46726153846,6238.08,45839.520000000004,154163.3,71.82000000000001,65195.53296900903,47917.57824000001,21365.552137846156,19612.800000000003,264338,362.48100000000005,1368.0,35.364,14842.601501538462,6647.34,8310.96,5140.800000000001,0.0,227630.43692307692,626899,626898.5591040001,0.0,620.0,BW,Gitter,60000.0,6984.0,5586.0,4080.0,21222.0,39179.07692307692,31343.26153846154,0.3537,2.1222,6.0,127332.0,143003.63076923077,101865.6,121553.08615384615,0.25925925925925924,6.0,41.0,2484.526829268293,1305.9692307692308,13.670067125155063,True,16650.0,668.79,668.79,248.03,2.44,18.88,34.3,37.26,4.46,3.51,23.41,15.74,28.35,0.55,58.18,2.51,18.45,62.05,0.03,26.24,19.29,8.6,7.89,106.39,0.15,0.55,0.01,5.97,2.68,3.35,2.07,0.0,91.62,252.32,252.32,0.0
BM30NHGI,BM30NHGI,BW,Massiv,30 kWh,Nahwärme kalt,hoch,Kreuzung,Gitter,1732036,1732036.1915812616,600690.4033081318,6055.51812923077,43292.88,85212.38741538463,82757.42724923076,11070.94153846154,8724.6,58172.533714285724,39096.0,70443.98030769231,1371.2676923076924,144537.46726153846,6238.08,43717.32,444623.9,71.82000000000001,355656.1724275912,47917.57824000001,21365.552137846156,19612.800000000003,264338,362.48100000000005,1368.0,35.364,14842.601501538462,6647.34,8310.96,5140.800000000001,0.0,227630.43692307692,422384,422383.88204307697,0.0,620.0,BW,Gitter,60000.0,6984.0,5586.0,4080.0,21222.0,39179.07692307692,31343.26153846154,0.3537,2.1222,6.0,127332.0,143003.63076923077,101865.6,121553.08615384615,0.25925925925925924,6.0,41.0,2484.526829268293,1305.9692307692308,14.249216094678786,True,16650.0,697.13,697.13,241.77,2.44,17.42,34.3,33.31,4.46,3.51,23.41,15.74,28.35,0.55,58.18,2.51,17.6,178.96,0.03,143.15,19.29,8.6,7.89,106.39,0.15,0.55,0.01,5.97,2.68,3.35,2.07,0.0,91.62,170.01,170.01,0.0
BM30LHGI,BM30LHGI,BW,Massiv,30 kWh,LW Wärmepumpe,hoch,Kreuzung,Gitter,1552967,1552966.6349659949,600690.4033081318,6055.51812923077,43292.88,85212.38741538463,82757.42724923076,11070.94153846154,8724.6,58172.533714285724,39096.0,70443.98030769231,1371.2676923076924,144537.46726153846,6238.08,43717.32,147840.8,71.82000000000001,58873.074915073725,47917.57824000001,21365.552137846156,19612.800000000003,264338,362.48100000000005,1368.0,35.364,14842.601501538462,6647.34,8310.96,5140.800000000001,0.0,227630.43692307692,540097,540097.4229403279,0.0,620.0,BW,Gitter,60000.0,6984.0,5586.0,4080.0,21222.0,39179.07692307692,31343.26153846154,0.3537,2.1222,6.0,127332.0,143003.63076923077,101865.6,121553.08615384615,0.25925925925925924,6.0,41.0,2484.526829268293,1305.9692307692308,12.77603624971275,True,16650.0,625.06,625.06,241.77,2.44,17.42,34.3,33.31,4.46,3.51,23.41,15.74,28.35,0.55,58.18,2.51,17.6,59.5,0.03,23.7,19.29,8.6,7.89,106.39,0.15,0.55,0.01,5.97,2.68,3.35,2.07,0.0,91.62,217.38,217.38,0.0
BM30EHGI,BM30EHGI,BW,Massiv,30 kWh,Erdgas,hoch,Kreuzung,Gitter,1992460,1992459.7935519274,600690.4033081318,6055.51812923077,43292.88,85212.38741538463,82757.42724923076,11070.94153846154,8724.6,58172.533714285724,39096.0,70443.98030769231,1371.2676923076924,144537.46726153846,6238.08,43717.32,159283.1,71.82000000000001,70315.33733733399,47917.57824000001,21365.552137846156,19612.800000000003,264338,362.48100000000005,1368.0,35.364,14842.601501538462,6647.34,8310.96,5140.800000000001,0.0,227630.43692307692,968148,968148.319104,0.0,620.0,BW,Gitter,60000.0,6984.0,5586.0,4080.0,21222.0,39179.07692307692,31343.26153846154,0.3537,2.1222,6.0,127332.0,143003.63076923077,101865.6,121553.08615384615,0.25925925925925924,6.0,41.0,2484.526829268293,1305.9692307692308,16.391684132397348,True,16650.0,801.95,801.95,241.77,2.44,17.42,34.3,33.31,4.46,3.51,23.41,15.74,28.35,0.55,58.18,2.51,17.6,64.11,0.03,28.3,19.29,8.6,7.89,106.39,0.15,0.55,0.01,5.97,2.68,3.35,2.07,0.0,91.62,389.67,389.67,0.0
BM70NHGI,BM70NHGI,BW,Massiv,70 kWh,Nahwärme kalt,hoch,Kreuzung,Gitter,2131101,2131101.4765768824,584560.7008219779,6055.51812923077,39685.14,85212.38741538463,74692.08476307691,11070.94153846154,8724.6,58172.533714285724,39096.0,70443.98030769231,1371.2676923076924,144537.46726153846,6238.08,39260.700000000004,462804.3,71.82000000000001,373836.51375552,47917.57824000001,21365.552137846156,19612.800000000003,264338,362.48100000000005,1368.0,35.364,14842.601501538462,6647.34,8310.96,5140.800000000001,0.0,227630.43692307692,819399,819398.5281969232,0.0,620.0,BW,Gitter,60000.0,6984.0,5586.0,4080.0,21222.0,39179.07692307692,31343.26153846154,0.3537,2.1222,6.0,127332.0,143003.63076923077,101865.6,121553.08615384615,0.25925925925925924,6.0,41.0,2484.526829268293,1305.9692307692308,17.53226959519243,True,16650.0,857.75,857.75,235.28,2.44,15.97,34.3,30.06,4.46,3.51,23.41,15.74,28.35,0.55,58.18,2.51,15.8,186.27,0.03,150.47,19.29,8.6,7.89,106.39,0.15,0.55,0.01,5.97,2.68,3.35,2.07,0.0,91.62,329.8,329.8,0.0
BM70LHGI,BM70LHGI,BW,Massiv,70 kWh,LW Wärmepumpe,hoch,Kreuzung,Gitter,2054333,2054332.7763606138,584560.7008219779,6055.51812923077,39685.14,85212.38741538463,74692.08476307691,11070.94153846154,8724.6,58172.533714285724,39096.0,70443.98030769231,1371.2676923076924,144537.46726153846,6238.08,39260.700000000004,157678.6,71.82000000000001,68710.84666469877,47917.57824000001,21365.552137846156,19612.800000000003,264338,362.48100000000005,1368.0,35.364,14842.601501538462,6647.34,8310.96,5140.800000000001,0.0,227630.43692307692,1047755,1047755.4950714755,0.0,620.0,BW,Gitter,60000.0,6984.0,5586.0,4080.0,21222.0,39179.07692307692,31343.26153846154,0.3537,2.1222,6.0,127332.0,143003.63076923077,101865.6,121553.08615384615,0.25925925925925924,6.0,41.0,2484.526829268293,1305.9692307692308,16.900704386563298,True,16650.0,826.85,826.85,235.28,2.44,15.97,34.3,30.06,4.46,3.51,23.41,15.74,28.35,0.55,58.18,2.51,15.8,63.46,0.03,27.66,19.29,8.6,7.89,106.39,0.15,0.55,0.01,5.97,2.68,3.35,2.07,0.0,91.62,421.71,421.71,0.0
BM70EHGI,BM70EHGI,BW,Massiv,70 kWh,Erdgas,hoch,Kreuzung,Gitter,2891682,2891682.247222729,584560.7008219779,6055.51812923077,39685.14,85212.38741538463,74692.08476307691,11070.94153846154,8724.6,58172.533714285724,39096.0,70443.98030769231,1371.2676923076924,144537.46726153846,6238.08,39260.700000000004,164635.9,71.82000000000001,75668.13349428902,47917.57824000001,21365.552137846156,19612.800000000003,264338,362.48100000000005,1368.0,35.364,14842.601501538462,6647.34,8310.96,5140.800000000001,0.0,227630.43692307692,1878148,1878147.6791040006,0.0,620.0,BW,Gitter,60000.0,6984.0,5586.0,4080.0,21222.0,39179.07692307692,31343.26153846154,0.3537,2.1222,6.0,127332.0,143003.63076923077,101865.6,121553.08615384615,0.25925925925925924,6.0,41.0,2484.526829268293,1305.9692307692308,23.78945972266646,True,16650.0,1163.88,1163.88,235.28,2.44,15.97,34.3,30.06,4.46,3.51,23.41,15.74,28.35,0.55,58.18,2.51,15.8,66.26,0.03,30.46,19.29,8.6,7.89,106.39,0.15,0.55,0.01,5.97,2.68,3.35,2.07,0.0,91.62,755.94,755.94,0.0
EH15NHSC,EH15NHSC,EFH,Holz,15 kWh,Nahwärme kalt,hoch,Kurve,Schlaufe,215034,215034.15427881072,85425.36224000002,1282.8866400000002,14674.842,10276.636000000002,14449.507999999998,1142.4,5114.137599999999,8426.730000000001,2227.6800000000003,2441.744,114.24,11819.725999999999,80.24,13374.591999999999,75055.4,1197.0,67778.48535757992,3346.6608,2733.258232,0.0,18896,530.95,912.0,51.800000000000004,39.41280000000001,4881.38,5626.32,3427.2000000000007,3427.2,0.0,35657,35657.12484923077,0.0,121.0,EFH,Schlaufe,60000.0,4728.0,4102.0,2720.0,6640.200000000001,,,0.12767,0.293675,2.5,17620.5,19920.6,13280.400000000001,15936.48,0.6442179351874845,68.0,51.0,260.40000000000003,68.0,13.493202656973855,False,11550.0,825.78,825.78,328.05,4.93,56.36,39.46,55.49,4.39,19.64,32.36,8.55,9.38,0.44,45.39,0.31,51.36,288.23,4.6,260.29,12.85,10.5,0.0,72.57,2.04,3.5,0.2,0.15,18.75,21.61,13.16,13.16,0.0,136.93,136.93,0.0
EH15LHSC,EH15LHSC,EFH,Holz,15 kWh,LW Wärmepumpe,hoch,Kurve,Schlaufe,164324,164324.1106721738,85425.36224000002,1282.8866400000002,14674.842,10276.636000000002,14449.507999999998,1142.4,5114.137599999999,8426.730000000001,2227.6800000000003,2441.744,114.24,11819.725999999999,80.24,13374.591999999999,14408.1,1197.0,7131.210235583616,3346.6608,2733.258232,0.0,18896,530.95,912.0,51.800000000000004,39.41280000000001,4881.38,5626.32,3427.2000000000007,3427.2,0.0,45594,45594.35636459017,0.0,121.0,EFH,Schlaufe,60000.0,4728.0,4102.0,2720.0,6640.200000000001,,,0.12767,0.293675,2.5,17620.5,19920.6,13280.400000000001,15936.48,0.6442179351874845,68.0,51.0,260.40000000000003,68.0,10.311192350642914,False,11550.0,631.04,631.04,328.05,4.93,56.36,39.46,55.49,4.39,19.64,32.36,8.55,9.38,0.44,45.39,0.31,51.36,55.33,4.6,27.39,12.85,10.5,0.0,72.57,2.04,3.5,0.2,0.15,18.75,21.61,13.16,13.16,0.0,175.09,175.09,0.0
EH15EHSC,EH15EHSC,EFH,Holz,15 kWh,Erdgas,hoch,Kurve,Schlaufe,204070,204069.90649485134,85425.36224000002,1282.8866400000002,14674.842,10276.636000000002,14449.507999999998,1142.4,5114.137599999999,8426.730000000001,2227.6800000000003,2441.744,114.24,11819.725999999999,80.24,13374.591999999999,18018.4,1197.0,10741.478886851328,3346.6608,2733.258232,0.0,18896,530.95,912.0,51.800000000000004,39.41280000000001,4881.38,5626.32,3427.2000000000007,3427.2,0.0,81730,81729.883536,0.0,121.0,EFH,Schlaufe,60000.0,4728.0,4102.0,2720.0,6640.200000000001,,,0.12767,0.293675,2.5,17620.5,19920.6,13280.400000000001,15936.48,0.6442179351874845,68.0,51.0,260.40000000000003,68.0,12.8052058230457,False,11550.0,783.68,783.68,328.05,4.93,56.36,39.46,55.49,4.39,19.64,32.36,8.55,9.38,0.44,45.39,0.31,51.36,69.2,4.6,41.25,12.85,10.5,0.0,72.57,2.04,3.5,0.2,0.15,18.75,21.61,13.16,13.16,0.0,313.86,313.86,0.0
EH30NHSC,EH30NHSC,EFH,Holz,30 kWh,Nahwärme kalt,hoch,Kurve,Schlaufe,233036,233035.86385370186,82695.30824000001,1282.8866400000002,13546.008000000002,10276.636000000002,13108.831999999999,1142.4,5114.137599999999,8426.730000000001,2227.6800000000003,2441.744,114.24,11819.725999999999,80.24,13114.047999999999,76377.4,1197.0,69100.43354785569,3346.6608,2733.258232,0.0,18896,530.95,912.0,51.800000000000004,39.41280000000001,4881.38,5626.32,3427.2000000000007,3427.2,0.0,55067,55066.94023384615,0.0,121.0,EFH,Schlaufe,60000.0,4728.0,4102.0,2720.0,6640.200000000001,,,0.12767,0.293675,2.5,17620.5,19920.6,13280.400000000001,15936.48,0.6442179351874845,68.0,51.0,260.40000000000003,68.0,14.622793982968751,False,11550.0,894.92,894.91,317.57,4.93,52.02,39.46,50.34,4.39,19.64,32.36,8.55,9.38,0.44,45.39,0.31,50.36,293.31,4.6,265.36,12.85,10.5,0.0,72.57,2.04,3.5,0.2,0.15,18.75,21.61,13.16,13.16,0.0,211.47,211.47,0.0
EH30LHSC,EH30LHSC,EFH,Holz,30 kWh,LW Wärmepumpe,hoch,Kurve,Schlaufe,187320,187320.25373839802,82695.30824000001,1282.8866400000002,13546.008000000002,10276.636000000002,13108.831999999999,1142.4,5114.137599999999,8426.730000000001,2227.6800000000003,2441.744,114.24,11819.725999999999,80.24,13114.047999999999,15315.2,1197.0,8038.299105086544,3346.6608,2733.258232,0.0,18896,530.95,912.0,51.800000000000004,39.41280000000001,4881.38,5626.32,3427.2000000000007,3427.2,0.0,70413,70413.46456131147,0.0,121.0,EFH,Schlaufe,60000.0,4728.0,4102.0,2720.0,6640.200000000001,,,0.12767,0.293675,2.5,17620.5,19920.6,13280.400000000001,15936.48,0.6442179351874845,68.0,51.0,260.40000000000003,68.0,11.754179953063538,False,11550.0,719.35,719.36,317.57,4.93,52.02,39.46,50.34,4.39,19.64,32.36,8.55,9.38,0.44,45.39,0.31,50.36,58.81,4.6,30.87,12.85,10.5,0.0,72.57,2.04,3.5,0.2,0.15,18.75,21.61,13.16,13.16,0.0,270.4,270.41,0.0
EH30EHSC,EH30EHSC,EFH,Holz,30 kWh,Erdgas,hoch,Kurve,Schlaufe,246366,246366.12111822003,82695.30824000001,1282.8866400000002,13546.008000000002,10276.636000000002,13108.831999999999,1142.4,5114.137599999999,8426.730000000001,2227.6800000000003,2441.744,114.24,11819.725999999999,80.24,13114.047999999999,18555.3,1197.0,11278.407510220033,3346.6608,2733.258232,0.0,18896,530.95,912.0,51.800000000000004,39.41280000000001,4881.38,5626.32,3427.2000000000007,3427.2,0.0,126219,126219.223536,0.0,121.0,EFH,Schlaufe,60000.0,4728.0,4102.0,2720.0,6640.200000000001,,,0.12767,0.293675,2.5,17620.5,19920.6,13280.400000000001,15936.48,0.6442179351874845,68.0,51.0,260.40000000000003,68.0,15.459255815476194,False,11550.0,946.11,946.11,317.57,4.93,52.02,39.46,50.34,4.39,19.64,32.36,8.55,9.38,0.44,45.39,0.31,50.36,71.26,4.6,43.31,12.85,10.5,0.0,72.57,2.04,3.5,0.2,0.15,18.75,21.61,13.16,13.16,0.0,484.71,484.71,0.0
EH70NHSC,EH70NHSC,EFH,Holz,70 kWh,Nahwärme kalt,hoch,Kurve,Schlaufe,284861,284861.4797785083,79704.71024000001,1282.8866400000002,12417.174000000003,10276.636000000002,11768.155999999999,1142.4,5114.137599999999,8426.730000000001,2227.6800000000003,2441.744,114.24,11819.725999999999,80.24,12592.96,79434.1,1197.0,72157.1397803545,3346.6608,2733.258232,0.0,18896,530.95,912.0,51.800000000000004,39.41280000000001,4881.38,5626.32,3427.2000000000007,3427.2,0.0,106826,106826.44792615384,0.0,121.0,EFH,Schlaufe,60000.0,4728.0,4102.0,2720.0,6640.200000000001,,,0.12767,0.293675,2.5,17620.5,19920.6,13280.400000000001,15936.48,0.6442179351874845,68.0,51.0,260.40000000000003,68.0,17.87480546384825,False,11550.0,1093.94,1093.94,306.09,4.93,47.68,39.46,45.19,4.39,19.64,32.36,8.55,9.38,0.44,45.39,0.31,48.36,305.05,4.6,277.1,12.85,10.5,0.0,72.57,2.04,3.5,0.2,0.15,18.75,21.61,13.16,13.16,0.0,410.24,410.24,0.0
EH70LHSC,EH70LHSC,EFH,Holz,70 kWh,LW Wärmepumpe,hoch,Kurve,Schlaufe,252465,252465.05672057992,79704.71024000001,1282.8866400000002,12417.174000000003,10276.636000000002,11768.155999999999,1142.4,5114.137599999999,8426.730000000001,2227.6800000000003,2441.744,114.24,11819.725999999999,80.24,12592.96,17266.3,1197.0,9989.41156267824,3346.6608,2733.258232,0.0,18896,530.95,912.0,51.800000000000004,39.41280000000001,4881.38,5626.32,3427.2000000000007,3427.2,0.0,136598,136597.75308590167,0.0,121.0,EFH,Schlaufe,60000.0,4728.0,4102.0,2720.0,6640.200000000001,,,0.12767,0.293675,2.5,17620.5,19920.6,13280.400000000001,15936.48,0.6442179351874845,68.0,51.0,260.40000000000003,68.0,15.841958620760664,False,11550.0,969.53,969.53,306.09,4.93,47.68,39.46,45.19,4.39,19.64,32.36,8.55,9.38,0.44,45.39,0.31,48.36,66.31,4.6,38.36,12.85,10.5,0.0,72.57,2.04,3.5,0.2,0.15,18.75,21.61,13.16,13.16,0.0,524.57,524.57,0.0
EH70EHSC,EH70EHSC,EFH,Holz,70 kWh,Erdgas,hoch,Kurve,Schlaufe,363194,363194.35425139527,79704.71024000001,1282.8866400000002,12417.174000000003,10276.636000000002,11768.155999999999,1142.4,5114.137599999999,8426.730000000001,2227.6800000000003,2441.744,114.24,11819.725999999999,80.24,12592.96,19735.9,1197.0,12458.998643395247,3346.6608,2733.258232,0.0,18896,530.95,912.0,51.800000000000004,39.41280000000001,4881.38,5626.32,3427.2000000000007,3427.2,0.0,244857,244857.463536,0.0,121.0,EFH,Schlaufe,60000.0,4728.0,4102.0,2720.0,6640.200000000001,,,0.12767,0.293675,2.5,17620.5,19920.6,13280.400000000001,15936.48,0.6442179351874845,68.0,51.0,260.40000000000003,68.0,22.790123932725123,False,11550.0,1394.75,1394.76,306.09,4.93,47.68,39.46,45.19,4.39,19.64,32.36,8.55,9.38,0.44,45.39,0.31,48.36,75.79,4.6,47.85,12.85,10.5,0.0,72.57,2.04,3.5,0.2,0.15,18.75,21.61,13.16,13.16,0.0,940.31,940.31,0.0
EM15NHSC,EM15NHSC,EFH,Massiv,15 kWh,Nahwärme kalt,hoch,Kurve,Schlaufe,234288,234288.14227881073,104679.35024000001,1282.8866400000002,14674.842,10276.636000000002,30537.61999999999,1142.4,5114.137599999999,8426.730000000001,3451.6800000000003,3221.0240000000003,114.24,12982.322,80.24,13374.591999999999,75055.4,1197.0,67778.48535757992,3346.6608,2733.258232,0.0,18896,530.95,912.0,51.800000000000004,39.41280000000001,4881.38,5626.32,3427.2000000000007,3427.2,0.0,35657,35657.12484923077,0.0,121.0,EFH,Schlaufe,60000.0,4728.0,4102.0,2720.0,6640.200000000001,,,0.12767,0.293675,2.5,17620.5,19920.6,13280.400000000001,15936.48,0.6442179351874845,68.0,51.0,260.40000000000003,68.0,14.701373344603745,False,11550.0,899.72,899.72,401.99,4.93,56.36,39.46,117.27,4.39,19.64,32.36,13.26,12.37,0.44,49.86,0.31,51.36,288.23,4.6,260.29,12.85,10.5,0.0,72.57,2.04,3.5,0.2,0.15,18.75,21.61,13.16,13.16,0.0,136.93,136.93,0.0
EM15LHSC,EM15LHSC,EFH,Massiv,15 kWh,LW Wärmepumpe,hoch,Kurve,Schlaufe,183578,183578.0986721738,104679.35024000001,1282.8866400000002,14674.842,10276.636000000002,30537.61999999999,1142.4,5114.137599999999,8426.730000000001,3451.6800000000003,3221.0240000000003,114.24,12982.322,80.24,13374.591999999999,14408.1,1197.0,7131.210235583616,3346.6608,2733.258232,0.0,18896,530.95,912.0,51.800000000000004,39.41280000000001,4881.38,5626.32,3427.2000000000007,3427.2,0.0,45594,45594.35636459017,0.0,121.0,EFH,Schlaufe,60000.0,4728.0,4102.0,2720.0,6640.200000000001,,,0.12767,0.293675,2.5,17620.5,19920.6,13280.400000000001,15936.48,0.6442179351874845,68.0,51.0,260.40000000000003,68.0,11.519363038272804,False,11550.0,704.98,704.99,401.99,4.93,56.36,39.46,117.27,4.39,19.64,32.36,13.26,12.37,0.44,49.86,0.31,51.36,55.33,4.6,27.39,12.85,10.5,0.0,72.57,2.04,3.5,0.2,0.15,18.75,21.61,13.16,13.16,0.0,175.09,175.09,0.0
EM15EHSC,EM15EHSC,EFH,Massiv,15 kWh,Erdgas,hoch,Kurve,Schlaufe,223324,223323.89449485135,104679.35024000001,1282.8866400000002,14674.842,10276.636000000002,30537.61999999999,1142.4,5114.137599999999,8426.730000000001,3451.6800000000003,3221.0240000000003,114.24,12982.322,80.24,13374.591999999999,18018.4,1197.0,10741.478886851328,3346.6608,2733.258232,0.0,18896,530.95,912.0,51.800000000000004,39.41280000000001,4881.38,5626.32,3427.2000000000007,3427.2,0.0,81730,81729.883536,0.0,121.0,EFH,Schlaufe,60000.0,4728.0,4102.0,2720.0,6640.200000000001,,,0.12767,0.293675,2.5,17620.5,19920.6,13280.400000000001,15936.48,0.6442179351874845,68.0,51.0,260.40000000000003,68.0,14.013376510675592,False,11550.0,857.62,857.62,401.99,4.93,56.36,39.46,117.27,4.39,19.64,32.36,13.26,12.37,0.44,49.86,0.31,51.36,69.2,4.6,41.25,12.85,10.5,0.0,72.57,2.04,3.5,0.2,0.15,18.75,21.61,13.16,13.16,0.0,313.86,313.86,0.0
EM30NHSC,EM30NHSC,EFH,Massiv,30 kWh,Nahwärme kalt,hoch,Kurve,Schlaufe,251992,251991.92385370185,101651.36824000001,1282.8866400000002,13546.008000000002,10276.636000000002,28899.015999999996,1142.4,5114.137599999999,8426.730000000001,3451.6800000000003,3221.0240000000003,114.24,12982.322,80.24,13114.047999999999,76377.4,1197.0,69100.43354785569,3346.6608,2733.258232,0.0,18896,530.95,912.0,51.800000000000004,39.41280000000001,4881.38,5626.32,3427.2000000000007,3427.2,0.0,55067,55066.94023384615,0.0,121.0,EFH,Schlaufe,60000.0,4728.0,4102.0,2720.0,6640.200000000001,,,0.12767,0.293675,2.5,17620.5,19920.6,13280.400000000001,15936.48,0.6442179351874845,68.0,51.0,260.40000000000003,68.0,15.81226995256806,False,11550.0,967.71,967.71,390.37,4.93,52.02,39.46,110.98,4.39,19.64,32.36,13.26,12.37,0.44,49.86,0.31,50.36,293.31,4.6,265.36,12.85,10.5,0.0,72.57,2.04,3.5,0.2,0.15,18.75,21.61,13.16,13.16,0.0,211.47,211.47,0.0
EM30LHSC,EM30LHSC,EFH,Massiv,30 kWh,LW Wärmepumpe,hoch,Kurve,Schlaufe,206276,206276.31373839802,101651.36824000001,1282.8866400000002,13546.008000000002,10276.636000000002,28899.015999999996,1142.4,5114.137599999999,8426.730000000001,3451.6800000000003,3221.0240000000003,114.24,12982.322,80.24,13114.047999999999,15315.2,1197.0,8038.299105086544,3346.6608,2733.258232,0.0,18896,530.95,912.0,51.800000000000004,39.41280000000001,4881.38,5626.32,3427.2000000000007,3427.2,0.0,70413,70413.46456131147,0.0,121.0,EFH,Schlaufe,60000.0,4728.0,4102.0,2720.0,6640.200000000001,,,0.12767,0.293675,2.5,17620.5,19920.6,13280.400000000001,15936.48,0.6442179351874845,68.0,51.0,260.40000000000003,68.0,12.943655922662849,False,11550.0,792.15,792.15,390.37,4.93,52.02,39.46,110.98,4.39,19.64,32.36,13.26,12.37,0.44,49.86,0.31,50.36,58.81,4.6,30.87,12.85,10.5,0.0,72.57,2.04,3.5,0.2,0.15,18.75,21.61,13.16,13.16,0.0,270.4,270.41,0.0
EM30EHSC,EM30EHSC,EFH,Massiv,30 kWh,Erdgas,hoch,Kurve,Schlaufe,265322,265322.1811182201,101651.36824000001,1282.8866400000002,13546.008000000002,10276.636000000002,28899.015999999996,1142.4,5114.137599999999,8426.730000000001,3451.6800000000003,3221.0240000000003,114.24,12982.322,80.24,13114.047999999999,18555.3,1197.0,11278.407510220033,3346.6608,2733.258232,0.0,18896,530.95,912.0,51.800000000000004,39.41280000000001,4881.38,5626.32,3427.2000000000007,3427.2,0.0,126219,126219.223536,0.0,121.0,EFH,Schlaufe,60000.0,4728.0,4102.0,2720.0,6640.200000000001,,,0.12767,0.293675,2.5,17620.5,19920.6,13280.400000000001,15936.48,0.6442179351874845,68.0,51.0,260.40000000000003,68.0,16.648731785075505,False,11550.0,1018.9,1018.9,390.37,4.93,52.02,39.46,110.98,4.39,19.64,32.36,13.26,12.37,0.44,49.86,0.31,50.36,71.26,4.6,43.31,12.85,10.5,0.0,72.57,2.04,3.5,0.2,0.15,18.75,21.61,13.16,13.16,0.0,484.71,484.71,0.0
EM70NHSC,EM70NHSC,EFH,Massiv,70 kWh,Nahwärme kalt,hoch,Kurve,Schlaufe,301732,301732.0437785083,96575.27424000003,1282.8866400000002,12417.174000000003,10276.636000000002,25472.843999999997,1142.4,5114.137599999999,8426.730000000001,3451.6800000000003,3221.0240000000003,114.24,12982.322,80.24,12592.96,79434.1,1197.0,72157.1397803545,3346.6608,2733.258232,0.0,18896,530.95,912.0,51.800000000000004,39.41280000000001,4881.38,5626.32,3427.2000000000007,3427.2,0.0,106826,106826.44792615384,0.0,121.0,EFH,Schlaufe,60000.0,4728.0,4102.0,2720.0,6640.200000000001,,,0.12767,0.293675,2.5,17620.5,19920.6,13280.400000000001,15936.48,0.6442179351874845,68.0,51.0,260.40000000000003,68.0,18.93341840723349,False,11550.0,1158.73,1158.73,370.87,4.93,47.68,39.46,97.82,4.39,19.64,32.36,13.26,12.37,0.44,49.86,0.31,48.36,305.05,4.6,277.1,12.85,10.5,0.0,72.57,2.04,3.5,0.2,0.15,18.75,21.61,13.16,13.16,0.0,410.24,410.24,0.0
EM70LHSC,EM70LHSC,EFH,Massiv,70 kWh,LW Wärmepumpe,hoch,Kurve,Schlaufe,269336,269335.62072057993,96575.27424000003,1282.8866400000002,12417.174000000003,10276.636000000002,25472.843999999997,1142.4,5114.137599999999,8426.730000000001,3451.6800000000003,3221.0240000000003,114.24,12982.322,80.24,12592.96,17266.3,1197.0,9989.41156267824,3346.6608,2733.258232,0.0,18896,530.95,912.0,51.800000000000004,39.41280000000001,4881.38,5626.32,3427.2000000000007,3427.2,0.0,136598,136597.75308590167,0.0,121.0,EFH,Schlaufe,60000.0,4728.0,4102.0,2720.0,6640.200000000001,,,0.12767,0.293675,2.5,17620.5,19920.6,13280.400000000001,15936.48,0.6442179351874845,68.0,51.0,260.40000000000003,68.0,16.900571564145906,False,11550.0,1034.32,1034.31,370.87,4.93,47.68,39.46,97.82,4.39,19.64,32.36,13.26,12.37,0.44,49.86,0.31,48.36,66.31,4.6,38.36,12.85,10.5,0.0,72.57,2.04,3.5,0.2,0.15,18.75,21.61,13.16,13.16,0.0,524.57,524.57,0.0
EM70EHSC,EM70EHSC,EFH,Massiv,70 kWh,Erdgas,hoch,Kurve,Schlaufe,380065,380064.9182513953,96575.27424000003,1282.8866400000002,12417.174000000003,10276.636000000002,25472.843999999997,1142.4,5114.137599999999,8426.730000000001,3451.6800000000003,3221.0240000000003,114.24,12982.322,80.24,12592.96,19735.9,1197.0,12458.998643395247,3346.6608,2733.258232,0.0,18896,530.95,912.0,51.800000000000004,39.41280000000001,4881.38,5626.32,3427.2000000000007,3427.2,0.0,244857,244857.463536,0.0,121.0,EFH,Schlaufe,60000.0,4728.0,4102.0,2720.0,6640.200000000001,,,0.12767,0.293675,2.5,17620.5,19920.6,13280.400000000001,15936.48,0.6442179351874845,68.0,51.0,260.40000000000003,68.0,23.848736876110365,False,11550.0,1459.54,1459.54,370.87,4.93,47.68,39.46,97.82,4.39,19.64,32.36,13.26,12.37,0.44,49.86,0.31,48.36,75.79,4.6,47.85,12.85,10.5,0.0,72.57,2.04,3.5,0.2,0.15,18.75,21.61,13.16,13.16,0.0,940.31,940.31,0.0
DH15NHSC,DH15NHSC,DH,Holz,15 kWh,Nahwärme kalt,hoch,Kurve,Schlaufe,298398,298397.5739474342,119921.36247619048,1908.8160000000003,21834.8,15446.08,15582.9336,1310.4,5832.7984,12538.190476190477,3334.2400000000002,4350.32,131.04,17826.64,61.36,19763.744000000002,104816.2,741.0,95025.4089379104,4979.5199999999995,4070.2688,0.0,20606,416.15000000000003,912.0,40.6,60.278400000000005,4881.38,5626.32,3427.2000000000007,5241.599999999999,0.0,53054,53054.48533333334,0.0,221.0,DH,Schlaufe,60000.0,4728.0,4102.0,2720.0,9880.0,,,0.19066666666666668,0.43766666666666665,2.5,26260.0,29640.0,19760.0,23712.0,0.5078101071975498,52.0,47.0,420.42553191489367,104.0,12.584243165799354,False,11550.0,709.75,709.75,285.24,4.54,51.93,36.74,37.06,3.12,13.87,29.82,7.93,10.35,0.31,42.4,0.15,47.01,249.31,1.76,226.02,11.84,9.68,0.0,49.01,0.99,2.17,0.1,0.14,11.61,13.38,8.15,12.47,0.0,126.19,126.19,0.0
DH15LHSC,DH15LHSC,DH,Holz,15 kWh,LW Wärmepumpe,hoch,Kurve,Schlaufe,227413,227413.32917288897,119921.36247619048,1908.8160000000003,21834.8,15446.08,15582.9336,1310.4,5832.7984,12538.190476190477,3334.2400000000002,4350.32,131.04,17826.64,61.36,19763.744000000002,19046.3,741.0,9255.487922928001,4979.5199999999995,4070.2688,0.0,20606,416.15000000000003,912.0,40.6,60.278400000000005,4881.38,5626.32,3427.2000000000007,5241.599999999999,0.0,67840,67840.16157377049,0.0,221.0,DH,Schlaufe,60000.0,4728.0,4102.0,2720.0,9880.0,,,0.19066666666666668,0.43766666666666665,2.5,26260.0,29640.0,19760.0,23712.0,0.5078101071975498,52.0,47.0,420.42553191489367,104.0,9.590643099396464,False,11550.0,540.91,540.91,285.24,4.54,51.93,36.74,37.06,3.12,13.87,29.82,7.93,10.35,0.31,42.4,0.15,47.01,45.3,1.76,22.01,11.84,9.68,0.0,49.01,0.99,2.17,0.1,0.14,11.61,13.38,8.15,12.47,0.0,161.36,161.36,0.0
DH15EHSC,DH15EHSC,DH,Holz,15 kWh,Erdgas,hoch,Kurve,Schlaufe,283631,283631.2927257851,119921.36247619048,1908.8160000000003,21834.8,15446.08,15582.9336,1310.4,5832.7984,12538.190476190477,3334.2400000000002,4350.32,131.04,17826.64,61.36,19763.744000000002,21497.9,741.0,11707.147982928,4979.5199999999995,4070.2688,0.0,20606,416.15000000000003,912.0,40.6,60.278400000000005,4881.38,5626.32,3427.2000000000007,5241.599999999999,0.0,121606,121606.46506666663,0.0,221.0,DH,Schlaufe,60000.0,4728.0,4102.0,2720.0,9880.0,,,0.19066666666666668,0.43766666666666665,2.5,26260.0,29640.0,19760.0,23712.0,0.5078101071975498,52.0,47.0,420.42553191489367,104.0,11.961508633847213,False,11550.0,674.63,674.63,285.24,4.54,51.93,36.74,37.06,3.12,13.87,29.82,7.93,10.35,0.31,42.4,0.15,47.01,51.13,1.76,27.85,11.84,9.68,0.0,49.01,0.99,2.17,0.1,0.14,11.61,13.38,8.15,12.47,0.0,289.25,289.25,0.0
DH30NHSC,DH30NHSC,DH,Holz,30 kWh,Nahwärme kalt,hoch,Kurve,Schlaufe,325673,325672.55756066303,116410.91527619048,1908.8160000000003,20155.2,15446.08,14137.094400000002,1310.4,5832.7984,12538.190476190477,3334.2400000000002,4350.32,131.04,17826.64,61.36,19378.736,106721.6,741.0,96930.8397511392,4979.5199999999995,4070.2688,0.0,20606,416.15000000000003,912.0,40.6,60.278400000000005,4881.38,5626.32,3427.2000000000007,5241.599999999999,0.0,81934,81934.48533333333,0.0,221.0,DH,Schlaufe,60000.0,4728.0,4102.0,2720.0,9880.0,,,0.19066666666666668,0.43766666666666665,2.5,26260.0,29640.0,19760.0,23712.0,0.5078101071975498,52.0,47.0,420.42553191489367,104.0,13.734503945709475,False,11550.0,774.63,774.63,276.89,4.54,47.94,36.74,33.63,3.12,13.87,29.82,7.93,10.35,0.31,42.4,0.15,46.09,253.84,1.76,230.55,11.84,9.68,0.0,49.01,0.99,2.17,0.1,0.14,11.61,13.38,8.15,12.47,0.0,194.88,194.88,0.0
DH30LHSC,DH30LHSC,DH,Holz,30 kWh,LW Wärmepumpe,hoch,Kurve,Schlaufe,262119,262119.4330747521,116410.91527619048,1908.8160000000003,20155.2,15446.08,14137.094400000002,1310.4,5832.7984,12538.190476190477,3334.2400000000002,4350.32,131.04,17826.64,61.36,19378.736,20334.3,741.0,10543.514434627199,4979.5199999999995,4070.2688,0.0,20606,416.15000000000003,912.0,40.6,60.278400000000005,4881.38,5626.32,3427.2000000000007,5241.599999999999,0.0,104769,104768.68616393443,0.0,221.0,DH,Schlaufe,60000.0,4728.0,4102.0,2720.0,9880.0,,,0.19066666666666668,0.43766666666666665,2.5,26260.0,29640.0,19760.0,23712.0,0.5078101071975498,52.0,47.0,420.42553191489367,104.0,11.054294579738198,False,11550.0,623.46,623.46,276.89,4.54,47.94,36.74,33.63,3.12,13.87,29.82,7.93,10.35,0.31,42.4,0.15,46.09,48.37,1.76,25.08,11.84,9.68,0.0,49.01,0.99,2.17,0.1,0.14,11.61,13.38,8.15,12.47,0.0,249.2,249.2,0.0
DH30EHSC,DH30EHSC,DH,Holz,30 kWh,Erdgas,hoch,Kurve,Schlaufe,347141,347141.2274648828,116410.91527619048,1908.8160000000003,20155.2,15446.08,14137.094400000002,1310.4,5832.7984,12538.190476190477,3334.2400000000002,4350.32,131.04,17826.64,61.36,19378.736,22322.3,741.0,12531.5299220256,4979.5199999999995,4070.2688,0.0,20606,416.15000000000003,912.0,40.6,60.278400000000005,4881.38,5626.32,3427.2000000000007,5241.599999999999,0.0,187802,187802.46506666666,0.0,221.0,DH,Schlaufe,60000.0,4728.0,4102.0,2720.0,9880.0,,,0.19066666666666668,0.43766666666666665,2.5,26260.0,29640.0,19760.0,23712.0,0.5078101071975498,52.0,47.0,420.42553191489367,104.0,14.639896569875285,False,11550.0,825.69,825.69,276.89,4.54,47.94,36.74,33.63,3.12,13.87,29.82,7.93,10.35,0.31,42.4,0.15,46.09,53.09,1.76,29.81,11.84,9.68,0.0,49.01,0.99,2.17,0.1,0.14,11.61,13.38,8.15,12.47,0.0,446.7,446.7,0.0
DH70NHSC,DH70NHSC,DH,Holz,70 kWh,Nahwärme kalt,hoch,Kurve,Schlaufe,402391,402390.6417098236,112515.46007619049,1908.8160000000003,18475.600000000002,15446.08,12691.255200000001,1310.4,5832.7984,12538.190476190477,3334.2400000000002,4350.32,131.04,17826.64,61.36,18608.72,110321.8,741.0,100531.04576696642,4979.5199999999995,4070.2688,0.0,20606,416.15000000000003,912.0,40.6,60.278400000000005,4881.38,5626.32,3427.2000000000007,5241.599999999999,0.0,158948,158947.8186666667,0.0,221.0,DH,Schlaufe,60000.0,4728.0,4102.0,2720.0,9880.0,,,0.19066666666666668,0.43766666666666665,2.5,26260.0,29640.0,19760.0,23712.0,0.5078101071975498,52.0,47.0,420.42553191489367,104.0,16.969915726628862,False,11550.0,957.1,957.1,267.62,4.54,43.94,36.74,30.19,3.12,13.87,29.82,7.93,10.35,0.31,42.4,0.15,44.26,262.41,1.76,239.12,11.84,9.68,0.0,49.01,0.99,2.17,0.1,0.14,11.61,13.38,8.15,12.47,0.0,378.06,378.06,0.0
DH70LHSC,DH70LHSC,DH,Holz,70 kWh,LW Wärmepumpe,hoch,Kurve,Schlaufe,358654,358653.83798728103,112515.46007619049,1908.8160000000003,18475.600000000002,15446.08,12691.255200000001,1310.4,5832.7984,12538.190476190477,3334.2400000000002,4350.32,131.04,17826.64,61.36,18608.72,22288.1,741.0,12497.3089733856,4979.5199999999995,4070.2688,0.0,20606,416.15000000000003,912.0,40.6,60.278400000000005,4881.38,5626.32,3427.2000000000007,5241.599999999999,0.0,203245,203244.75173770494,0.0,221.0,DH,Schlaufe,60000.0,4728.0,4102.0,2720.0,9880.0,,,0.19066666666666668,0.43766666666666665,2.5,26260.0,29640.0,19760.0,23712.0,0.5078101071975498,52.0,47.0,420.42553191489367,104.0,15.125414894875211,False,11550.0,853.07,853.07,267.62,4.54,43.94,36.74,30.19,3.12,13.87,29.82,7.93,10.35,0.31,42.4,0.15,44.26,53.01,1.76,29.73,11.84,9.68,0.0,49.01,0.99,2.17,0.1,0.14,11.61,13.38,8.15,12.47,0.0,483.43,483.43,0.0
DH70EHSC,DH70EHSC,DH,Holz,70 kWh,Erdgas,hoch,Kurve,Schlaufe,520663,520663.230702503,112515.46007619049,1908.8160000000003,18475.600000000002,15446.08,12691.255200000001,1310.4,5832.7984,12538.190476190477,3334.2400000000002,4350.32,131.04,17826.64,61.36,18608.72,23217.1,741.0,13426.3216929792,4979.5199999999995,4070.2688,0.0,20606,416.15000000000003,912.0,40.6,60.278400000000005,4881.38,5626.32,3427.2000000000007,5241.599999999999,0.0,364325,364325.1317333333,0.0,221.0,DH,Schlaufe,60000.0,4728.0,4102.0,2720.0,9880.0,,,0.19066666666666668,0.43766666666666665,2.5,26260.0,29640.0,19760.0,23712.0,0.5078101071975498,52.0,47.0,420.42553191489367,104.0,21.957794817075868,False,11550.0,1238.42,1238.42,267.62,4.54,43.94,36.74,30.19,3.12,13.87,29.82,7.93,10.35,0.31,42.4,0.15,44.26,55.22,1.76,31.94,11.84,9.68,0.0,49.01,0.99,2.17,0.1,0.14,11.61,13.38,8.15,12.47,0.0,866.56,866.56,0.0
DM15NHSC,DM15NHSC,DH,Massiv,15 kWh,Nahwärme kalt,hoch,Kurve,Schlaufe,320845,320844.6843474342,142368.47287619047,1908.8160000000003,21834.8,15446.08,32933.004,1310.4,5832.7984,12538.190476190477,5289.4400000000005,5738.72,131.04,19580.08,61.36,19763.744000000002,104816.2,741.0,95025.4089379104,4979.5199999999995,4070.2688,0.0,20606,416.15000000000003,912.0,40.6,60.278400000000005,4881.38,5626.32,3427.2000000000007,5241.599999999999,0.0,53054,53054.48533333334,0.0,221.0,DH,Schlaufe,60000.0,4728.0,4102.0,2720.0,9880.0,,,0.19066666666666668,0.43766666666666665,2.5,26260.0,29640.0,19760.0,23712.0,0.5078101071975498,52.0,47.0,420.42553191489367,104.0,13.53089930615023,False,11550.0,763.14,763.14,338.63,4.54,51.93,36.74,78.33,3.12,13.87,29.82,12.58,13.65,0.31,46.57,0.15,47.01,249.31,1.76,226.02,11.84,9.68,0.0,49.01,0.99,2.17,0.1,0.14,11.61,13.38,8.15,12.47,0.0,126.19,126.19,0.0
DM15LHSC,DM15LHSC,DH,Massiv,15 kWh,LW Wärmepumpe,hoch,Kurve,Schlaufe,249860,249860.43957288898,142368.47287619047,1908.8160000000003,21834.8,15446.08,32933.004,1310.4,5832.7984,12538.190476190477,5289.4400000000005,5738.72,131.04,19580.08,61.36,19763.744000000002,19046.3,741.0,9255.487922928001,4979.5199999999995,4070.2688,0.0,20606,416.15000000000003,912.0,40.6,60.278400000000005,4881.38,5626.32,3427.2000000000007,5241.599999999999,0.0,67840,67840.16157377049,0.0,221.0,DH,Schlaufe,60000.0,4728.0,4102.0,2720.0,9880.0,,,0.19066666666666668,0.43766666666666665,2.5,26260.0,29640.0,19760.0,23712.0,0.5078101071975498,52.0,47.0,420.42553191489367,104.0,10.537299239747343,False,11550.0,594.3,594.3,338.63,4.54,51.93,36.74,78.33,3.12,13.87,29.82,12.58,13.65,0.31,46.57,0.15,47.01,45.3,1.76,22.01,11.84,9.68,0.0,49.01,0.99,2.17,0.1,0.14,11.61,13.38,8.15,12.47,0.0,161.36,161.36,0.0
DM15EHSC,DM15EHSC,DH,Massiv,15 kWh,Erdgas,hoch,Kurve,Schlaufe,306078,306078.4031257851,142368.47287619047,1908.8160000000003,21834.8,15446.08,32933.004,1310.4,5832.7984,12538.190476190477,5289.4400000000005,5738.72,131.04,19580.08,61.36,19763.744000000002,21497.9,741.0,11707.147982928,4979.5199999999995,4070.2688,0.0,20606,416.15000000000003,912.0,40.6,60.278400000000005,4881.38,5626.32,3427.2000000000007,5241.599999999999,0.0,121606,121606.46506666663,0.0,221.0,DH,Schlaufe,60000.0,4728.0,4102.0,2720.0,9880.0,,,0.19066666666666668,0.43766666666666665,2.5,26260.0,29640.0,19760.0,23712.0,0.5078101071975498,52.0,47.0,420.42553191489367,104.0,12.908164774198092,False,11550.0,728.02,728.02,338.63,4.54,51.93,36.74,78.33,3.12,13.87,29.82,12.58,13.65,0.31,46.57,0.15,47.01,51.13,1.76,27.85,11.84,9.68,0.0,49.01,0.99,2.17,0.1,0.14,11.61,13.38,8.15,12.47,0.0,289.25,289.25,0.0
DM30NHSC,DM30NHSC,DH,Massiv,30 kWh,Nahwärme kalt,hoch,Kurve,Schlaufe,347798,347798.370360663,138536.72807619045,1908.8160000000003,20155.2,15446.08,31165.8672,1310.4,5832.7984,12538.190476190477,5289.4400000000005,5738.72,131.04,19580.08,61.36,19378.736,106721.6,741.0,96930.8397511392,4979.5199999999995,4070.2688,0.0,20606,416.15000000000003,912.0,40.6,60.278400000000005,4881.38,5626.32,3427.2000000000007,5241.599999999999,0.0,81934,81934.48533333333,0.0,221.0,DH,Schlaufe,60000.0,4728.0,4102.0,2720.0,9880.0,,,0.19066666666666668,0.43766666666666665,2.5,26260.0,29640.0,19760.0,23712.0,0.5078101071975498,52.0,47.0,420.42553191489367,104.0,14.667610086060352,False,11550.0,827.25,827.25,329.52,4.54,47.94,36.74,74.13,3.12,13.87,29.82,12.58,13.65,0.31,46.57,0.15,46.09,253.84,1.76,230.55,11.84,9.68,0.0,49.01,0.99,2.17,0.1,0.14,11.61,13.38,8.15,12.47,0.0,194.88,194.88,0.0
DM30LHSC,DM30LHSC,DH,Massiv,30 kWh,LW Wärmepumpe,hoch,Kurve,Schlaufe,284245,284245.2458747521,138536.72807619045,1908.8160000000003,20155.2,15446.08,31165.8672,1310.4,5832.7984,12538.190476190477,5289.4400000000005,5738.72,131.04,19580.08,61.36,19378.736,20334.3,741.0,10543.514434627199,4979.5199999999995,4070.2688,0.0,20606,416.15000000000003,912.0,40.6,60.278400000000005,4881.38,5626.32,3427.2000000000007,5241.599999999999,0.0,104769,104768.68616393443,0.0,221.0,DH,Schlaufe,60000.0,4728.0,4102.0,2720.0,9880.0,,,0.19066666666666668,0.43766666666666665,2.5,26260.0,29640.0,19760.0,23712.0,0.5078101071975498,52.0,47.0,420.42553191489367,104.0,11.987400720089074,False,11550.0,676.09,676.09,329.52,4.54,47.94,36.74,74.13,3.12,13.87,29.82,12.58,13.65,0.31,46.57,0.15,46.09,48.37,1.76,25.08,11.84,9.68,0.0,49.01,0.99,2.17,0.1,0.14,11.61,13.38,8.15,12.47,0.0,249.2,249.2,0.0
DM30EHSC,DM30EHSC,DH,Massiv,30 kWh,Erdgas,hoch,Kurve,Schlaufe,369267,369267.04026488273,138536.72807619045,1908.8160000000003,20155.2,15446.08,31165.8672,1310.4,5832.7984,12538.190476190477,5289.4400000000005,5738.72,131.04,19580.08,61.36,19378.736,22322.3,741.0,12531.5299220256,4979.5199999999995,4070.2688,0.0,20606,416.15000000000003,912.0,40.6,60.278400000000005,4881.38,5626.32,3427.2000000000007,5241.599999999999,0.0,187802,187802.46506666666,0.0,221.0,DH,Schlaufe,60000.0,4728.0,4102.0,2720.0,9880.0,,,0.19066666666666668,0.43766666666666665,2.5,26260.0,29640.0,19760.0,23712.0,0.5078101071975498,52.0,47.0,420.42553191489367,104.0,15.573002710226163,False,11550.0,878.32,878.32,329.52,4.54,47.94,36.74,74.13,3.12,13.87,29.82,12.58,13.65,0.31,46.57,0.15,46.09,53.09,1.76,29.81,11.84,9.68,0.0,49.01,0.99,2.17,0.1,0.14,11.61,13.38,8.15,12.47,0.0,446.7,446.7,0.0
DM70NHSC,DM70NHSC,DH,Massiv,70 kWh,Nahwärme kalt,hoch,Kurve,Schlaufe,422267,422267.3713098236,132392.1896761905,1908.8160000000003,18475.600000000002,15446.08,27470.9448,1310.4,5832.7984,12538.190476190477,5289.4400000000005,5738.72,131.04,19580.08,61.36,18608.72,110321.8,741.0,100531.04576696642,4979.5199999999995,4070.2688,0.0,20606,416.15000000000003,912.0,40.6,60.278400000000005,4881.38,5626.32,3427.2000000000007,5241.599999999999,0.0,158948,158947.8186666667,0.0,221.0,DH,Schlaufe,60000.0,4728.0,4102.0,2720.0,9880.0,,,0.19066666666666668,0.43766666666666665,2.5,26260.0,29640.0,19760.0,23712.0,0.5078101071975498,52.0,47.0,420.42553191489367,104.0,17.80817186697974,False,11550.0,1004.38,1004.38,314.9,4.54,43.94,36.74,65.34,3.12,13.87,29.82,12.58,13.65,0.31,46.57,0.15,44.26,262.41,1.76,239.12,11.84,9.68,0.0,49.01,0.99,2.17,0.1,0.14,11.61,13.38,8.15,12.47,0.0,378.06,378.06,0.0
DM70LHSC,DM70LHSC,DH,Massiv,70 kWh,LW Wärmepumpe,hoch,Kurve,Schlaufe,378531,378530.567587281,132392.1896761905,1908.8160000000003,18475.600000000002,15446.08,27470.9448,1310.4,5832.7984,12538.190476190477,5289.4400000000005,5738.72,131.04,19580.08,61.36,18608.72,22288.1,741.0,12497.3089733856,4979.5199999999995,4070.2688,0.0,20606,416.15000000000003,912.0,40.6,60.278400000000005,4881.38,5626.32,3427.2000000000007,5241.599999999999,0.0,203245,203244.75173770494,0.0,221.0,DH,Schlaufe,60000.0,4728.0,4102.0,2720.0,9880.0,,,0.19066666666666668,0.43766666666666665,2.5,26260.0,29640.0,19760.0,23712.0,0.5078101071975498,52.0,47.0,420.42553191489367,104.0,15.963671035226088,False,11550.0,900.35,900.35,314.9,4.54,43.94,36.74,65.34,3.12,13.87,29.82,12.58,13.65,0.31,46.57,0.15,44.26,53.01,1.76,29.73,11.84,9.68,0.0,49.01,0.99,2.17,0.1,0.14,11.61,13.38,8.15,12.47,0.0,483.43,483.43,0.0
DM70EHSC,DM70EHSC,DH,Massiv,70 kWh,Erdgas,hoch,Kurve,Schlaufe,540540,540539.960302503,132392.1896761905,1908.8160000000003,18475.600000000002,15446.08,27470.9448,1310.4,5832.7984,12538.190476190477,5289.4400000000005,5738.72,131.04,19580.08,61.36,18608.72,23217.1,741.0,13426.3216929792,4979.5199999999995,4070.2688,0.0,20606,416.15000000000003,912.0,40.6,60.278400000000005,4881.38,5626.32,3427.2000000000007,5241.599999999999,0.0,364325,364325.1317333333,0.0,221.0,DH,Schlaufe,60000.0,4728.0,4102.0,2720.0,9880.0,,,0.19066666666666668,0.43766666666666665,2.5,26260.0,29640.0,19760.0,23712.0,0.5078101071975498,52.0,47.0,420.42553191489367,104.0,22.796050957426743,False,11550.0,1285.7,1285.7,314.9,4.54,43.94,36.74,65.34,3.12,13.87,29.82,12.58,13.65,0.31,46.57,0.15,44.26,55.22,1.76,31.94,11.84,9.68,0.0,49.01,0.99,2.17,0.1,0.14,11.61,13.38,8.15,12.47,0.0,866.56,866.56,0.0
RH15NHSC,RH15NHSC,RH,Holz,15 kWh,Nahwärme kalt,hoch,Kurve,Schlaufe,348208,348208.1655510855,134891.94645238094,2275.896,26033.8,18523.920000000002,11803.2898,1537.2,4954.4352,14949.380952380954,3322.4800000000005,6245.4305,227.85,21420.76,33.04,23564.464000000004,126648.1,1484.28,114138.0363243456,6135.023999999999,4890.7398,0.0,23411,603.2740000000001,912.0,58.856,89.83800000000001,4881.38,5626.32,3427.2000000000007,7812.0,0.0,63257,63257.27097435898,0.0,321.0,RH,Schlaufe,60000.0,4728.0,4102.0,2720.0,11780.0,,,0.23508333333333334,0.5295833333333333,2.5,31775.0,35340.0,23560.0,28272.0,0.43871844829017104,28.0,47.0,501.2765957446809,155.0,12.316361260295894,False,11550.0,694.64,694.64,269.1,4.54,51.93,36.95,23.55,3.07,9.88,29.82,6.63,12.46,0.45,42.73,0.07,47.01,252.65,2.96,227.69,12.24,9.76,0.0,46.7,1.2,1.82,0.12,0.18,9.74,11.22,6.84,15.58,0.0,126.19,126.19,0.0
RH15LHSC,RH15LHSC,RH,Holz,15 kWh,LW Wärmepumpe,hoch,Kurve,Schlaufe,262444,262443.8883378098,134891.94645238094,2275.896,26033.8,18523.920000000002,11803.2898,1537.2,4954.4352,14949.380952380954,3322.4800000000005,6245.4305,227.85,21420.76,33.04,23564.464000000004,23254.7,1484.28,10744.6835936256,6135.023999999999,4890.7398,0.0,23411,603.2740000000001,912.0,58.856,89.83800000000001,4881.38,5626.32,3427.2000000000007,7812.0,0.0,80886,80886.34649180328,0.0,321.0,RH,Schlaufe,60000.0,4728.0,4102.0,2720.0,11780.0,,,0.23508333333333334,0.5295833333333333,2.5,31775.0,35340.0,23560.0,28272.0,0.43871844829017104,28.0,47.0,501.2765957446809,155.0,9.282820045904423,False,11550.0,523.55,523.55,269.1,4.54,51.93,36.95,23.55,3.07,9.88,29.82,6.63,12.46,0.45,42.73,0.07,47.01,46.39,2.96,21.43,12.24,9.76,0.0,46.7,1.2,1.82,0.12,0.18,9.74,11.22,6.84,15.58,0.0,161.36,161.36,0.0
RH15EHSC,RH15EHSC,RH,Holz,15 kWh,Erdgas,hoch,Kurve,Schlaufe,327803,327802.76526091585,134891.94645238094,2275.896,26033.8,18523.920000000002,11803.2898,1537.2,4954.4352,14949.380952380954,3322.4800000000005,6245.4305,227.85,21420.76,33.04,23564.464000000004,24507.6,1484.28,11997.5832752016,6135.023999999999,4890.7398,0.0,23411,603.2740000000001,912.0,58.856,89.83800000000001,4881.38,5626.32,3427.2000000000007,7812.0,0.0,144992,144992.32373333332,0.0,321.0,RH,Schlaufe,60000.0,4728.0,4102.0,2720.0,11780.0,,,0.23508333333333334,0.5295833333333333,2.5,31775.0,35340.0,23560.0,28272.0,0.43871844829017104,28.0,47.0,501.2765957446809,155.0,11.594608278894874,False,11550.0,653.94,653.94,269.1,4.54,51.93,36.95,23.55,3.07,9.88,29.82,6.63,12.46,0.45,42.73,0.07,47.01,48.89,2.96,23.93,12.24,9.76,0.0,46.7,1.2,1.82,0.12,0.18,9.74,11.22,6.84,15.58,0.0,289.25,289.25,0.0
RH30NHSC,RH30NHSC,RH,Holz,30 kWh,Nahwärme kalt,hoch,Kurve,Schlaufe,380630,380630.4026339733,131335.14785238093,2275.896,24031.2,18523.920000000002,10708.1392,1537.2,4954.4352,14949.380952380954,3322.4800000000005,6245.4305,227.85,21420.76,33.04,23105.416000000005,128193.3,1484.28,115683.22585338721,6135.023999999999,4890.7398,0.0,23411,603.2740000000001,912.0,58.856,89.83800000000001,4881.38,5626.32,3427.2000000000007,7812.0,0.0,97691,97691.11712820515,0.0,321.0,RH,Schlaufe,60000.0,4728.0,4102.0,2720.0,11780.0,,,0.23508333333333334,0.5295833333333333,2.5,31775.0,35340.0,23560.0,28272.0,0.43871844829017104,28.0,47.0,501.2765957446809,155.0,13.463157987902282,False,11550.0,759.32,759.32,262.0,4.54,47.94,36.95,21.36,3.07,9.88,29.82,6.63,12.46,0.45,42.73,0.07,46.09,255.73,2.96,230.78,12.24,9.76,0.0,46.7,1.2,1.82,0.12,0.18,9.74,11.22,6.84,15.58,0.0,194.88,194.88,0.0
RH30LHSC,RH30LHSC,RH,Holz,30 kWh,LW Wärmepumpe,hoch,Kurve,Schlaufe,303726,303726.3073022057,131335.14785238093,2275.896,24031.2,18523.920000000002,10708.1392,1537.2,4954.4352,14949.380952380954,3322.4800000000005,6245.4305,227.85,21420.76,33.04,23105.416000000005,24063.8,1484.28,11553.737223595199,6135.023999999999,4890.7398,0.0,23411,603.2740000000001,912.0,58.856,89.83800000000001,4881.38,5626.32,3427.2000000000007,7812.0,0.0,124917,124916.51042622954,0.0,321.0,RH,Schlaufe,60000.0,4728.0,4102.0,2720.0,11780.0,,,0.23508333333333334,0.5295833333333333,2.5,31775.0,35340.0,23560.0,28272.0,0.43871844829017104,28.0,47.0,501.2765957446809,155.0,10.74300747390371,False,11550.0,605.91,605.91,262.0,4.54,47.94,36.95,21.36,3.07,9.88,29.82,6.63,12.46,0.45,42.73,0.07,46.09,48.01,2.96,23.05,12.24,9.76,0.0,46.7,1.2,1.82,0.12,0.18,9.74,11.22,6.84,15.58,0.0,249.2,249.2,0.0
RH30EHSC,RH30EHSC,RH,Holz,30 kWh,Erdgas,hoch,Kurve,Schlaufe,403452,403451.7002982199,131335.14785238093,2275.896,24031.2,18523.920000000002,10708.1392,1537.2,4954.4352,14949.380952380954,3322.4800000000005,6245.4305,227.85,21420.76,33.04,23105.416000000005,24787.4,1484.28,12277.316912505601,6135.023999999999,4890.7398,0.0,23411,603.2740000000001,912.0,58.856,89.83800000000001,4881.38,5626.32,3427.2000000000007,7812.0,0.0,223918,223918.32373333335,0.0,321.0,RH,Schlaufe,60000.0,4728.0,4102.0,2720.0,11780.0,,,0.23508333333333334,0.5295833333333333,2.5,31775.0,35340.0,23560.0,28272.0,0.43871844829017104,28.0,47.0,501.2765957446809,155.0,14.27036291377405,False,11550.0,804.85,804.85,262.0,4.54,47.94,36.95,21.36,3.07,9.88,29.82,6.63,12.46,0.45,42.73,0.07,46.09,49.45,2.96,24.49,12.24,9.76,0.0,46.7,1.2,1.82,0.12,0.18,9.74,11.22,6.84,15.58,0.0,446.7,446.7,0.0
RH70NHSC,RH70NHSC,RH,Holz,70 kWh,Nahwärme kalt,hoch,Kurve,Schlaufe,473777,473776.5347124223,127319.30125238096,2275.896,22028.600000000002,18523.920000000002,9612.9886,1537.2,4954.4352,14949.380952380954,3322.4800000000005,6245.4305,227.85,21420.76,33.04,22187.320000000003,133531.7,1484.28,121021.6147882464,6135.023999999999,4890.7398,0.0,23411,603.2740000000001,912.0,58.856,89.83800000000001,4881.38,5626.32,3427.2000000000007,7812.0,0.0,189515,189514.7068717949,0.0,321.0,RH,Schlaufe,60000.0,4728.0,4102.0,2720.0,11780.0,,,0.23508333333333334,0.5295833333333333,2.5,31775.0,35340.0,23560.0,28272.0,0.43871844829017104,28.0,47.0,501.2765957446809,155.0,16.757800463795355,False,11550.0,945.14,945.14,253.99,4.54,43.94,36.95,19.18,3.07,9.88,29.82,6.63,12.46,0.45,42.73,0.07,44.26,266.38,2.96,241.43,12.24,9.76,0.0,46.7,1.2,1.82,0.12,0.18,9.74,11.22,6.84,15.58,0.0,378.06,378.06,0.0
RH70LHSC,RH70LHSC,RH,Holz,70 kWh,LW Wärmepumpe,hoch,Kurve,Schlaufe,420655,420655.2629767385,127319.30125238096,2275.896,22028.600000000002,18523.920000000002,9612.9886,1537.2,4954.4352,14949.380952380954,3322.4800000000005,6245.4305,227.85,21420.76,33.04,22187.320000000003,27594.8,1484.28,15084.769006324801,6135.023999999999,4890.7398,0.0,23411,603.2740000000001,912.0,58.856,89.83800000000001,4881.38,5626.32,3427.2000000000007,7812.0,0.0,242330,242330.28091803275,0.0,321.0,RH,Schlaufe,60000.0,4728.0,4102.0,2720.0,11780.0,,,0.23508333333333334,0.5295833333333333,2.5,31775.0,35340.0,23560.0,28272.0,0.43871844829017104,28.0,47.0,501.2765957446809,155.0,14.878864706307956,False,11550.0,839.17,839.17,253.99,4.54,43.94,36.95,19.18,3.07,9.88,29.82,6.63,12.46,0.45,42.73,0.07,44.26,55.05,2.96,30.09,12.24,9.76,0.0,46.7,1.2,1.82,0.12,0.18,9.74,11.22,6.84,15.58,0.0,483.43,483.43,0.0
RH70EHSC,RH70EHSC,RH,Holz,70 kWh,Erdgas,hoch,Kurve,Schlaufe,614321,614320.9047306555,127319.30125238096,2275.896,22028.600000000002,18523.920000000002,9612.9886,1537.2,4954.4352,14949.380952380954,3322.4800000000005,6245.4305,227.85,21420.76,33.04,22187.320000000003,29203.1,1484.28,16693.034611608,6135.023999999999,4890.7398,0.0,23411,603.2740000000001,912.0,58.856,89.83800000000001,4881.38,5626.32,3427.2000000000007,7812.0,0.0,434388,434387.6570666666,0.0,321.0,RH,Schlaufe,60000.0,4728.0,4102.0,2720.0,11780.0,,,0.23508333333333334,0.5295833333333333,2.5,31775.0,35340.0,23560.0,28272.0,0.43871844829017104,28.0,47.0,501.2765957446809,155.0,21.728951072816056,False,11550.0,1225.51,1225.51,253.99,4.54,43.94,36.95,19.18,3.07,9.88,29.82,6.63,12.46,0.45,42.73,0.07,44.26,58.26,2.96,33.3,12.24,9.76,0.0,46.7,1.2,1.82,0.12,0.18,9.74,11.22,6.84,15.58,0.0,866.56,866.56,0.0
RM15NHSC,RM15NHSC,RH,Massiv,15 kWh,Nahwärme kalt,hoch,Kurve,Schlaufe,367457,367457.4052510855,154141.18615238095,2275.896,26033.8,18523.920000000002,24945.096999999998,1537.2,4954.4352,14949.380952380954,5329.7300000000005,8238.653,227.85,23527.72,33.04,23564.464000000004,126648.1,1484.28,114138.0363243456,6135.023999999999,4890.7398,0.0,23411,603.2740000000001,912.0,58.856,89.83800000000001,4881.38,5626.32,3427.2000000000007,7812.0,0.0,63257,63257.27097435898,0.0,321.0,RH,Schlaufe,60000.0,4728.0,4102.0,2720.0,11780.0,,,0.23508333333333334,0.5295833333333333,2.5,31775.0,35340.0,23560.0,28272.0,0.43871844829017104,28.0,47.0,501.2765957446809,155.0,12.99722004991106,False,11550.0,733.04,733.04,307.5,4.54,51.93,36.95,49.76,3.07,9.88,29.82,10.63,16.44,0.45,46.94,0.07,47.01,252.65,2.96,227.69,12.24,9.76,0.0,46.7,1.2,1.82,0.12,0.18,9.74,11.22,6.84,15.58,0.0,126.19,126.19,0.0
RM15LHSC,RM15LHSC,RH,Massiv,15 kWh,LW Wärmepumpe,hoch,Kurve,Schlaufe,281693,281693.12803780986,154141.18615238095,2275.896,26033.8,18523.920000000002,24945.096999999998,1537.2,4954.4352,14949.380952380954,5329.7300000000005,8238.653,227.85,23527.72,33.04,23564.464000000004,23254.7,1484.28,10744.6835936256,6135.023999999999,4890.7398,0.0,23411,603.2740000000001,912.0,58.856,89.83800000000001,4881.38,5626.32,3427.2000000000007,7812.0,0.0,80886,80886.34649180328,0.0,321.0,RH,Schlaufe,60000.0,4728.0,4102.0,2720.0,11780.0,,,0.23508333333333334,0.5295833333333333,2.5,31775.0,35340.0,23560.0,28272.0,0.43871844829017104,28.0,47.0,501.2765957446809,155.0,9.963678835519591,False,11550.0,561.95,561.95,307.5,4.54,51.93,36.95,49.76,3.07,9.88,29.82,10.63,16.44,0.45,46.94,0.07,47.01,46.39,2.96,21.43,12.24,9.76,0.0,46.7,1.2,1.82,0.12,0.18,9.74,11.22,6.84,15.58,0.0,161.36,161.36,0.0
RM15EHSC,RM15EHSC,RH,Massiv,15 kWh,Erdgas,hoch,Kurve,Schlaufe,347052,347052.0049609159,154141.18615238095,2275.896,26033.8,18523.920000000002,24945.096999999998,1537.2,4954.4352,14949.380952380954,5329.7300000000005,8238.653,227.85,23527.72,33.04,23564.464000000004,24507.6,1484.28,11997.5832752016,6135.023999999999,4890.7398,0.0,23411,603.2740000000001,912.0,58.856,89.83800000000001,4881.38,5626.32,3427.2000000000007,7812.0,0.0,144992,144992.32373333332,0.0,321.0,RH,Schlaufe,60000.0,4728.0,4102.0,2720.0,11780.0,,,0.23508333333333334,0.5295833333333333,2.5,31775.0,35340.0,23560.0,28272.0,0.43871844829017104,28.0,47.0,501.2765957446809,155.0,12.27546706851004,False,11550.0,692.34,692.34,307.5,4.54,51.93,36.95,49.76,3.07,9.88,29.82,10.63,16.44,0.45,46.94,0.07,47.01,48.89,2.96,23.93,12.24,9.76,0.0,46.7,1.2,1.82,0.12,0.18,9.74,11.22,6.84,15.58,0.0,289.25,289.25,0.0
RM30NHSC,RM30NHSC,RH,Massiv,30 kWh,Nahwärme kalt,hoch,Kurve,Schlaufe,399636,399636.2755339733,150341.02075238095,2275.896,24031.2,18523.920000000002,23606.5796,1537.2,4954.4352,14949.380952380954,5329.7300000000005,8238.653,227.85,23527.72,33.04,23105.416000000005,128193.3,1484.28,115683.22585338721,6135.023999999999,4890.7398,0.0,23411,603.2740000000001,912.0,58.856,89.83800000000001,4881.38,5626.32,3427.2000000000007,7812.0,0.0,97691,97691.11712820515,0.0,321.0,RH,Schlaufe,60000.0,4728.0,4102.0,2720.0,11780.0,,,0.23508333333333334,0.5295833333333333,2.5,31775.0,35340.0,23560.0,28272.0,0.43871844829017104,28.0,47.0,501.2765957446809,155.0,14.135408727149592,False,11550.0,797.24,797.24,299.92,4.54,47.94,36.95,47.09,3.07,9.88,29.82,10.63,16.44,0.45,46.94,0.07,46.09,255.73,2.96,230.78,12.24,9.76,0.0,46.7,1.2,1.82,0.12,0.18,9.74,11.22,6.84,15.58,0.0,194.88,194.88,0.0
RM30LHSC,RM30LHSC,RH,Massiv,30 kWh,LW Wärmepumpe,hoch,Kurve,Schlaufe,322732,322732.18020220567,150341.02075238095,2275.896,24031.2,18523.920000000002,23606.5796,1537.2,4954.4352,14949.380952380954,5329.7300000000005,8238.653,227.85,23527.72,33.04,23105.416000000005,24063.8,1484.28,11553.737223595199,6135.023999999999,4890.7398,0.0,23411,603.2740000000001,912.0,58.856,89.83800000000001,4881.38,5626.32,3427.2000000000007,7812.0,0.0,124917,124916.51042622954,0.0,321.0,RH,Schlaufe,60000.0,4728.0,4102.0,2720.0,11780.0,,,0.23508333333333334,0.5295833333333333,2.5,31775.0,35340.0,23560.0,28272.0,0.43871844829017104,28.0,47.0,501.2765957446809,155.0,11.41525821315102,False,11550.0,643.82,643.82,299.92,4.54,47.94,36.95,47.09,3.07,9.88,29.82,10.63,16.44,0.45,46.94,0.07,46.09,48.01,2.96,23.05,12.24,9.76,0.0,46.7,1.2,1.82,0.12,0.18,9.74,11.22,6.84,15.58,0.0,249.2,249.2,0.0
RM30EHSC,RM30EHSC,RH,Massiv,30 kWh,Erdgas,hoch,Kurve,Schlaufe,422458,422457.5731982199,150341.02075238095,2275.896,24031.2,18523.920000000002,23606.5796,1537.2,4954.4352,14949.380952380954,5329.7300000000005,8238.653,227.85,23527.72,33.04,23105.416000000005,24787.4,1484.28,12277.316912505601,6135.023999999999,4890.7398,0.0,23411,603.2740000000001,912.0,58.856,89.83800000000001,4881.38,5626.32,3427.2000000000007,7812.0,0.0,223918,223918.32373333335,0.0,321.0,RH,Schlaufe,60000.0,4728.0,4102.0,2720.0,11780.0,,,0.23508333333333334,0.5295833333333333,2.5,31775.0,35340.0,23560.0,28272.0,0.43871844829017104,28.0,47.0,501.2765957446809,155.0,14.942613653021361,False,11550.0,842.76,842.76,299.92,4.54,47.94,36.95,47.09,3.07,9.88,29.82,10.63,16.44,0.45,46.94,0.07,46.09,49.45,2.96,24.49,12.24,9.76,0.0,46.7,1.2,1.82,0.12,0.18,9.74,11.22,6.84,15.58,0.0,446.7,446.7,0.0
RM70NHSC,RM70NHSC,RH,Massiv,70 kWh,Nahwärme kalt,hoch,Kurve,Schlaufe,491079,491078.8400124223,144621.60655238095,2275.896,22028.600000000002,18523.920000000002,20807.8614,1537.2,4954.4352,14949.380952380954,5329.7300000000005,8238.653,227.85,23527.72,33.04,22187.320000000003,133531.7,1484.28,121021.6147882464,6135.023999999999,4890.7398,0.0,23411,603.2740000000001,912.0,58.856,89.83800000000001,4881.38,5626.32,3427.2000000000007,7812.0,0.0,189515,189514.7068717949,0.0,321.0,RH,Schlaufe,60000.0,4728.0,4102.0,2720.0,11780.0,,,0.23508333333333334,0.5295833333333333,2.5,31775.0,35340.0,23560.0,28272.0,0.43871844829017104,28.0,47.0,501.2765957446809,155.0,17.369794850467677,False,11550.0,979.66,979.66,288.51,4.54,43.94,36.95,41.51,3.07,9.88,29.82,10.63,16.44,0.45,46.94,0.07,44.26,266.38,2.96,241.43,12.24,9.76,0.0,46.7,1.2,1.82,0.12,0.18,9.74,11.22,6.84,15.58,0.0,378.06,378.06,0.0
RM70LHSC,RM70LHSC,RH,Massiv,70 kWh,LW Wärmepumpe,hoch,Kurve,Schlaufe,437958,437957.5682767385,144621.60655238095,2275.896,22028.600000000002,18523.920000000002,20807.8614,1537.2,4954.4352,14949.380952380954,5329.7300000000005,8238.653,227.85,23527.72,33.04,22187.320000000003,27594.8,1484.28,15084.769006324801,6135.023999999999,4890.7398,0.0,23411,603.2740000000001,912.0,58.856,89.83800000000001,4881.38,5626.32,3427.2000000000007,7812.0,0.0,242330,242330.28091803275,0.0,321.0,RH,Schlaufe,60000.0,4728.0,4102.0,2720.0,11780.0,,,0.23508333333333334,0.5295833333333333,2.5,31775.0,35340.0,23560.0,28272.0,0.43871844829017104,28.0,47.0,501.2765957446809,155.0,15.49085909298028,False,11550.0,873.69,873.68,288.51,4.54,43.94,36.95,41.51,3.07,9.88,29.82,10.63,16.44,0.45,46.94,0.07,44.26,55.05,2.96,30.09,12.24,9.76,0.0,46.7,1.2,1.82,0.12,0.18,9.74,11.22,6.84,15.58,0.0,483.43,483.43,0.0
RM70EHSC,RM70EHSC,RH,Massiv,70 kWh,Erdgas,hoch,Kurve,Schlaufe,631623,631623.2100306556,144621.60655238095,2275.896,22028.600000000002,18523.920000000002,20807.8614,1537.2,4954.4352,14949.380952380954,5329.7300000000005,8238.653,227.85,23527.72,33.04,22187.320000000003,29203.1,1484.28,16693.034611608,6135.023999999999,4890.7398,0.0,23411,603.2740000000001,912.0,58.856,89.83800000000001,4881.38,5626.32,3427.2000000000007,7812.0,0.0,434388,434387.6570666666,0.0,321.0,RH,Schlaufe,60000.0,4728.0,4102.0,2720.0,11780.0,,,0.23508333333333334,0.5295833333333333,2.5,31775.0,35340.0,23560.0,28272.0,0.43871844829017104,28.0,47.0,501.2765957446809,155.0,22.34094545948838,False,11550.0,1260.03,1260.03,288.51,4.54,43.94,36.95,41.51,3.07,9.88,29.82,10.63,16.44,0.45,46.94,0.07,44.26,58.26,2.96,33.3,12.24,9.76,0.0,46.7,1.2,1.82,0.12,0.18,9.74,11.22,6.84,15.58,0.0,866.56,866.56,0.0
ZH15NHSC,ZH15NHSC,ZH,Holz,15 kWh,Nahwärme kalt,hoch,Kurve,Schlaufe,809094,809094.1307164284,285541.83925934066,3068.848246153847,28522.26,43234.81007692308,26365.54381538462,5828.307692307692,13009.2,29480.99142857143,27813.127384615385,16486.587692307694,1111.9015384615384,66767.68138461538,2815.8,21036.78,246896.0,246.23999999999998,200914.50532785698,24283.9296,10827.75012923077,10623.6,138049,291.59200000000004,912.0,28.448,7522.013907692308,4881.38,5626.32,3427.2000000000007,0.0,115359.78461538462,138608,138607.52787692306,0.0,521.0,Zeile,Schlaufe,60000.0,4728.0,4102.0,2720.0,12906.0,19855.384615384613,15884.307692307691,0.2151,1.0755,5.0,64530.0,72472.15384615384,51624.0,61601.330769230764,0.3149542848287618,16.0,41.0,1259.121951219512,661.8461538461538,13.134361232347963,True,11550.0,642.59,642.59,226.78,2.44,22.65,34.34,20.94,4.63,10.33,23.41,22.09,13.09,0.88,53.03,2.24,16.71,196.09,0.2,159.57,19.29,8.6,8.44,109.64,0.23,0.72,0.02,5.97,3.88,4.47,2.72,0.0,91.62,110.08,110.08,0.0
ZH15LHSC,ZH15LHSC,ZH,Holz,15 kWh,LW Wärmepumpe,hoch,Kurve,Schlaufe,673280,673280.2931160302,285541.83925934066,3068.848246153847,28522.26,43234.81007692308,26365.54381538462,5828.307692307692,13009.2,29480.99142857143,27813.127384615385,16486.587692307694,1111.9015384615384,66767.68138461538,2815.8,21036.78,72453.9,246.23999999999998,26472.340286348994,24283.9296,10827.75012923077,10623.6,138049,291.59200000000004,912.0,28.448,7522.013907692308,4881.38,5626.32,3427.2000000000007,0.0,115359.78461538462,177236,177235.8553180328,0.0,521.0,Zeile,Schlaufe,60000.0,4728.0,4102.0,2720.0,12906.0,19855.384615384613,15884.307692307691,0.2151,1.0755,5.0,64530.0,72472.15384615384,51624.0,61601.330769230764,0.3149542848287618,16.0,41.0,1259.121951219512,661.8461538461538,10.929638770926143,True,11550.0,534.72,534.72,226.78,2.44,22.65,34.34,20.94,4.63,10.33,23.41,22.09,13.09,0.88,53.03,2.24,16.71,57.54,0.2,21.02,19.29,8.6,8.44,109.64,0.23,0.72,0.02,5.97,3.88,4.47,2.72,0.0,91.62,140.76,140.76,0.0
ZH15EHSC,ZH15EHSC,ZH,Holz,15 kWh,Erdgas,hoch,Kurve,Schlaufe,818569,818569.2986907728,285541.83925934066,3068.848246153847,28522.26,43234.81007692308,26365.54381538462,5828.307692307692,13009.2,29480.99142857143,27813.127384615385,16486.587692307694,1111.9015384615384,66767.68138461538,2815.8,21036.78,77275.7,246.23999999999998,31294.157019124425,24283.9296,10827.75012923077,10623.6,138049,291.59200000000004,912.0,28.448,7522.013907692308,4881.38,5626.32,3427.2000000000007,0.0,115359.78461538462,317703,317703.04416,0.0,521.0,Zeile,Schlaufe,60000.0,4728.0,4102.0,2720.0,12906.0,19855.384615384613,15884.307692307691,0.2151,1.0755,5.0,64530.0,72472.15384615384,51624.0,61601.330769230764,0.3149542848287618,16.0,41.0,1259.121951219512,661.8461538461538,13.288175571356973,True,11550.0,650.11,650.11,226.78,2.44,22.65,34.34,20.94,4.63,10.33,23.41,22.09,13.09,0.88,53.03,2.24,16.71,61.37,0.2,24.85,19.29,8.6,8.44,109.64,0.23,0.72,0.02,5.97,3.88,4.47,2.72,0.0,91.62,252.32,252.32,0.0
ZH30NHSC,ZH30NHSC,ZH,Holz,30 kWh,Nahwärme kalt,hoch,Kurve,Schlaufe,878371,878371.2123578021,275428.8990747253,3068.848246153847,26328.24,43234.81007692308,21285.943630769234,5828.307692307692,13009.2,29480.99142857143,27813.127384615385,16486.587692307694,1111.9015384615384,66767.68138461538,2815.8,18197.46,250835.6,246.23999999999998,204854.0656153846,24283.9296,10827.75012923077,10623.6,138049,291.59200000000004,912.0,28.448,7522.013907692308,4881.38,5626.32,3427.2000000000007,0.0,115359.78461538462,214058,214057.98941538465,0.0,521.0,Zeile,Schlaufe,60000.0,4728.0,4102.0,2720.0,12906.0,19855.384615384613,15884.307692307691,0.2151,1.0755,5.0,64530.0,72472.15384615384,51624.0,61601.330769230764,0.3149542848287618,16.0,41.0,1259.121951219512,661.8461538461538,14.25896488581282,True,11550.0,697.61,697.61,218.75,2.44,20.91,34.34,16.91,4.63,10.33,23.41,22.09,13.09,0.88,53.03,2.24,14.45,199.21,0.2,162.7,19.29,8.6,8.44,109.64,0.23,0.72,0.02,5.97,3.88,4.47,2.72,0.0,91.62,170.01,170.01,0.0
ZH30LHSC,ZH30LHSC,ZH,Holz,30 kWh,LW Wärmepumpe,hoch,Kurve,Schlaufe,762055,762054.5440623141,275428.8990747253,3068.848246153847,26328.24,43234.81007692308,21285.943630769234,5828.307692307692,13009.2,29480.99142857143,27813.127384615385,16486.587692307694,1111.9015384615384,66767.68138461538,2815.8,18197.46,74863.4,246.23999999999998,28881.892072985924,24283.9296,10827.75012923077,10623.6,138049,291.59200000000004,912.0,28.448,7522.013907692308,4881.38,5626.32,3427.2000000000007,0.0,115359.78461538462,273713,273713.4946622951,0.0,521.0,Zeile,Schlaufe,60000.0,4728.0,4102.0,2720.0,12906.0,19855.384615384613,15884.307692307691,0.2151,1.0755,5.0,64530.0,72472.15384615384,51624.0,61601.330769230764,0.3149542848287618,16.0,41.0,1259.121951219512,661.8461538461538,12.370748075509962,True,11550.0,605.23,605.23,218.75,2.44,20.91,34.34,16.91,4.63,10.33,23.41,22.09,13.09,0.88,53.03,2.24,14.45,59.46,0.2,22.94,19.29,8.6,8.44,109.64,0.23,0.72,0.02,5.97,3.88,4.47,2.72,0.0,91.62,217.38,217.38,0.0
ZH30EHSC,ZH30EHSC,ZH,Holz,30 kWh,Erdgas,hoch,Kurve,Schlaufe,985740,985739.9489720607,275428.8990747253,3068.848246153847,26328.24,43234.81007692308,21285.943630769234,5828.307692307692,13009.2,29480.99142857143,27813.127384615385,16486.587692307694,1111.9015384615384,66767.68138461538,2815.8,18197.46,81618.9,246.23999999999998,35637.34748502773,24283.9296,10827.75012923077,10623.6,138049,291.59200000000004,912.0,28.448,7522.013907692308,4881.38,5626.32,3427.2000000000007,0.0,115359.78461538462,490643,490643.44416,0.0,521.0,Zeile,Schlaufe,60000.0,4728.0,4102.0,2720.0,12906.0,19855.384615384613,15884.307692307691,0.2151,1.0755,5.0,64530.0,72472.15384615384,51624.0,61601.330769230764,0.3149542848287618,16.0,41.0,1259.121951219512,661.8461538461538,16.00192620293891,True,11550.0,782.88,782.88,218.75,2.44,20.91,34.34,16.91,4.63,10.33,23.41,22.09,13.09,0.88,53.03,2.24,14.45,64.82,0.2,28.3,19.29,8.6,8.44,109.64,0.23,0.72,0.02,5.97,3.88,4.47,2.72,0.0,91.62,389.67,389.67,0.0
ZH70NHSC,ZH70NHSC,ZH,Holz,70 kWh,Nahwärme kalt,hoch,Kurve,Schlaufe,1082964,1082964.19020683,267444.2275670329,3068.848246153847,24134.22,43234.81007692308,19108.972123076925,5828.307692307692,13009.2,29480.99142857143,27813.127384615385,16486.587692307694,1111.9015384615384,66767.68138461538,2815.8,14583.779999999999,262212.0,246.23999999999998,216230.4842028739,24283.9296,10827.75012923077,10623.6,138049,291.59200000000004,912.0,28.448,7522.013907692308,4881.38,5626.32,3427.2000000000007,0.0,115359.78461538462,415259,415259.2201846153,0.0,521.0,Zeile,Schlaufe,60000.0,4728.0,4102.0,2720.0,12906.0,19855.384615384613,15884.307692307691,0.2151,1.0755,5.0,64530.0,72472.15384615384,51624.0,61601.330769230764,0.3149542848287618,16.0,41.0,1259.121951219512,661.8461538461538,17.580207711158074,True,11550.0,860.09,860.09,212.41,2.44,19.17,34.34,15.18,4.63,10.33,23.41,22.09,13.09,0.88,53.03,2.24,11.58,208.25,0.2,171.73,19.29,8.6,8.44,109.64,0.23,0.72,0.02,5.97,3.88,4.47,2.72,0.0,91.62,329.8,329.8,0.0
ZH70LHSC,ZH70LHSC,ZH,Holz,70 kWh,LW Wärmepumpe,hoch,Kurve,Schlaufe,1018434,1018434.4263532325,267444.2275670329,3068.848246153847,24134.22,43234.81007692308,19108.972123076925,5828.307692307692,13009.2,29480.99142857143,27813.127384615385,16486.587692307694,1111.9015384615384,66767.68138461538,2815.8,14583.779999999999,81954.3,246.23999999999998,35972.74095356405,24283.9296,10827.75012923077,10623.6,138049,291.59200000000004,912.0,28.448,7522.013907692308,4881.38,5626.32,3427.2000000000007,0.0,115359.78461538462,530987,530987.1995803278,0.0,521.0,Zeile,Schlaufe,60000.0,4728.0,4102.0,2720.0,12906.0,19855.384615384613,15884.307692307691,0.2151,1.0755,5.0,64530.0,72472.15384615384,51624.0,61601.330769230764,0.3149542848287618,16.0,41.0,1259.121951219512,661.8461538461538,16.532669240027687,True,11550.0,808.84,808.84,212.41,2.44,19.17,34.34,15.18,4.63,10.33,23.41,22.09,13.09,0.88,53.03,2.24,11.58,65.09,0.2,28.57,19.29,8.6,8.44,109.64,0.23,0.72,0.02,5.97,3.88,4.47,2.72,0.0,91.62,421.71,421.71,0.0
ZH70EHSC,ZH70EHSC,ZH,Holz,70 kWh,Erdgas,hoch,Kurve,Schlaufe,1443352,1443352.2497044797,267444.2275670329,3068.848246153847,24134.22,43234.81007692308,19108.972123076925,5828.307692307692,13009.2,29480.99142857143,27813.127384615385,16486.587692307694,1111.9015384615384,66767.68138461538,2815.8,14583.779999999999,86041.4,246.23999999999998,40059.91972513948,24283.9296,10827.75012923077,10623.6,138049,291.59200000000004,912.0,28.448,7522.013907692308,4881.38,5626.32,3427.2000000000007,0.0,115359.78461538462,951818,951817.8441599996,0.0,521.0,Zeile,Schlaufe,60000.0,4728.0,4102.0,2720.0,12906.0,19855.384615384613,15884.307692307691,0.2151,1.0755,5.0,64530.0,72472.15384615384,51624.0,61601.330769230764,0.3149542848287618,16.0,41.0,1259.121951219512,661.8461538461538,23.430536835503226,True,11550.0,1146.32,1146.32,212.41,2.44,19.17,34.34,15.18,4.63,10.33,23.41,22.09,13.09,0.88,53.03,2.24,11.58,68.33,0.2,31.82,19.29,8.6,8.44,109.64,0.23,0.72,0.02,5.97,3.88,4.47,2.72,0.0,91.62,755.94,755.94,0.0
ZM15NHSC,ZM15NHSC,ZH,Massiv,15 kWh,Nahwärme kalt,hoch,Kurve,Schlaufe,882573,882572.7922548901,359020.50079780223,3068.848246153847,28522.26,43234.81007692308,63857.8308923077,5828.307692307692,13009.2,29480.99142857143,45130.332,21748.264615384618,1111.9015384615384,73334.99430769231,2815.8,27876.960000000003,246896.0,246.23999999999998,200914.50532785698,24283.9296,10827.75012923077,10623.6,138049,291.59200000000004,912.0,28.448,7522.013907692308,4881.38,5626.32,3427.2000000000007,0.0,115359.78461538462,138608,138607.52787692306,0.0,521.0,Zeile,Schlaufe,60000.0,4728.0,4102.0,2720.0,12906.0,19855.384615384613,15884.307692307691,0.2151,1.0755,5.0,64530.0,72472.15384615384,51624.0,61601.330769230764,0.3149542848287618,16.0,41.0,1259.121951219512,661.8461538461538,14.327170878193527,True,11550.0,700.94,700.94,285.14,2.44,22.65,34.34,50.72,4.63,10.33,23.41,35.84,17.27,0.88,58.24,2.24,22.14,196.09,0.2,159.57,19.29,8.6,8.44,109.64,0.23,0.72,0.02,5.97,3.88,4.47,2.72,0.0,91.62,110.08,110.08,0.0
ZM15LHSC,ZM15LHSC,ZH,Massiv,15 kWh,LW Wärmepumpe,hoch,Kurve,Schlaufe,746759,746758.9546544917,359020.50079780223,3068.848246153847,28522.26,43234.81007692308,63857.8308923077,5828.307692307692,13009.2,29480.99142857143,45130.332,21748.264615384618,1111.9015384615384,73334.99430769231,2815.8,27876.960000000003,72453.9,246.23999999999998,26472.340286348994,24283.9296,10827.75012923077,10623.6,138049,291.59200000000004,912.0,28.448,7522.013907692308,4881.38,5626.32,3427.2000000000007,0.0,115359.78461538462,177236,177235.8553180328,0.0,521.0,Zeile,Schlaufe,60000.0,4728.0,4102.0,2720.0,12906.0,19855.384615384613,15884.307692307691,0.2151,1.0755,5.0,64530.0,72472.15384615384,51624.0,61601.330769230764,0.3149542848287618,16.0,41.0,1259.121951219512,661.8461538461538,12.122448416771705,True,11550.0,593.08,593.08,285.14,2.44,22.65,34.34,50.72,4.63,10.33,23.41,35.84,17.27,0.88,58.24,2.24,22.14,57.54,0.2,21.02,19.29,8.6,8.44,109.64,0.23,0.72,0.02,5.97,3.88,4.47,2.72,0.0,91.62,140.76,140.76,0.0
ZM15EHSC,ZM15EHSC,ZH,Massiv,15 kWh,Erdgas,hoch,Kurve,Schlaufe,892048,892047.9602292343,359020.50079780223,3068.848246153847,28522.26,43234.81007692308,63857.8308923077,5828.307692307692,13009.2,29480.99142857143,45130.332,21748.264615384618,1111.9015384615384,73334.99430769231,2815.8,27876.960000000003,77275.7,246.23999999999998,31294.157019124425,24283.9296,10827.75012923077,10623.6,138049,291.59200000000004,912.0,28.448,7522.013907692308,4881.38,5626.32,3427.2000000000007,0.0,115359.78461538462,317703,317703.04416,0.0,521.0,Zeile,Schlaufe,60000.0,4728.0,4102.0,2720.0,12906.0,19855.384615384613,15884.307692307691,0.2151,1.0755,5.0,64530.0,72472.15384615384,51624.0,61601.330769230764,0.3149542848287618,16.0,41.0,1259.121951219512,661.8461538461538,14.480985217202534,True,11550.0,708.47,708.47,285.14,2.44,22.65,34.34,50.72,4.63,10.33,23.41,35.84,17.27,0.88,58.24,2.24,22.14,61.37,0.2,24.85,19.29,8.6,8.44,109.64,0.23,0.72,0.02,5.97,3.88,4.47,2.72,0.0,91.62,252.32,252.32,0.0
ZM30NHSC,ZM30NHSC,ZH,Massiv,30 kWh,Nahwärme kalt,hoch,Kurve,Schlaufe,951705,951705.3938347253,348763.08055164834,3068.848246153847,26328.24,43234.81007692308,57085.03064615385,5828.307692307692,13009.2,29480.99142857143,45130.332,21748.264615384618,1111.9015384615384,73334.99430769231,2815.8,26586.36,250835.6,246.23999999999998,204854.0656153846,24283.9296,10827.75012923077,10623.6,138049,291.59200000000004,912.0,28.448,7522.013907692308,4881.38,5626.32,3427.2000000000007,0.0,115359.78461538462,214058,214057.98941538465,0.0,521.0,Zeile,Schlaufe,60000.0,4728.0,4102.0,2720.0,12906.0,19855.384615384613,15884.307692307691,0.2151,1.0755,5.0,64530.0,72472.15384615384,51624.0,61601.330769230764,0.3149542848287618,16.0,41.0,1259.121951219512,661.8461538461538,15.449429126782638,True,11550.0,755.85,755.85,276.99,2.44,20.91,34.34,45.34,4.63,10.33,23.41,35.84,17.27,0.88,58.24,2.24,21.12,199.21,0.2,162.7,19.29,8.6,8.44,109.64,0.23,0.72,0.02,5.97,3.88,4.47,2.72,0.0,91.62,170.01,170.01,0.0
ZM30LHSC,ZM30LHSC,ZH,Massiv,30 kWh,LW Wärmepumpe,hoch,Kurve,Schlaufe,835389,835388.725539237,348763.08055164834,3068.848246153847,26328.24,43234.81007692308,57085.03064615385,5828.307692307692,13009.2,29480.99142857143,45130.332,21748.264615384618,1111.9015384615384,73334.99430769231,2815.8,26586.36,74863.4,246.23999999999998,28881.892072985924,24283.9296,10827.75012923077,10623.6,138049,291.59200000000004,912.0,28.448,7522.013907692308,4881.38,5626.32,3427.2000000000007,0.0,115359.78461538462,273713,273713.4946622951,0.0,521.0,Zeile,Schlaufe,60000.0,4728.0,4102.0,2720.0,12906.0,19855.384615384613,15884.307692307691,0.2151,1.0755,5.0,64530.0,72472.15384615384,51624.0,61601.330769230764,0.3149542848287618,16.0,41.0,1259.121951219512,661.8461538461538,13.561212316479782,True,11550.0,663.47,663.47,276.99,2.44,20.91,34.34,45.34,4.63,10.33,23.41,35.84,17.27,0.88,58.24,2.24,21.12,59.46,0.2,22.94,19.29,8.6,8.44,109.64,0.23,0.72,0.02,5.97,3.88,4.47,2.72,0.0,91.62,217.38,217.38,0.0
ZM30EHSC,ZM30EHSC,ZH,Massiv,30 kWh,Erdgas,hoch,Kurve,Schlaufe,1059074,1059074.1304489837,348763.08055164834,3068.848246153847,26328.24,43234.81007692308,57085.03064615385,5828.307692307692,13009.2,29480.99142857143,45130.332,21748.264615384618,1111.9015384615384,73334.99430769231,2815.8,26586.36,81618.9,246.23999999999998,35637.34748502773,24283.9296,10827.75012923077,10623.6,138049,291.59200000000004,912.0,28.448,7522.013907692308,4881.38,5626.32,3427.2000000000007,0.0,115359.78461538462,490643,490643.44416,0.0,521.0,Zeile,Schlaufe,60000.0,4728.0,4102.0,2720.0,12906.0,19855.384615384613,15884.307692307691,0.2151,1.0755,5.0,64530.0,72472.15384615384,51624.0,61601.330769230764,0.3149542848287618,16.0,41.0,1259.121951219512,661.8461538461538,17.192390443908728,True,11550.0,841.12,841.12,276.99,2.44,20.91,34.34,45.34,4.63,10.33,23.41,35.84,17.27,0.88,58.24,2.24,21.12,64.82,0.2,28.3,19.29,8.6,8.44,109.64,0.23,0.72,0.02,5.97,3.88,4.47,2.72,0.0,91.62,389.67,389.67,0.0
ZM70NHSC,ZM70NHSC,ZH,Massiv,70 kWh,Nahwärme kalt,hoch,Kurve,Schlaufe,1153815,1153815.391560676,338295.4289208791,3068.848246153847,24134.22,43234.81007692308,51521.65901538462,5828.307692307692,13009.2,29480.99142857143,45130.332,21748.264615384618,1111.9015384615384,73334.99430769231,2815.8,23876.100000000002,262212.0,246.23999999999998,216230.4842028739,24283.9296,10827.75012923077,10623.6,138049,291.59200000000004,912.0,28.448,7522.013907692308,4881.38,5626.32,3427.2000000000007,0.0,115359.78461538462,415259,415259.2201846153,0.0,521.0,Zeile,Schlaufe,60000.0,4728.0,4102.0,2720.0,12906.0,19855.384615384613,15884.307692307691,0.2151,1.0755,5.0,64530.0,72472.15384615384,51624.0,61601.330769230764,0.3149542848287618,16.0,41.0,1259.121951219512,661.8461538461538,18.73036470402024,True,11550.0,916.36,916.37,268.68,2.44,19.17,34.34,40.92,4.63,10.33,23.41,35.84,17.27,0.88,58.24,2.24,18.96,208.25,0.2,171.73,19.29,8.6,8.44,109.64,0.23,0.72,0.02,5.97,3.88,4.47,2.72,0.0,91.62,329.8,329.8,0.0
ZM70LHSC,ZM70LHSC,ZH,Massiv,70 kWh,LW Wärmepumpe,hoch,Kurve,Schlaufe,1089286,1089285.6277070786,338295.4289208791,3068.848246153847,24134.22,43234.81007692308,51521.65901538462,5828.307692307692,13009.2,29480.99142857143,45130.332,21748.264615384618,1111.9015384615384,73334.99430769231,2815.8,23876.100000000002,81954.3,246.23999999999998,35972.74095356405,24283.9296,10827.75012923077,10623.6,138049,291.59200000000004,912.0,28.448,7522.013907692308,4881.38,5626.32,3427.2000000000007,0.0,115359.78461538462,530987,530987.1995803278,0.0,521.0,Zeile,Schlaufe,60000.0,4728.0,4102.0,2720.0,12906.0,19855.384615384613,15884.307692307691,0.2151,1.0755,5.0,64530.0,72472.15384615384,51624.0,61601.330769230764,0.3149542848287618,16.0,41.0,1259.121951219512,661.8461538461538,17.682826232889852,True,11550.0,865.12,865.12,268.68,2.44,19.17,34.34,40.92,4.63,10.33,23.41,35.84,17.27,0.88,58.24,2.24,18.96,65.09,0.2,28.57,19.29,8.6,8.44,109.64,0.23,0.72,0.02,5.97,3.88,4.47,2.72,0.0,91.62,421.71,421.71,0.0
ZM70EHSC,ZM70EHSC,ZH,Massiv,70 kWh,Erdgas,hoch,Kurve,Schlaufe,1514203,1514203.4510583258,338295.4289208791,3068.848246153847,24134.22,43234.81007692308,51521.65901538462,5828.307692307692,13009.2,29480.99142857143,45130.332,21748.264615384618,1111.9015384615384,73334.99430769231,2815.8,23876.100000000002,86041.4,246.23999999999998,40059.91972513948,24283.9296,10827.75012923077,10623.6,138049,291.59200000000004,912.0,28.448,7522.013907692308,4881.38,5626.32,3427.2000000000007,0.0,115359.78461538462,951818,951817.8441599996,0.0,521.0,Zeile,Schlaufe,60000.0,4728.0,4102.0,2720.0,12906.0,19855.384615384613,15884.307692307691,0.2151,1.0755,5.0,64530.0,72472.15384615384,51624.0,61601.330769230764,0.3149542848287618,16.0,41.0,1259.121951219512,661.8461538461538,24.580693828365394,True,11550.0,1202.59,1202.59,268.68,2.44,19.17,34.34,40.92,4.63,10.33,23.41,35.84,17.27,0.88,58.24,2.24,18.96,68.33,0.2,31.82,19.29,8.6,8.44,109.64,0.23,0.72,0.02,5.97,3.88,4.47,2.72,0.0,91.62,755.94,755.94,0.0
PH15NHSC,PH15NHSC,PH,Holz,15 kWh,Nahwärme kalt,hoch,Kurve,Schlaufe,789410,789410.1050232953,298820.9447032967,3081.6886153846153,28641.6,43512.22769230769,34952.845538461544,6254.769230769231,15984.0,29604.342857142856,33468.18461538462,12276.110769230769,558.276923076923,67196.09846153845,2166.0,21124.8,212774.5,478.8,168865.14579692157,24385.536,10873.054523076924,8172.0,138627,350.14000000000004,912.0,34.160000000000004,7553.486769230771,4881.38,5626.32,3427.2000000000007,0.0,115842.46153846155,139187,139187.47569230772,0.0,421.0,Punkt,Schlaufe,60000.0,4728.0,4102.0,2720.0,12960.0,19938.46153846154,15950.769230769232,0.216,1.08,5.0,64800.0,72775.38461538461,51840.0,61859.07692307692,0.35555555555555557,40.0,41.0,1264.3902439024391,664.6153846153846,12.761427171067288,True,11550.0,624.34,624.34,236.34,2.44,22.65,34.41,27.64,4.95,12.64,23.41,26.47,9.71,0.44,53.15,1.71,16.71,168.28,0.38,133.55,19.29,8.6,6.46,109.64,0.28,0.72,0.03,5.97,3.86,4.45,2.71,0.0,91.62,110.08,110.08,0.0
PH15LHSC,PH15LHSC,PH,Holz,15 kWh,LW Wärmepumpe,hoch,Kurve,Schlaufe,684875,684874.9844584198,298820.9447032967,3081.6886153846153,28641.6,43512.22769230769,34952.845538461544,6254.769230769231,15984.0,29604.342857142856,33468.18461538462,12276.110769230769,558.276923076923,67196.09846153845,2166.0,21124.8,69449.5,478.8,25540.072989927616,24385.536,10873.054523076924,8172.0,138627,350.14000000000004,912.0,34.160000000000004,7553.486769230771,4881.38,5626.32,3427.2000000000007,0.0,115842.46153846155,177977,177977.42793442626,0.0,421.0,Punkt,Schlaufe,60000.0,4728.0,4102.0,2720.0,12960.0,19938.46153846154,15950.769230769232,0.216,1.08,5.0,64800.0,72775.38461538461,51840.0,61859.07692307692,0.35555555555555557,40.0,41.0,1264.3902439024391,664.6153846153846,11.07153579595241,True,11550.0,541.66,541.66,236.34,2.44,22.65,34.41,27.64,4.95,12.64,23.41,26.47,9.71,0.44,53.15,1.71,16.71,54.93,0.38,20.2,19.29,8.6,6.46,109.64,0.28,0.72,0.03,5.97,3.86,4.45,2.71,0.0,91.62,140.76,140.76,0.0
PH15EHSC,PH15EHSC,PH,Holz,15 kWh,Erdgas,hoch,Kurve,Schlaufe,827124,827123.5327963106,298820.9447032967,3081.6886153846153,28641.6,43512.22769230769,34952.845538461544,6254.769230769231,15984.0,29604.342857142856,33468.18461538462,12276.110769230769,558.276923076923,67196.09846153845,2166.0,21124.8,70643.1,478.8,26733.703662244687,24385.536,10873.054523076924,8172.0,138627,350.14000000000004,912.0,34.160000000000004,7553.486769230771,4881.38,5626.32,3427.2000000000007,0.0,115842.46153846155,319032,319032.3456,0.0,421.0,Punkt,Schlaufe,60000.0,4728.0,4102.0,2720.0,12960.0,19938.46153846154,15950.769230769232,0.216,1.08,5.0,64800.0,72775.38461538461,51840.0,61859.07692307692,0.35555555555555557,40.0,41.0,1264.3902439024391,664.6153846153846,13.371094008157549,True,11550.0,654.17,654.17,236.34,2.44,22.65,34.41,27.64,4.95,12.64,23.41,26.47,9.71,0.44,53.15,1.71,16.71,55.87,0.38,21.14,19.29,8.6,6.46,109.64,0.28,0.72,0.03,5.97,3.86,4.45,2.71,0.0,91.62,252.32,252.32,0.0
PH30NHSC,PH30NHSC,PH,Holz,30 kWh,Nahwärme kalt,hoch,Kurve,Schlaufe,857147,857147.1613609721,287032.5102417582,3081.6886153846153,26438.4,43512.22769230769,28218.81107692308,6254.769230769231,15984.0,29604.342857142856,33468.18461538462,12276.110769230769,558.276923076923,67196.09846153845,2166.0,18273.6,216533.9,478.8,172624.48274998314,24385.536,10873.054523076924,8172.0,138627,350.14000000000004,912.0,34.160000000000004,7553.486769230771,4881.38,5626.32,3427.2000000000007,0.0,115842.46153846155,214954,214953.6295384616,0.0,421.0,Punkt,Schlaufe,60000.0,4728.0,4102.0,2720.0,12960.0,19938.46153846154,15950.769230769232,0.216,1.08,5.0,64800.0,72775.38461538461,51840.0,61859.07692307692,0.35555555555555557,40.0,41.0,1264.3902439024391,664.6153846153846,13.856449271411744,True,11550.0,677.91,677.91,227.01,2.44,20.91,34.41,22.32,4.95,12.64,23.41,26.47,9.71,0.44,53.15,1.71,14.45,171.26,0.38,136.53,19.29,8.6,6.46,109.64,0.28,0.72,0.03,5.97,3.86,4.45,2.71,0.0,91.62,170.01,170.01,0.0
PH30LHSC,PH30LHSC,PH,Holz,30 kWh,LW Wärmepumpe,hoch,Kurve,Schlaufe,772117,772116.5774203334,287032.5102417582,3081.6886153846153,26438.4,43512.22769230769,28218.81107692308,6254.769230769231,15984.0,29604.342857142856,33468.18461538462,12276.110769230769,558.276923076923,67196.09846153845,2166.0,18273.6,71598.2,478.8,27688.78893796981,24385.536,10873.054523076924,8172.0,138627,350.14000000000004,912.0,34.160000000000004,7553.486769230771,4881.38,5626.32,3427.2000000000007,0.0,115842.46153846155,274859,274858.7394098361,0.0,421.0,Punkt,Schlaufe,60000.0,4728.0,4102.0,2720.0,12960.0,19938.46153846154,15950.769230769232,0.216,1.08,5.0,64800.0,72775.38461538461,51840.0,61859.07692307692,0.35555555555555557,40.0,41.0,1264.3902439024391,664.6153846153846,12.481863872305706,True,11550.0,610.66,610.66,227.01,2.44,20.91,34.41,22.32,4.95,12.64,23.41,26.47,9.71,0.44,53.15,1.71,14.45,56.63,0.38,21.9,19.29,8.6,6.46,109.64,0.28,0.72,0.03,5.97,3.86,4.45,2.71,0.0,91.62,217.38,217.38,0.0
PH30EHSC,PH30EHSC,PH,Holz,30 kWh,Erdgas,hoch,Kurve,Schlaufe,991428,991428.1766257272,287032.5102417582,3081.6886153846153,26438.4,43512.22769230769,28218.81107692308,6254.769230769231,15984.0,29604.342857142856,33468.18461538462,12276.110769230769,558.276923076923,67196.09846153845,2166.0,18273.6,73072.2,478.8,29162.78195319969,24385.536,10873.054523076924,8172.0,138627,350.14000000000004,912.0,34.160000000000004,7553.486769230771,4881.38,5626.32,3427.2000000000007,0.0,115842.46153846155,492696,492696.34560000006,0.0,421.0,Punkt,Schlaufe,60000.0,4728.0,4102.0,2720.0,12960.0,19938.46153846154,15950.769230769232,0.216,1.08,5.0,64800.0,72775.38461538461,51840.0,61859.07692307692,0.35555555555555557,40.0,41.0,1264.3902439024391,664.6153846153846,16.027206126250306,True,11550.0,784.12,784.12,227.01,2.44,20.91,34.41,22.32,4.95,12.64,23.41,26.47,9.71,0.44,53.15,1.71,14.45,57.79,0.38,23.06,19.29,8.6,6.46,109.64,0.28,0.72,0.03,5.97,3.86,4.45,2.71,0.0,91.62,389.67,389.67,0.0
PH70NHSC,PH70NHSC,PH,Holz,70 kWh,Nahwärme kalt,hoch,Kurve,Schlaufe,1062058,1062057.635530997,278314.49547252746,3081.6886153846153,24235.2,43512.22769230769,25332.79630769231,6254.769230769231,15984.0,29604.342857142856,33468.18461538462,12276.110769230769,558.276923076923,67196.09846153845,2166.0,14644.8,228119.3,478.8,184209.89476616174,24385.536,10873.054523076924,8172.0,138627,350.14000000000004,912.0,34.160000000000004,7553.486769230771,4881.38,5626.32,3427.2000000000007,0.0,115842.46153846155,416997,416996.70646153856,0.0,421.0,Punkt,Schlaufe,60000.0,4728.0,4102.0,2720.0,12960.0,19938.46153846154,15950.769230769232,0.216,1.08,5.0,64800.0,72775.38461538461,51840.0,61859.07692307692,0.35555555555555557,40.0,41.0,1264.3902439024391,664.6153846153846,17.168986159487773,True,11550.0,839.98,839.98,220.12,2.44,19.17,34.41,20.04,4.95,12.64,23.41,26.47,9.71,0.44,53.15,1.71,11.58,180.42,0.38,145.69,19.29,8.6,6.46,109.64,0.28,0.72,0.03,5.97,3.86,4.45,2.71,0.0,91.62,329.8,329.8,0.0
PH70LHSC,PH70LHSC,PH,Holz,70 kWh,LW Wärmepumpe,hoch,Kurve,Schlaufe,1029485,1029485.4461736779,278314.49547252746,3081.6886153846153,24235.2,43512.22769230769,25332.79630769231,6254.769230769231,15984.0,29604.342857142856,33468.18461538462,12276.110769230769,558.276923076923,67196.09846153845,2166.0,14644.8,79334.9,478.8,35425.50852611885,24385.536,10873.054523076924,8172.0,138627,350.14000000000004,912.0,34.160000000000004,7553.486769230771,4881.38,5626.32,3427.2000000000007,0.0,115842.46153846155,533209,533208.9033442623,0.0,421.0,Punkt,Schlaufe,60000.0,4728.0,4102.0,2720.0,12960.0,19938.46153846154,15950.769230769232,0.216,1.08,5.0,64800.0,72775.38461538461,51840.0,61859.07692307692,0.35555555555555557,40.0,41.0,1264.3902439024391,664.6153846153846,16.642431432558634,True,11550.0,814.21,814.21,220.12,2.44,19.17,34.41,20.04,4.95,12.64,23.41,26.47,9.71,0.44,53.15,1.71,11.58,62.75,0.38,28.02,19.29,8.6,6.46,109.64,0.28,0.72,0.03,5.97,3.86,4.45,2.71,0.0,91.62,421.71,421.71,0.0
PH70EHSC,PH70EHSC,PH,Holz,70 kWh,Erdgas,hoch,Kurve,Schlaufe,1456056,1456056.155618602,278314.49547252746,3081.6886153846153,24235.2,43512.22769230769,25332.79630769231,6254.769230769231,15984.0,29604.342857142856,33468.18461538462,12276.110769230769,558.276923076923,67196.09846153845,2166.0,14644.8,83314.2,478.8,39404.77571530534,24385.536,10873.054523076924,8172.0,138627,350.14000000000004,912.0,34.160000000000004,7553.486769230771,4881.38,5626.32,3427.2000000000007,0.0,115842.46153846155,955800,955800.3455999999,0.0,421.0,Punkt,Schlaufe,60000.0,4728.0,4102.0,2720.0,12960.0,19938.46153846154,15950.769230769232,0.216,1.08,5.0,64800.0,72775.38461538461,51840.0,61859.07692307692,0.35555555555555557,40.0,41.0,1264.3902439024391,664.6153846153846,23.538278099901795,True,11550.0,1151.59,1151.59,220.12,2.44,19.17,34.41,20.04,4.95,12.64,23.41,26.47,9.71,0.44,53.15,1.71,11.58,65.89,0.38,31.17,19.29,8.6,6.46,109.64,0.28,0.72,0.03,5.97,3.86,4.45,2.71,0.0,91.62,755.94,755.94,0.0
PM15NHSC,PM15NHSC,PH,Massiv,15 kWh,Nahwärme kalt,hoch,Kurve,Schlaufe,877262,877262.4681002182,386673.30778021977,3081.6886153846153,28641.6,43512.22769230769,84656.43323076924,6254.769230769231,15984.0,29604.342857142856,54220.80000000001,16194.018461538462,558.276923076923,73805.55076923077,2166.0,27993.600000000002,212774.5,478.8,168865.14579692157,24385.536,10873.054523076924,8172.0,138627,350.14000000000004,912.0,34.160000000000004,7553.486769230771,4881.38,5626.32,3427.2000000000007,0.0,115842.46153846155,139187,139187.47569230772,0.0,421.0,Punkt,Schlaufe,60000.0,4728.0,4102.0,2720.0,12960.0,19938.46153846154,15950.769230769232,0.216,1.08,5.0,64800.0,72775.38461538461,51840.0,61859.07692307692,0.35555555555555557,40.0,41.0,1264.3902439024391,664.6153846153846,14.18162882047388,True,11550.0,693.82,693.82,305.82,2.44,22.65,34.41,66.95,4.95,12.64,23.41,42.88,12.81,0.44,58.37,1.71,22.14,168.28,0.38,133.55,19.29,8.6,6.46,109.64,0.28,0.72,0.03,5.97,3.86,4.45,2.71,0.0,91.62,110.08,110.08,0.0
PM15LHSC,PM15LHSC,PH,Massiv,15 kWh,LW Wärmepumpe,hoch,Kurve,Schlaufe,772727,772727.3475353428,386673.30778021977,3081.6886153846153,28641.6,43512.22769230769,84656.43323076924,6254.769230769231,15984.0,29604.342857142856,54220.80000000001,16194.018461538462,558.276923076923,73805.55076923077,2166.0,27993.600000000002,69449.5,478.8,25540.072989927616,24385.536,10873.054523076924,8172.0,138627,350.14000000000004,912.0,34.160000000000004,7553.486769230771,4881.38,5626.32,3427.2000000000007,0.0,115842.46153846155,177977,177977.42793442626,0.0,421.0,Punkt,Schlaufe,60000.0,4728.0,4102.0,2720.0,12960.0,19938.46153846154,15950.769230769232,0.216,1.08,5.0,64800.0,72775.38461538461,51840.0,61859.07692307692,0.35555555555555557,40.0,41.0,1264.3902439024391,664.6153846153846,12.491737445359004,True,11550.0,611.15,611.15,305.82,2.44,22.65,34.41,66.95,4.95,12.64,23.41,42.88,12.81,0.44,58.37,1.71,22.14,54.93,0.38,20.2,19.29,8.6,6.46,109.64,0.28,0.72,0.03,5.97,3.86,4.45,2.71,0.0,91.62,140.76,140.76,0.0
PM15EHSC,PM15EHSC,PH,Massiv,15 kWh,Erdgas,hoch,Kurve,Schlaufe,914976,914975.8958732337,386673.30778021977,3081.6886153846153,28641.6,43512.22769230769,84656.43323076924,6254.769230769231,15984.0,29604.342857142856,54220.80000000001,16194.018461538462,558.276923076923,73805.55076923077,2166.0,27993.600000000002,70643.1,478.8,26733.703662244687,24385.536,10873.054523076924,8172.0,138627,350.14000000000004,912.0,34.160000000000004,7553.486769230771,4881.38,5626.32,3427.2000000000007,0.0,115842.46153846155,319032,319032.3456,0.0,421.0,Punkt,Schlaufe,60000.0,4728.0,4102.0,2720.0,12960.0,19938.46153846154,15950.769230769232,0.216,1.08,5.0,64800.0,72775.38461538461,51840.0,61859.07692307692,0.35555555555555557,40.0,41.0,1264.3902439024391,664.6153846153846,14.791295657564142,True,11550.0,723.65,723.65,305.82,2.44,22.65,34.41,66.95,4.95,12.64,23.41,42.88,12.81,0.44,58.37,1.71,22.14,55.87,0.38,21.14,19.29,8.6,6.46,109.64,0.28,0.72,0.03,5.97,3.86,4.45,2.71,0.0,91.62,252.32,252.32,0.0
PM30NHSC,PM30NHSC,PH,Massiv,30 kWh,Nahwärme kalt,hoch,Kurve,Schlaufe,944310,944310.046284049,374195.39516483515,3081.6886153846153,26438.4,43512.22769230769,75677.72061538462,6254.769230769231,15984.0,29604.342857142856,54220.80000000001,16194.018461538462,558.276923076923,73805.55076923077,2166.0,26697.600000000002,216533.9,478.8,172624.48274998314,24385.536,10873.054523076924,8172.0,138627,350.14000000000004,912.0,34.160000000000004,7553.486769230771,4881.38,5626.32,3427.2000000000007,0.0,115842.46153846155,214954,214953.6295384616,0.0,421.0,Punkt,Schlaufe,60000.0,4728.0,4102.0,2720.0,12960.0,19938.46153846154,15950.769230769232,0.216,1.08,5.0,64800.0,72775.38461538461,51840.0,61859.07692307692,0.35555555555555557,40.0,41.0,1264.3902439024391,664.6153846153846,15.265504971215766,True,11550.0,746.85,746.85,295.95,2.44,20.91,34.41,59.85,4.95,12.64,23.41,42.88,12.81,0.44,58.37,1.71,21.12,171.26,0.38,136.53,19.29,8.6,6.46,109.64,0.28,0.72,0.03,5.97,3.86,4.45,2.71,0.0,91.62,170.01,170.01,0.0
PM30LHSC,PM30LHSC,PH,Massiv,30 kWh,LW Wärmepumpe,hoch,Kurve,Schlaufe,859279,859279.4623434102,374195.39516483515,3081.6886153846153,26438.4,43512.22769230769,75677.72061538462,6254.769230769231,15984.0,29604.342857142856,54220.80000000001,16194.018461538462,558.276923076923,73805.55076923077,2166.0,26697.600000000002,71598.2,478.8,27688.78893796981,24385.536,10873.054523076924,8172.0,138627,350.14000000000004,912.0,34.160000000000004,7553.486769230771,4881.38,5626.32,3427.2000000000007,0.0,115842.46153846155,274859,274858.7394098361,0.0,421.0,Punkt,Schlaufe,60000.0,4728.0,4102.0,2720.0,12960.0,19938.46153846154,15950.769230769232,0.216,1.08,5.0,64800.0,72775.38461538461,51840.0,61859.07692307692,0.35555555555555557,40.0,41.0,1264.3902439024391,664.6153846153846,13.890919572109727,True,11550.0,679.6,679.6,295.95,2.44,20.91,34.41,59.85,4.95,12.64,23.41,42.88,12.81,0.44,58.37,1.71,21.12,56.63,0.38,21.9,19.29,8.6,6.46,109.64,0.28,0.72,0.03,5.97,3.86,4.45,2.71,0.0,91.62,217.38,217.38,0.0
PM30EHSC,PM30EHSC,PH,Massiv,30 kWh,Erdgas,hoch,Kurve,Schlaufe,1078591,1078591.0615488042,374195.39516483515,3081.6886153846153,26438.4,43512.22769230769,75677.72061538462,6254.769230769231,15984.0,29604.342857142856,54220.80000000001,16194.018461538462,558.276923076923,73805.55076923077,2166.0,26697.600000000002,73072.2,478.8,29162.78195319969,24385.536,10873.054523076924,8172.0,138627,350.14000000000004,912.0,34.160000000000004,7553.486769230771,4881.38,5626.32,3427.2000000000007,0.0,115842.46153846155,492696,492696.34560000006,0.0,421.0,Punkt,Schlaufe,60000.0,4728.0,4102.0,2720.0,12960.0,19938.46153846154,15950.769230769232,0.216,1.08,5.0,64800.0,72775.38461538461,51840.0,61859.07692307692,0.35555555555555557,40.0,41.0,1264.3902439024391,664.6153846153846,17.436261826054327,True,11550.0,853.05,853.05,295.95,2.44,20.91,34.41,59.85,4.95,12.64,23.41,42.88,12.81,0.44,58.37,1.71,21.12,57.79,0.38,23.06,19.29,8.6,6.46,109.64,0.28,0.72,0.03,5.97,3.86,4.45,2.71,0.0,91.62,389.67,389.67,0.0
PM70NHSC,PM70NHSC,PH,Massiv,70 kWh,Nahwärme kalt,hoch,Kurve,Schlaufe,1145638,1145638.3641463816,361895.22408791207,3081.6886153846153,24235.2,43512.22769230769,68302.34953846154,6254.769230769231,15984.0,29604.342857142856,54220.80000000001,16194.018461538462,558.276923076923,73805.55076923077,2166.0,23976.0,228119.3,478.8,184209.89476616174,24385.536,10873.054523076924,8172.0,138627,350.14000000000004,912.0,34.160000000000004,7553.486769230771,4881.38,5626.32,3427.2000000000007,0.0,115842.46153846155,416997,416996.70646153856,0.0,421.0,Punkt,Schlaufe,60000.0,4728.0,4102.0,2720.0,12960.0,19938.46153846154,15950.769230769232,0.216,1.08,5.0,64800.0,72775.38461538461,51840.0,61859.07692307692,0.35555555555555557,40.0,41.0,1264.3902439024391,664.6153846153846,18.520133521730486,True,11550.0,906.08,906.08,286.22,2.44,19.17,34.41,54.02,4.95,12.64,23.41,42.88,12.81,0.44,58.37,1.71,18.96,180.42,0.38,145.69,19.29,8.6,6.46,109.64,0.28,0.72,0.03,5.97,3.86,4.45,2.71,0.0,91.62,329.8,329.8,0.0
PM70LHSC,PM70LHSC,PH,Massiv,70 kWh,LW Wärmepumpe,hoch,Kurve,Schlaufe,1113066,1113066.1747890622,361895.22408791207,3081.6886153846153,24235.2,43512.22769230769,68302.34953846154,6254.769230769231,15984.0,29604.342857142856,54220.80000000001,16194.018461538462,558.276923076923,73805.55076923077,2166.0,23976.0,79334.9,478.8,35425.50852611885,24385.536,10873.054523076924,8172.0,138627,350.14000000000004,912.0,34.160000000000004,7553.486769230771,4881.38,5626.32,3427.2000000000007,0.0,115842.46153846155,533209,533208.9033442623,0.0,421.0,Punkt,Schlaufe,60000.0,4728.0,4102.0,2720.0,12960.0,19938.46153846154,15950.769230769232,0.216,1.08,5.0,64800.0,72775.38461538461,51840.0,61859.07692307692,0.35555555555555557,40.0,41.0,1264.3902439024391,664.6153846153846,17.99357879480135,True,11550.0,880.32,880.32,286.22,2.44,19.17,34.41,54.02,4.95,12.64,23.41,42.88,12.81,0.44,58.37,1.71,18.96,62.75,0.38,28.02,19.29,8.6,6.46,109.64,0.28,0.72,0.03,5.97,3.86,4.45,2.71,0.0,91.62,421.71,421.71,0.0
PM70EHSC,PM70EHSC,PH,Massiv,70 kWh,Erdgas,hoch,Kurve,Schlaufe,1539637,1539636.8842339865,361895.22408791207,3081.6886153846153,24235.2,43512.22769230769,68302.34953846154,6254.769230769231,15984.0,29604.342857142856,54220.80000000001,16194.018461538462,558.276923076923,73805.55076923077,2166.0,23976.0,83314.2,478.8,39404.77571530534,24385.536,10873.054523076924,8172.0,138627,350.14000000000004,912.0,34.160000000000004,7553.486769230771,4881.38,5626.32,3427.2000000000007,0.0,115842.46153846155,955800,955800.3455999999,0.0,421.0,Punkt,Schlaufe,60000.0,4728.0,4102.0,2720.0,12960.0,19938.46153846154,15950.769230769232,0.216,1.08,5.0,64800.0,72775.38461538461,51840.0,61859.07692307692,0.35555555555555557,40.0,41.0,1264.3902439024391,664.6153846153846,24.88942546214451,True,11550.0,1217.69,1217.69,286.22,2.44,19.17,34.41,54.02,4.95,12.64,23.41,42.88,12.81,0.44,58.37,1.71,18.96,65.89,0.38,31.17,19.29,8.6,6.46,109.64,0.28,0.72,0.03,5.97,3.86,4.45,2.71,0.0,91.62,755.94,755.94,0.0
BH15NHSC,BH15NHSC,BW,Holz,15 kWh,Nahwärme kalt,hoch,Kurve,Schlaufe,1031153,1031152.505735088,354601.49860175815,4214.209181538461,32639.489999999998,59328.381369230774,29018.26239384615,7752.036923076924,6415.8,40483.938857142864,16778.492307692308,37163.348307692315,954.3046153846153,91621.04464615384,4158.72,24073.469999999998,302346.1,83.78999999999999,240971.00977302232,33347.22048,14868.902060307691,13075.2,183866,250.69450000000003,912.0,24.458000000000002,10329.393156923075,4881.38,5626.32,3427.2000000000007,0.0,158414.56615384616,190339,190338.87300923074,0.0,621.0,BW,Schlaufe,60000.0,4728.0,4102.0,2720.0,14769.0,27265.846153846152,21812.676923076924,0.24615,1.4769,6.0,88614.0,99520.33846153846,70891.2,84592.2876923077,0.2676552237795382,7.0,41.0,1729.0536585365853,908.8615384615384,12.189675133101463,True,11550.0,596.37,596.37,205.08,2.44,18.88,34.31,16.78,4.48,3.71,23.41,9.7,21.49,0.55,52.99,2.41,13.92,174.86,0.05,139.37,19.29,8.6,7.56,106.34,0.14,0.53,0.01,5.97,2.82,3.25,1.98,0.0,91.62,110.08,110.08,0.0
BH15LHSC,BH15LHSC,BW,Holz,15 kWh,LW Wärmepumpe,hoch,Kurve,Schlaufe,879832,879831.5940433276,354601.49860175815,4214.209181538461,32639.489999999998,59328.381369230774,29018.26239384615,7752.036923076924,6415.8,40483.938857142864,16778.492307692308,37163.348307692315,954.3046153846153,91621.04464615384,4158.72,24073.469999999998,97980.0,83.78999999999999,36604.83839016468,33347.22048,14868.902060307691,13075.2,183866,250.69450000000003,912.0,24.458000000000002,10329.393156923075,4881.38,5626.32,3427.2000000000007,0.0,158414.56615384616,243384,243384.13270032787,0.0,621.0,BW,Schlaufe,60000.0,4728.0,4102.0,2720.0,14769.0,27265.846153846152,21812.676923076924,0.24615,1.4769,6.0,88614.0,99520.33846153846,70891.2,84592.2876923077,0.2676552237795382,7.0,41.0,1729.0536585365853,908.8615384615384,10.40084880129485,True,11550.0,508.85,508.85,205.08,2.44,18.88,34.31,16.78,4.48,3.71,23.41,9.7,21.49,0.55,52.99,2.41,13.92,56.67,0.05,21.17,19.29,8.6,7.56,106.34,0.14,0.53,0.01,5.97,2.82,3.25,1.98,0.0,91.62,140.76,140.76,0.0
BH15EHSC,BH15EHSC,BW,Holz,15 kWh,Erdgas,hoch,Kurve,Schlaufe,1081674,1081674.2633896992,354601.49860175815,4214.209181538461,32639.489999999998,59328.381369230774,29018.26239384615,7752.036923076924,6415.8,40483.938857142864,16778.492307692308,37163.348307692315,954.3046153846153,91621.04464615384,4158.72,24073.469999999998,106930.0,83.78999999999999,45554.9078288643,33347.22048,14868.902060307691,13075.2,183866,250.69450000000003,912.0,24.458000000000002,10329.393156923075,4881.38,5626.32,3427.2000000000007,0.0,158414.56615384616,436277,436276.73260799993,0.0,621.0,BW,Schlaufe,60000.0,4728.0,4102.0,2720.0,14769.0,27265.846153846152,21812.676923076924,0.24615,1.4769,6.0,88614.0,99520.33846153846,70891.2,84592.2876923077,0.2676552237795382,7.0,41.0,1729.0536585365853,908.8615384615384,12.78691347518741,True,11550.0,625.59,625.59,205.08,2.44,18.88,34.31,16.78,4.48,3.71,23.41,9.7,21.49,0.55,52.99,2.41,13.92,61.84,0.05,26.35,19.29,8.6,7.56,106.34,0.14,0.53,0.01,5.97,2.82,3.25,1.98,0.0,91.62,252.32,252.32,0.0
BH30NHSC,BH30NHSC,BW,Holz,30 kWh,Nahwärme kalt,hoch,Kurve,Schlaufe,1130116,1130116.082788906,343250.91419560433,4214.209181538461,30128.760000000002,59328.381369230774,23427.587987692306,7752.036923076924,6415.8,40483.938857142864,16778.492307692308,37163.348307692315,954.3046153846153,91621.04464615384,4158.72,20824.289999999997,309050.1,83.78999999999999,247674.9558483786,33347.22048,14868.902060307691,13075.2,183866,250.69450000000003,912.0,24.458000000000002,10329.393156923075,4881.38,5626.32,3427.2000000000007,0.0,158414.56615384616,293949,293949.0883938461,0.0,621.0,BW,Schlaufe,60000.0,4728.0,4102.0,2720.0,14769.0,27265.846153846152,21812.676923076924,0.24615,1.4769,6.0,88614.0,99520.33846153846,70891.2,84592.2876923077,0.2676552237795382,7.0,41.0,1729.0536585365853,908.8615384615384,13.359564017225082,True,11550.0,653.6,653.6,198.52,2.44,17.42,34.31,13.55,4.48,3.71,23.41,9.7,21.49,0.55,52.99,2.41,12.04,178.74,0.05,143.24,19.29,8.6,7.56,106.34,0.14,0.53,0.01,5.97,2.82,3.25,1.98,0.0,91.62,170.01,170.01,0.0
BH30LHSC,BH30LHSC,BW,Holz,30 kWh,LW Wärmepumpe,hoch,Kurve,Schlaufe,1005476,1005476.1456972712,343250.91419560433,4214.209181538461,30128.760000000002,59328.381369230774,23427.587987692306,7752.036923076924,6415.8,40483.938857142864,16778.492307692308,37163.348307692315,954.3046153846153,91621.04464615384,4158.72,20824.289999999997,102489.9,83.78999999999999,41114.781007639045,33347.22048,14868.902060307691,13075.2,183866,250.69450000000003,912.0,24.458000000000002,10329.393156923075,4881.38,5626.32,3427.2000000000007,0.0,158414.56615384616,375869,375869.3261429509,0.0,621.0,BW,Schlaufe,60000.0,4728.0,4102.0,2720.0,14769.0,27265.846153846152,21812.676923076924,0.24615,1.4769,6.0,88614.0,99520.33846153846,70891.2,84592.2876923077,0.2676552237795382,7.0,41.0,1729.0536585365853,908.8615384615384,11.886144388889758,True,11550.0,581.52,581.52,198.52,2.44,17.42,34.31,13.55,4.48,3.71,23.41,9.7,21.49,0.55,52.99,2.41,12.04,59.28,0.05,23.78,19.29,8.6,7.56,106.34,0.14,0.53,0.01,5.97,2.82,3.25,1.98,0.0,91.62,217.38,217.38,0.0
BH30EHSC,BH30EHSC,BW,Holz,30 kWh,Erdgas,hoch,Kurve,Schlaufe,1311401,1311400.7419049907,343250.91419560433,4214.209181538461,30128.760000000002,59328.381369230774,23427.587987692306,7752.036923076924,6415.8,40483.938857142864,16778.492307692308,37163.348307692315,954.3046153846153,91621.04464615384,4158.72,20824.289999999997,110521.6,83.78999999999999,49146.450750309465,33347.22048,14868.902060307691,13075.2,183866,250.69450000000003,912.0,24.458000000000002,10329.393156923075,4881.38,5626.32,3427.2000000000007,0.0,158414.56615384616,673762,673762.2526080001,0.0,621.0,BW,Schlaufe,60000.0,4728.0,4102.0,2720.0,14769.0,27265.846153846152,21812.676923076924,0.24615,1.4769,6.0,88614.0,99520.33846153846,70891.2,84592.2876923077,0.2676552237795382,7.0,41.0,1729.0536585365853,908.8615384615384,15.502604051506715,True,11550.0,758.45,758.45,198.52,2.44,17.42,34.31,13.55,4.48,3.71,23.41,9.7,21.49,0.55,52.99,2.41,12.04,63.92,0.05,28.42,19.29,8.6,7.56,106.34,0.14,0.53,0.01,5.97,2.82,3.25,1.98,0.0,91.62,389.67,389.67,0.0
BH70NHSC,BH70NHSC,BW,Holz,70 kWh,Nahwärme kalt,hoch,Kurve,Schlaufe,1410114,1410114.4140854017,334208.8608786813,4214.209181538461,27618.030000000002,59328.381369230774,21031.58467076923,7752.036923076924,6415.8,40483.938857142864,16778.492307692308,37163.348307692315,954.3046153846153,91621.04464615384,4158.72,16688.969999999998,321796.5,83.78999999999999,260421.43276948994,33347.22048,14868.902060307691,13075.2,183866,250.69450000000003,912.0,24.458000000000002,10329.393156923075,4881.38,5626.32,3427.2000000000007,0.0,158414.56615384616,570243,570242.9960861537,0.0,621.0,BW,Schlaufe,60000.0,4728.0,4102.0,2720.0,14769.0,27265.846153846152,21812.676923076924,0.24615,1.4769,6.0,88614.0,99520.33846153846,70891.2,84592.2876923077,0.2676552237795382,7.0,41.0,1729.0536585365853,908.8615384615384,16.66953870800244,True,11550.0,815.54,815.54,193.29,2.44,15.97,34.31,12.16,4.48,3.71,23.41,9.7,21.49,0.55,52.99,2.41,9.65,186.11,0.05,150.62,19.29,8.6,7.56,106.34,0.14,0.53,0.01,5.97,2.82,3.25,1.98,0.0,91.62,329.8,329.8,0.0
BH70LHSC,BH70LHSC,BW,Holz,70 kWh,LW Wärmepumpe,hoch,Kurve,Schlaufe,1356625,1356625.332994836,334208.8608786813,4214.209181538461,27618.030000000002,59328.381369230774,21031.58467076923,7752.036923076924,6415.8,40483.938857142864,16778.492307692308,37163.348307692315,954.3046153846153,91621.04464615384,4158.72,16688.969999999998,109387.3,83.78999999999999,48012.17244179918,33347.22048,14868.902060307691,13075.2,183866,250.69450000000003,912.0,24.458000000000002,10329.393156923075,4881.38,5626.32,3427.2000000000007,0.0,158414.56615384616,729163,729163.1753232786,0.0,621.0,BW,Schlaufe,60000.0,4728.0,4102.0,2720.0,14769.0,27265.846153846152,21812.676923076924,0.24615,1.4769,6.0,88614.0,99520.33846153846,70891.2,84592.2876923077,0.2676552237795382,7.0,41.0,1729.0536585365853,908.8615384615384,16.03722242303419,True,11550.0,784.61,784.61,193.29,2.44,15.97,34.31,12.16,4.48,3.71,23.41,9.7,21.49,0.55,52.99,2.41,9.65,63.26,0.05,27.77,19.29,8.6,7.56,106.34,0.14,0.53,0.01,5.97,2.82,3.25,1.98,0.0,91.62,421.71,421.71,0.0
BH70EHSC,BH70EHSC,BW,Holz,70 kWh,Erdgas,hoch,Kurve,Schlaufe,1939410,1939410.3332656366,334208.8608786813,4214.209181538461,27618.030000000002,59328.381369230774,21031.58467076923,7752.036923076924,6415.8,40483.938857142864,16778.492307692308,37163.348307692315,954.3046153846153,91621.04464615384,4158.72,16688.969999999998,114278.5,83.78999999999999,52903.37542787846,33347.22048,14868.902060307691,13075.2,183866,250.69450000000003,912.0,24.458000000000002,10329.393156923075,4881.38,5626.32,3427.2000000000007,0.0,158414.56615384616,1307057,1307056.9726079998,0.0,621.0,BW,Schlaufe,60000.0,4728.0,4102.0,2720.0,14769.0,27265.846153846152,21812.676923076924,0.24615,1.4769,6.0,88614.0,99520.33846153846,70891.2,84592.2876923077,0.2676552237795382,7.0,41.0,1729.0536585365853,908.8615384615384,22.9265620563421,True,11550.0,1121.66,1121.66,193.29,2.44,15.97,34.31,12.16,4.48,3.71,23.41,9.7,21.49,0.55,52.99,2.41,9.65,66.09,0.05,30.6,19.29,8.6,7.56,106.34,0.14,0.53,0.01,5.97,2.82,3.25,1.98,0.0,91.62,755.94,755.94,0.0
BM15NHSC,BM15NHSC,BW,Massiv,15 kWh,Nahwärme kalt,hoch,Kurve,Schlaufe,1111569,1111569.034104319,435018.026970989,4214.209181538461,32639.489999999998,59328.381369230774,70282.76396307691,7752.036923076924,6415.8,40483.938857142864,27230.4,49023.991384615394,954.3046153846153,100632.95067692308,4158.72,31901.04,302346.1,83.78999999999999,240971.00977302232,33347.22048,14868.902060307691,13075.2,183866,250.69450000000003,912.0,24.458000000000002,10329.393156923075,4881.38,5626.32,3427.2000000000007,0.0,158414.56615384616,190339,190338.87300923074,0.0,621.0,BW,Schlaufe,60000.0,4728.0,4102.0,2720.0,14769.0,27265.846153846152,21812.676923076924,0.24615,1.4769,6.0,88614.0,99520.33846153846,70891.2,84592.2876923077,0.2676552237795382,7.0,41.0,1729.0536585365853,908.8615384615384,13.140311775790856,True,11550.0,642.88,642.88,251.59,2.44,18.88,34.31,40.65,4.48,3.71,23.41,15.75,28.35,0.55,58.2,2.41,18.45,174.86,0.05,139.37,19.29,8.6,7.56,106.34,0.14,0.53,0.01,5.97,2.82,3.25,1.98,0.0,91.62,110.08,110.08,0.0
BM15LHSC,BM15LHSC,BW,Massiv,15 kWh,LW Wärmepumpe,hoch,Kurve,Schlaufe,960248,960248.1224125585,435018.026970989,4214.209181538461,32639.489999999998,59328.381369230774,70282.76396307691,7752.036923076924,6415.8,40483.938857142864,27230.4,49023.991384615394,954.3046153846153,100632.95067692308,4158.72,31901.04,97980.0,83.78999999999999,36604.83839016468,33347.22048,14868.902060307691,13075.2,183866,250.69450000000003,912.0,24.458000000000002,10329.393156923075,4881.38,5626.32,3427.2000000000007,0.0,158414.56615384616,243384,243384.13270032787,0.0,621.0,BW,Schlaufe,60000.0,4728.0,4102.0,2720.0,14769.0,27265.846153846152,21812.676923076924,0.24615,1.4769,6.0,88614.0,99520.33846153846,70891.2,84592.2876923077,0.2676552237795382,7.0,41.0,1729.0536585365853,908.8615384615384,11.351485443984245,True,11550.0,555.36,555.36,251.59,2.44,18.88,34.31,40.65,4.48,3.71,23.41,15.75,28.35,0.55,58.2,2.41,18.45,56.67,0.05,21.17,19.29,8.6,7.56,106.34,0.14,0.53,0.01,5.97,2.82,3.25,1.98,0.0,91.62,140.76,140.76,0.0
BM15EHSC,BM15EHSC,BW,Massiv,15 kWh,Erdgas,hoch,Kurve,Schlaufe,1162091,1162090.7917589303,435018.026970989,4214.209181538461,32639.489999999998,59328.381369230774,70282.76396307691,7752.036923076924,6415.8,40483.938857142864,27230.4,49023.991384615394,954.3046153846153,100632.95067692308,4158.72,31901.04,106930.0,83.78999999999999,45554.9078288643,33347.22048,14868.902060307691,13075.2,183866,250.69450000000003,912.0,24.458000000000002,10329.393156923075,4881.38,5626.32,3427.2000000000007,0.0,158414.56615384616,436277,436276.73260799993,0.0,621.0,BW,Schlaufe,60000.0,4728.0,4102.0,2720.0,14769.0,27265.846153846152,21812.676923076924,0.24615,1.4769,6.0,88614.0,99520.33846153846,70891.2,84592.2876923077,0.2676552237795382,7.0,41.0,1729.0536585365853,908.8615384615384,13.737550117876804,True,11550.0,672.1,672.1,251.59,2.44,18.88,34.31,40.65,4.48,3.71,23.41,15.75,28.35,0.55,58.2,2.41,18.45,61.84,0.05,26.35,19.29,8.6,7.56,106.34,0.14,0.53,0.01,5.97,2.82,3.25,1.98,0.0,91.62,252.32,252.32,0.0
BM30NHSC,BM30NHSC,BW,Massiv,30 kWh,Nahwärme kalt,hoch,Kurve,Schlaufe,1210441,1210441.333022752,423576.1644294505,4214.209181538461,30128.760000000002,59328.381369230774,62828.53142153845,7752.036923076924,6415.8,40483.938857142864,27230.4,49023.991384615394,954.3046153846153,100632.95067692308,4158.72,30424.14,309050.1,83.78999999999999,247674.9558483786,33347.22048,14868.902060307691,13075.2,183866,250.69450000000003,912.0,24.458000000000002,10329.393156923075,4881.38,5626.32,3427.2000000000007,0.0,158414.56615384616,293949,293949.0883938461,0.0,621.0,BW,Schlaufe,60000.0,4728.0,4102.0,2720.0,14769.0,27265.846153846152,21812.676923076924,0.24615,1.4769,6.0,88614.0,99520.33846153846,70891.2,84592.2876923077,0.2676552237795382,7.0,41.0,1729.0536585365853,908.8615384615384,14.309121623776846,True,11550.0,700.06,700.06,244.98,2.44,17.42,34.31,36.34,4.48,3.71,23.41,15.75,28.35,0.55,58.2,2.41,17.6,178.74,0.05,143.24,19.29,8.6,7.56,106.34,0.14,0.53,0.01,5.97,2.82,3.25,1.98,0.0,91.62,170.01,170.01,0.0
BM30LHSC,BM30LHSC,BW,Massiv,30 kWh,LW Wärmepumpe,hoch,Kurve,Schlaufe,1085801,1085801.3959311172,423576.1644294505,4214.209181538461,30128.760000000002,59328.381369230774,62828.53142153845,7752.036923076924,6415.8,40483.938857142864,27230.4,49023.991384615394,954.3046153846153,100632.95067692308,4158.72,30424.14,102489.9,83.78999999999999,41114.781007639045,33347.22048,14868.902060307691,13075.2,183866,250.69450000000003,912.0,24.458000000000002,10329.393156923075,4881.38,5626.32,3427.2000000000007,0.0,158414.56615384616,375869,375869.3261429509,0.0,621.0,BW,Schlaufe,60000.0,4728.0,4102.0,2720.0,14769.0,27265.846153846152,21812.676923076924,0.24615,1.4769,6.0,88614.0,99520.33846153846,70891.2,84592.2876923077,0.2676552237795382,7.0,41.0,1729.0536585365853,908.8615384615384,12.835701995441525,True,11550.0,627.97,627.97,244.98,2.44,17.42,34.31,36.34,4.48,3.71,23.41,15.75,28.35,0.55,58.2,2.41,17.6,59.28,0.05,23.78,19.29,8.6,7.56,106.34,0.14,0.53,0.01,5.97,2.82,3.25,1.98,0.0,91.62,217.38,217.38,0.0
BM30EHSC,BM30EHSC,BW,Massiv,30 kWh,Erdgas,hoch,Kurve,Schlaufe,1391726,1391725.992138837,423576.1644294505,4214.209181538461,30128.760000000002,59328.381369230774,62828.53142153845,7752.036923076924,6415.8,40483.938857142864,27230.4,49023.991384615394,954.3046153846153,100632.95067692308,4158.72,30424.14,110521.6,83.78999999999999,49146.450750309465,33347.22048,14868.902060307691,13075.2,183866,250.69450000000003,912.0,24.458000000000002,10329.393156923075,4881.38,5626.32,3427.2000000000007,0.0,158414.56615384616,673762,673762.2526080001,0.0,621.0,BW,Schlaufe,60000.0,4728.0,4102.0,2720.0,14769.0,27265.846153846152,21812.676923076924,0.24615,1.4769,6.0,88614.0,99520.33846153846,70891.2,84592.2876923077,0.2676552237795382,7.0,41.0,1729.0536585365853,908.8615384615384,16.45216165805848,True,11550.0,804.91,804.91,244.98,2.44,17.42,34.31,36.34,4.48,3.71,23.41,15.75,28.35,0.55,58.2,2.41,17.6,63.92,0.05,28.42,19.29,8.6,7.56,106.34,0.14,0.53,0.01,5.97,2.82,3.25,1.98,0.0,91.62,389.67,389.67,0.0
BM70NHSC,BM70NHSC,BW,Massiv,70 kWh,Nahwärme kalt,hoch,Kurve,Schlaufe,1487746,1487746.3780484786,411840.82484175824,4214.209181538461,27618.030000000002,59328.381369230774,56705.41183384614,7752.036923076924,6415.8,40483.938857142864,27230.4,49023.991384615394,954.3046153846153,100632.95067692308,4158.72,27322.65,321796.5,83.78999999999999,260421.43276948994,33347.22048,14868.902060307691,13075.2,183866,250.69450000000003,912.0,24.458000000000002,10329.393156923075,4881.38,5626.32,3427.2000000000007,0.0,158414.56615384616,570243,570242.9960861537,0.0,621.0,BW,Schlaufe,60000.0,4728.0,4102.0,2720.0,14769.0,27265.846153846152,21812.676923076924,0.24615,1.4769,6.0,88614.0,99520.33846153846,70891.2,84592.2876923077,0.2676552237795382,7.0,41.0,1729.0536585365853,908.8615384615384,17.58725787698215,True,11550.0,860.44,860.44,238.19,2.44,15.97,34.31,32.8,4.48,3.71,23.41,15.75,28.35,0.55,58.2,2.41,15.8,186.11,0.05,150.62,19.29,8.6,7.56,106.34,0.14,0.53,0.01,5.97,2.82,3.25,1.98,0.0,91.62,329.8,329.8,0.0
BM70LHSC,BM70LHSC,BW,Massiv,70 kWh,LW Wärmepumpe,hoch,Kurve,Schlaufe,1434257,1434257.2969579129,411840.82484175824,4214.209181538461,27618.030000000002,59328.381369230774,56705.41183384614,7752.036923076924,6415.8,40483.938857142864,27230.4,49023.991384615394,954.3046153846153,100632.95067692308,4158.72,27322.65,109387.3,83.78999999999999,48012.17244179918,33347.22048,14868.902060307691,13075.2,183866,250.69450000000003,912.0,24.458000000000002,10329.393156923075,4881.38,5626.32,3427.2000000000007,0.0,158414.56615384616,729163,729163.1753232786,0.0,621.0,BW,Schlaufe,60000.0,4728.0,4102.0,2720.0,14769.0,27265.846153846152,21812.676923076924,0.24615,1.4769,6.0,88614.0,99520.33846153846,70891.2,84592.2876923077,0.2676552237795382,7.0,41.0,1729.0536585365853,908.8615384615384,16.954941592013896,True,11550.0,829.5,829.5,238.19,2.44,15.97,34.31,32.8,4.48,3.71,23.41,15.75,28.35,0.55,58.2,2.41,15.8,63.26,0.05,27.77,19.29,8.6,7.56,106.34,0.14,0.53,0.01,5.97,2.82,3.25,1.98,0.0,91.62,421.71,421.71,0.0
BM70EHSC,BM70EHSC,BW,Massiv,70 kWh,Erdgas,hoch,Kurve,Schlaufe,2017042,2017042.2972287135,411840.82484175824,4214.209181538461,27618.030000000002,59328.381369230774,56705.41183384614,7752.036923076924,6415.8,40483.938857142864,27230.4,49023.991384615394,954.3046153846153,100632.95067692308,4158.72,27322.65,114278.5,83.78999999999999,52903.37542787846,33347.22048,14868.902060307691,13075.2,183866,250.69450000000003,912.0,24.458000000000002,10329.393156923075,4881.38,5626.32,3427.2000000000007,0.0,158414.56615384616,1307057,1307056.9726079998,0.0,621.0,BW,Schlaufe,60000.0,4728.0,4102.0,2720.0,14769.0,27265.846153846152,21812.676923076924,0.24615,1.4769,6.0,88614.0,99520.33846153846,70891.2,84592.2876923077,0.2676552237795382,7.0,41.0,1729.0536585365853,908.8615384615384,23.844281225321808,True,11550.0,1166.56,1166.56,238.19,2.44,15.97,34.31,32.8,4.48,3.71,23.41,15.75,28.35,0.55,58.2,2.41,15.8,66.09,0.05,30.6,19.29,8.6,7.56,106.34,0.14,0.53,0.01,5.97,2.82,3.25,1.98,0.0,91.62,755.94,755.94,0.0
EH15NHSA,EH15NHSA,EFH,Holz,15 kWh,Nahwärme kalt,hoch,Wendehammer,Sackgasse,202325,202325.0959490621,80268.59872000001,1207.4227200000003,13811.616,9672.128,13535.768,1075.2,4794.503999999999,7931.040000000001,2096.64,2298.112,107.52,11124.448000000002,75.52,12538.68,69898.0,969.0,63206.70917613899,3149.7984,2572.478336,0.0,18599,462.07000000000005,866.4000000000001,45.08,37.09440000000001,4229.26,6406.96,3326.4000000000005,3225.6,0.0,33560,33559.646916923084,0.0,122.0,EFH,Sackgasse,60000.0,5384.0,3554.0,2640.0,6249.6,,,0.12016,0.2764,2.5,16584.0,18748.8,12499.2,14999.04,0.644723118947107,64.0,51.0,245.0823529411765,64.0,13.48920303893196,False,11578.0,825.54,825.54,327.52,4.93,56.35,39.46,55.23,4.39,19.56,32.36,8.55,9.38,0.44,45.39,0.31,51.16,285.2,3.95,257.9,12.85,10.5,0.0,75.89,1.89,3.54,0.18,0.15,17.26,26.14,13.57,13.16,0.0,136.93,136.93,0.0
EH15LHSA,EH15LHSA,EFH,Holz,15 kWh,LW Wärmepumpe,hoch,Wendehammer,Sackgasse,155183,155183.3235437693,80268.59872000001,1207.4227200000003,13811.616,9672.128,13535.768,1075.2,4794.503999999999,7931.040000000001,2096.64,2298.112,107.52,11124.448000000002,75.52,12538.68,13403.5,969.0,6712.248285802081,3149.7984,2572.478336,0.0,18599,462.07000000000005,866.4000000000001,45.08,37.09440000000001,4229.26,6406.96,3326.4000000000005,3225.6,0.0,42912,42912.33540196722,0.0,122.0,EFH,Sackgasse,60000.0,5384.0,3554.0,2640.0,6249.6,,,0.12016,0.2764,2.5,16584.0,18748.8,12499.2,14999.04,0.644723118947107,64.0,51.0,245.0823529411765,64.0,10.346217060809844,False,11578.0,633.19,633.19,327.52,4.93,56.35,39.46,55.23,4.39,19.56,32.36,8.55,9.38,0.44,45.39,0.31,51.16,54.69,3.95,27.39,12.85,10.5,0.0,75.89,1.89,3.54,0.18,0.15,17.26,26.14,13.57,13.16,0.0,175.09,175.09,0.0
EH15EHSA,EH15EHSA,EFH,Holz,15 kWh,Erdgas,hoch,Wendehammer,Sackgasse,192570,192570.0994362322,80268.59872000001,1207.4227200000003,13811.616,9672.128,13535.768,1075.2,4794.503999999999,7931.040000000001,2096.64,2298.112,107.52,11124.448000000002,75.52,12538.68,16780.4,969.0,10089.116252232194,3149.7984,2572.478336,0.0,18599,462.07000000000005,866.4000000000001,45.08,37.09440000000001,4229.26,6406.96,3326.4000000000005,3225.6,0.0,76922,76922.24332800001,0.0,122.0,EFH,Sackgasse,60000.0,5384.0,3554.0,2640.0,6249.6,,,0.12016,0.2764,2.5,16584.0,18748.8,12499.2,14999.04,0.644723118947107,64.0,51.0,245.0823529411765,64.0,12.838828314094247,False,11578.0,785.74,785.74,327.52,4.93,56.35,39.46,55.23,4.39,19.56,32.36,8.55,9.38,0.44,45.39,0.31,51.16,68.47,3.95,41.17,12.85,10.5,0.0,75.89,1.89,3.54,0.18,0.15,17.26,26.14,13.57,13.16,0.0,313.86,313.86,0.0
EH30NHSA,EH30NHSA,EFH,Holz,30 kWh,Nahwärme kalt,hoch,Wendehammer,Sackgasse,219274,219273.6223376118,77706.01071999999,1207.4227200000003,12749.184000000001,9672.128,12279.872,1075.2,4794.503999999999,7931.040000000001,2096.64,2298.112,107.52,11124.448000000002,75.52,12294.42,71141.0,969.0,64449.762026227196,3149.7984,2572.478336,0.0,18599,462.07000000000005,866.4000000000001,45.08,37.09440000000001,4229.26,6406.96,3326.4000000000005,3225.6,0.0,51828,51827.70845538463,0.0,122.0,EFH,Sackgasse,60000.0,5384.0,3554.0,2640.0,6249.6,,,0.12016,0.2764,2.5,16584.0,18748.8,12499.2,14999.04,0.644723118947107,64.0,51.0,245.0823529411765,64.0,14.619177116509576,False,11578.0,894.7,894.69,317.06,4.93,52.02,39.46,50.11,4.39,19.56,32.36,8.55,9.38,0.44,45.39,0.31,50.16,290.27,3.95,262.97,12.85,10.5,0.0,75.89,1.89,3.54,0.18,0.15,17.26,26.14,13.57,13.16,0.0,211.47,211.47,0.0
EH30LHSA,EH30LHSA,EFH,Holz,30 kWh,LW Wärmepumpe,hoch,Wendehammer,Sackgasse,176833,176833.03242813743,77706.01071999999,1207.4227200000003,12749.184000000001,9672.128,12279.872,1075.2,4794.503999999999,7931.040000000001,2096.64,2298.112,107.52,11124.448000000002,75.52,12294.42,14256.7,969.0,7565.38451443253,3149.7984,2572.478336,0.0,18599,462.07000000000005,866.4000000000001,45.08,37.09440000000001,4229.26,6406.96,3326.4000000000005,3225.6,0.0,66271,66271.49605770492,0.0,122.0,EFH,Sackgasse,60000.0,5384.0,3554.0,2640.0,6249.6,,,0.12016,0.2764,2.5,16584.0,18748.8,12499.2,14999.04,0.644723118947107,64.0,51.0,245.0823529411765,64.0,11.78962336443782,False,11578.0,721.52,721.52,317.06,4.93,52.02,39.46,50.11,4.39,19.56,32.36,8.55,9.38,0.44,45.39,0.31,50.16,58.17,3.95,30.87,12.85,10.5,0.0,75.89,1.89,3.54,0.18,0.15,17.26,26.14,13.57,13.16,0.0,270.4,270.41,0.0
EH30EHSA,EH30EHSA,EFH,Holz,30 kWh,Erdgas,hoch,Wendehammer,Sackgasse,232385,232385.26315121952,77706.01071999999,1207.4227200000003,12749.184000000001,9672.128,12279.872,1075.2,4794.503999999999,7931.040000000001,2096.64,2298.112,107.52,11124.448000000002,75.52,12294.42,17285.8,969.0,10594.547967219554,3149.7984,2572.478336,0.0,18599,462.07000000000005,866.4000000000001,45.08,37.09440000000001,4229.26,6406.96,3326.4000000000005,3225.6,0.0,118795,118794.56332799999,0.0,122.0,EFH,Sackgasse,60000.0,5384.0,3554.0,2640.0,6249.6,,,0.12016,0.2764,2.5,16584.0,18748.8,12499.2,14999.04,0.644723118947107,64.0,51.0,245.0823529411765,64.0,15.49334245066481,False,11578.0,948.19,948.19,317.06,4.93,52.02,39.46,50.11,4.39,19.56,32.36,8.55,9.38,0.44,45.39,0.31,50.16,70.53,3.95,43.23,12.85,10.5,0.0,75.89,1.89,3.54,0.18,0.15,17.26,26.14,13.57,13.16,0.0,484.71,484.71,0.0
EH70NHSA,EH70NHSA,EFH,Holz,70 kWh,Nahwärme kalt,hoch,Wendehammer,Sackgasse,268060,268059.95115503005,74899.16272,1207.4227200000003,11686.752000000002,9672.128,11023.976,1075.2,4794.503999999999,7931.040000000001,2096.64,2298.112,107.52,11124.448000000002,75.52,11805.9,74019.4,969.0,67328.10807441466,3149.7984,2572.478336,0.0,18599,462.07000000000005,866.4000000000001,45.08,37.09440000000001,4229.26,6406.96,3326.4000000000005,3225.6,0.0,100543,100542.5392246154,0.0,122.0,EFH,Sackgasse,60000.0,5384.0,3554.0,2640.0,6249.6,,,0.12016,0.2764,2.5,16584.0,18748.8,12499.2,14999.04,0.644723118947107,64.0,51.0,245.0823529411765,64.0,17.871807205996518,False,11578.0,1093.75,1093.75,305.61,4.93,47.68,39.46,44.98,4.39,19.56,32.36,8.55,9.38,0.44,45.39,0.31,48.17,302.02,3.95,274.72,12.85,10.5,0.0,75.89,1.89,3.54,0.18,0.15,17.26,26.14,13.57,13.16,0.0,410.24,410.24,0.0
EH70LHSA,EH70LHSA,EFH,Holz,70 kWh,LW Wärmepumpe,hoch,Wendehammer,Sackgasse,238154,238154.40940014133,74899.16272,1207.4227200000003,11686.752000000002,9672.128,11023.976,1075.2,4794.503999999999,7931.040000000001,2096.64,2298.112,107.52,11124.448000000002,75.52,11805.9,16093.8,969.0,9402.5144044692,3149.7984,2572.478336,0.0,18599,462.07000000000005,866.4000000000001,45.08,37.09440000000001,4229.26,6406.96,3326.4000000000005,3225.6,0.0,128563,128562.59113967215,0.0,122.0,EFH,Sackgasse,60000.0,5384.0,3554.0,2640.0,6249.6,,,0.12016,0.2764,2.5,16584.0,18748.8,12499.2,14999.04,0.644723118947107,64.0,51.0,245.0823529411765,64.0,15.87797681719239,False,11578.0,971.73,971.73,305.61,4.93,47.68,39.46,44.98,4.39,19.56,32.36,8.55,9.38,0.44,45.39,0.31,48.17,65.67,3.95,38.36,12.85,10.5,0.0,75.89,1.89,3.54,0.18,0.15,17.26,26.14,13.57,13.16,0.0,524.57,524.57,0.0
EH70EHSA,EH70EHSA,EFH,Holz,70 kWh,Erdgas,hoch,Wendehammer,Sackgasse,342349,342349.27132218354,74899.16272,1207.4227200000003,11686.752000000002,9672.128,11023.976,1075.2,4794.503999999999,7931.040000000001,2096.64,2298.112,107.52,11124.448000000002,75.52,11805.9,18397.2,969.0,11705.884138183537,3149.7984,2572.478336,0.0,18599,462.07000000000005,866.4000000000001,45.08,37.09440000000001,4229.26,6406.96,3326.4000000000005,3225.6,0.0,230454,230454.08332800004,0.0,122.0,EFH,Sackgasse,60000.0,5384.0,3554.0,2640.0,6249.6,,,0.12016,0.2764,2.5,16584.0,18748.8,12499.2,14999.04,0.644723118947107,64.0,51.0,245.0823529411765,64.0,22.824745538526702,False,11578.0,1396.87,1396.87,305.61,4.93,47.68,39.46,44.98,4.39,19.56,32.36,8.55,9.38,0.44,45.39,0.31,48.17,75.07,3.95,47.76,12.85,10.5,0.0,75.89,1.89,3.54,0.18,0.15,17.26,26.14,13.57,13.16,0.0,940.31,940.31,0.0
EM15NHSA,EM15NHSA,EFH,Massiv,15 kWh,Nahwärme kalt,hoch,Wendehammer,Sackgasse,220375,220375.49594906205,98318.99872,1207.4227200000003,13811.616,9672.128,28606.519999999997,1075.2,4794.503999999999,7931.040000000001,3248.6400000000003,3031.552,107.52,12218.656000000003,75.52,12538.68,69898.0,969.0,63206.70917613899,3149.7984,2572.478336,0.0,18599,462.07000000000005,866.4000000000001,45.08,37.09440000000001,4229.26,6406.96,3326.4000000000005,3225.6,0.0,33560,33559.646916923084,0.0,122.0,EFH,Sackgasse,60000.0,5384.0,3554.0,2640.0,6249.6,,,0.12016,0.2764,2.5,16584.0,18748.8,12499.2,14999.04,0.644723118947107,64.0,51.0,245.0823529411765,64.0,14.692640058901238,False,11578.0,899.19,899.19,401.17,4.93,56.35,39.46,116.72,4.39,19.56,32.36,13.26,12.37,0.44,49.86,0.31,51.16,285.2,3.95,257.9,12.85,10.5,0.0,75.89,1.89,3.54,0.18,0.15,17.26,26.14,13.57,13.16,0.0,136.93,136.93,0.0
EM15LHSA,EM15LHSA,EFH,Massiv,15 kWh,LW Wärmepumpe,hoch,Wendehammer,Sackgasse,173234,173233.7235437693,98318.99872,1207.4227200000003,13811.616,9672.128,28606.519999999997,1075.2,4794.503999999999,7931.040000000001,3248.6400000000003,3031.552,107.52,12218.656000000003,75.52,12538.68,13403.5,969.0,6712.248285802081,3149.7984,2572.478336,0.0,18599,462.07000000000005,866.4000000000001,45.08,37.09440000000001,4229.26,6406.96,3326.4000000000005,3225.6,0.0,42912,42912.33540196722,0.0,122.0,EFH,Sackgasse,60000.0,5384.0,3554.0,2640.0,6249.6,,,0.12016,0.2764,2.5,16584.0,18748.8,12499.2,14999.04,0.644723118947107,64.0,51.0,245.0823529411765,64.0,11.54965408077912,False,11578.0,706.84,706.84,401.17,4.93,56.35,39.46,116.72,4.39,19.56,32.36,13.26,12.37,0.44,49.86,0.31,51.16,54.69,3.95,27.39,12.85,10.5,0.0,75.89,1.89,3.54,0.18,0.15,17.26,26.14,13.57,13.16,0.0,175.09,175.09,0.0
EM15EHSA,EM15EHSA,EFH,Massiv,15 kWh,Erdgas,hoch,Wendehammer,Sackgasse,210620,210620.4994362322,98318.99872,1207.4227200000003,13811.616,9672.128,28606.519999999997,1075.2,4794.503999999999,7931.040000000001,3248.6400000000003,3031.552,107.52,12218.656000000003,75.52,12538.68,16780.4,969.0,10089.116252232194,3149.7984,2572.478336,0.0,18599,462.07000000000005,866.4000000000001,45.08,37.09440000000001,4229.26,6406.96,3326.4000000000005,3225.6,0.0,76922,76922.24332800001,0.0,122.0,EFH,Sackgasse,60000.0,5384.0,3554.0,2640.0,6249.6,,,0.12016,0.2764,2.5,16584.0,18748.8,12499.2,14999.04,0.644723118947107,64.0,51.0,245.0823529411765,64.0,14.042265334063526,False,11578.0,859.38,859.39,401.17,4.93,56.35,39.46,116.72,4.39,19.56,32.36,13.26,12.37,0.44,49.86,0.31,51.16,68.47,3.95,41.17,12.85,10.5,0.0,75.89,1.89,3.54,0.18,0.15,17.26,26.14,13.57,13.16,0.0,313.86,313.86,0.0
EM30NHSA,EM30NHSA,EFH,Massiv,30 kWh,Nahwärme kalt,hoch,Wendehammer,Sackgasse,237045,237044.93433761183,95477.32272000001,1207.4227200000003,12749.184000000001,9672.128,27071.536,1075.2,4794.503999999999,7931.040000000001,3248.6400000000003,3031.552,107.52,12218.656000000003,75.52,12294.42,71141.0,969.0,64449.762026227196,3149.7984,2572.478336,0.0,18599,462.07000000000005,866.4000000000001,45.08,37.09440000000001,4229.26,6406.96,3326.4000000000005,3225.6,0.0,51828,51827.70845538463,0.0,122.0,EFH,Sackgasse,60000.0,5384.0,3554.0,2640.0,6249.6,,,0.12016,0.2764,2.5,16584.0,18748.8,12499.2,14999.04,0.644723118947107,64.0,51.0,245.0823529411765,64.0,15.804007078960506,False,11578.0,967.21,967.21,389.57,4.93,52.02,39.46,110.46,4.39,19.56,32.36,13.26,12.37,0.44,49.86,0.31,50.16,290.27,3.95,262.97,12.85,10.5,0.0,75.89,1.89,3.54,0.18,0.15,17.26,26.14,13.57,13.16,0.0,211.47,211.47,0.0
EM30LHSA,EM30LHSA,EFH,Massiv,30 kWh,LW Wärmepumpe,hoch,Wendehammer,Sackgasse,194604,194604.34442813747,95477.32272000001,1207.4227200000003,12749.184000000001,9672.128,27071.536,1075.2,4794.503999999999,7931.040000000001,3248.6400000000003,3031.552,107.52,12218.656000000003,75.52,12294.42,14256.7,969.0,7565.38451443253,3149.7984,2572.478336,0.0,18599,462.07000000000005,866.4000000000001,45.08,37.09440000000001,4229.26,6406.96,3326.4000000000005,3225.6,0.0,66271,66271.49605770492,0.0,122.0,EFH,Sackgasse,60000.0,5384.0,3554.0,2640.0,6249.6,,,0.12016,0.2764,2.5,16584.0,18748.8,12499.2,14999.04,0.644723118947107,64.0,51.0,245.0823529411765,64.0,12.97445332688875,False,11578.0,794.04,794.04,389.57,4.93,52.02,39.46,110.46,4.39,19.56,32.36,13.26,12.37,0.44,49.86,0.31,50.16,58.17,3.95,30.87,12.85,10.5,0.0,75.89,1.89,3.54,0.18,0.15,17.26,26.14,13.57,13.16,0.0,270.4,270.41,0.0
EM30EHSA,EM30EHSA,EFH,Massiv,30 kWh,Erdgas,hoch,Wendehammer,Sackgasse,250157,250156.57515121956,95477.32272000001,1207.4227200000003,12749.184000000001,9672.128,27071.536,1075.2,4794.503999999999,7931.040000000001,3248.6400000000003,3031.552,107.52,12218.656000000003,75.52,12294.42,17285.8,969.0,10594.547967219554,3149.7984,2572.478336,0.0,18599,462.07000000000005,866.4000000000001,45.08,37.09440000000001,4229.26,6406.96,3326.4000000000005,3225.6,0.0,118795,118794.56332799999,0.0,122.0,EFH,Sackgasse,60000.0,5384.0,3554.0,2640.0,6249.6,,,0.12016,0.2764,2.5,16584.0,18748.8,12499.2,14999.04,0.644723118947107,64.0,51.0,245.0823529411765,64.0,16.678172413115743,False,11578.0,1020.71,1020.7,389.57,4.93,52.02,39.46,110.46,4.39,19.56,32.36,13.26,12.37,0.44,49.86,0.31,50.16,70.53,3.95,43.23,12.85,10.5,0.0,75.89,1.89,3.54,0.18,0.15,17.26,26.14,13.57,13.16,0.0,484.71,484.71,0.0
EM70NHSA,EM70NHSA,EFH,Massiv,70 kWh,Nahwärme kalt,hoch,Wendehammer,Sackgasse,283878,283877.64715503005,90716.85872,1207.4227200000003,11686.752000000002,9672.128,23862.023999999998,1075.2,4794.503999999999,7931.040000000001,3248.6400000000003,3031.552,107.52,12218.656000000003,75.52,11805.9,74019.4,969.0,67328.10807441466,3149.7984,2572.478336,0.0,18599,462.07000000000005,866.4000000000001,45.08,37.09440000000001,4229.26,6406.96,3326.4000000000005,3225.6,0.0,100543,100542.5392246154,0.0,122.0,EFH,Sackgasse,60000.0,5384.0,3554.0,2640.0,6249.6,,,0.12016,0.2764,2.5,16584.0,18748.8,12499.2,14999.04,0.644723118947107,64.0,51.0,245.0823529411765,64.0,18.926387765819015,False,11578.0,1158.3,1158.29,370.15,4.93,47.68,39.46,97.36,4.39,19.56,32.36,13.26,12.37,0.44,49.86,0.31,48.17,302.02,3.95,274.72,12.85,10.5,0.0,75.89,1.89,3.54,0.18,0.15,17.26,26.14,13.57,13.16,0.0,410.24,410.24,0.0
EM70LHSA,EM70LHSA,EFH,Massiv,70 kWh,LW Wärmepumpe,hoch,Wendehammer,Sackgasse,253972,253972.10540014136,90716.85872,1207.4227200000003,11686.752000000002,9672.128,23862.023999999998,1075.2,4794.503999999999,7931.040000000001,3248.6400000000003,3031.552,107.52,12218.656000000003,75.52,11805.9,16093.8,969.0,9402.5144044692,3149.7984,2572.478336,0.0,18599,462.07000000000005,866.4000000000001,45.08,37.09440000000001,4229.26,6406.96,3326.4000000000005,3225.6,0.0,128563,128562.59113967215,0.0,122.0,EFH,Sackgasse,60000.0,5384.0,3554.0,2640.0,6249.6,,,0.12016,0.2764,2.5,16584.0,18748.8,12499.2,14999.04,0.644723118947107,64.0,51.0,245.0823529411765,64.0,16.932557377014884,False,11578.0,1036.27,1036.27,370.15,4.93,47.68,39.46,97.36,4.39,19.56,32.36,13.26,12.37,0.44,49.86,0.31,48.17,65.67,3.95,38.36,12.85,10.5,0.0,75.89,1.89,3.54,0.18,0.15,17.26,26.14,13.57,13.16,0.0,524.57,524.57,0.0
EM70EHSA,EM70EHSA,EFH,Massiv,70 kWh,Erdgas,hoch,Wendehammer,Sackgasse,358167,358166.96732218354,90716.85872,1207.4227200000003,11686.752000000002,9672.128,23862.023999999998,1075.2,4794.503999999999,7931.040000000001,3248.6400000000003,3031.552,107.52,12218.656000000003,75.52,11805.9,18397.2,969.0,11705.884138183537,3149.7984,2572.478336,0.0,18599,462.07000000000005,866.4000000000001,45.08,37.09440000000001,4229.26,6406.96,3326.4000000000005,3225.6,0.0,230454,230454.08332800004,0.0,122.0,EFH,Sackgasse,60000.0,5384.0,3554.0,2640.0,6249.6,,,0.12016,0.2764,2.5,16584.0,18748.8,12499.2,14999.04,0.644723118947107,64.0,51.0,245.0823529411765,64.0,23.879326098349196,False,11578.0,1461.41,1461.41,370.15,4.93,47.68,39.46,97.36,4.39,19.56,32.36,13.26,12.37,0.44,49.86,0.31,48.17,75.07,3.95,47.76,12.85,10.5,0.0,75.89,1.89,3.54,0.18,0.15,17.26,26.14,13.57,13.16,0.0,940.31,940.31,0.0
DH15NHSA,DH15NHSA,DH,Holz,15 kWh,Nahwärme kalt,hoch,Wendehammer,Sackgasse,255033,255032.64670149493,101471.9220952381,1615.1520000000003,18475.6,13069.76,13185.559199999998,1108.8,4935.444799999999,10609.238095238095,2821.2800000000007,3681.04,110.88,15084.08,51.919999999999995,16723.168,88940.6,627.0,80656.079385744,4213.44,3444.0736,0.0,19728,375.97,866.4000000000001,36.68,51.00480000000001,4229.26,6406.96,3326.4000000000005,4435.2,0.0,44892,44892.25682051283,0.0,222.0,DH,Sackgasse,60000.0,5384.0,3554.0,2640.0,8360.0,,,0.16133333333333333,0.37033333333333335,2.5,22220.0,25080.0,16720.0,20064.0,0.5078101071975498,44.0,47.0,355.74468085106383,88.0,12.710957271804972,False,11578.0,716.9,716.9,285.24,4.54,51.93,36.74,37.06,3.12,13.87,29.82,7.93,10.35,0.31,42.4,0.15,47.01,250.01,1.76,226.72,11.84,9.68,0.0,55.46,1.06,2.44,0.1,0.14,11.89,18.01,9.35,12.47,0.0,126.19,126.19,0.0
DH15LHSA,DH15LHSA,DH,Holz,15 kWh,LW Wärmepumpe,hoch,Wendehammer,Sackgasse,194719,194719.09083859835,101471.9220952381,1615.1520000000003,18475.6,13069.76,13185.559199999998,1108.8,4935.444799999999,10609.238095238095,2821.2800000000007,3681.04,110.88,15084.08,51.919999999999995,16723.168,16116.1,627.0,7831.566704016001,4213.44,3444.0736,0.0,19728,375.97,866.4000000000001,36.68,51.00480000000001,4229.26,6406.96,3326.4000000000005,4435.2,0.0,57403,57403.21363934427,0.0,222.0,DH,Sackgasse,60000.0,5384.0,3554.0,2640.0,8360.0,,,0.16133333333333333,0.37033333333333335,2.5,22220.0,25080.0,16720.0,20064.0,0.5078101071975498,44.0,47.0,355.74468085106383,88.0,9.704898865560127,False,11578.0,547.36,547.36,285.24,4.54,51.93,36.74,37.06,3.12,13.87,29.82,7.93,10.35,0.31,42.4,0.15,47.01,45.3,1.76,22.01,11.84,9.68,0.0,55.46,1.06,2.44,0.1,0.14,11.89,18.01,9.35,12.47,0.0,161.36,161.36,0.0
DH15EHSA,DH15EHSA,DH,Holz,15 kWh,Erdgas,hoch,Wendehammer,Sackgasse,242302,242301.82656112502,101471.9220952381,1615.1520000000003,18475.6,13069.76,13185.559199999998,1108.8,4935.444799999999,10609.238095238095,2821.2800000000007,3681.04,110.88,15084.08,51.919999999999995,16723.168,18204.3,627.0,9919.7379325536,4213.44,3444.0736,0.0,19728,375.97,866.4000000000001,36.68,51.00480000000001,4229.26,6406.96,3326.4000000000005,4435.2,0.0,102898,102897.77813333334,0.0,222.0,DH,Sackgasse,60000.0,5384.0,3554.0,2640.0,8360.0,,,0.16133333333333333,0.37033333333333335,2.5,22220.0,25080.0,16720.0,20064.0,0.5078101071975498,44.0,47.0,355.74468085106383,88.0,12.076446698620668,False,11578.0,681.11,681.11,285.24,4.54,51.93,36.74,37.06,3.12,13.87,29.82,7.93,10.35,0.31,42.4,0.15,47.01,51.17,1.76,27.88,11.84,9.68,0.0,55.46,1.06,2.44,0.1,0.14,11.89,18.01,9.35,12.47,0.0,289.25,289.25,0.0
DH30NHSA,DH30NHSA,DH,Holz,30 kWh,Nahwärme kalt,hoch,Wendehammer,Sackgasse,278111,278111.4789896116,98501.5436952381,1615.1520000000003,17054.4,13069.76,11962.156799999999,1108.8,4935.444799999999,10609.238095238095,2821.2800000000007,3681.04,110.88,15084.08,51.919999999999995,16397.392,90552.9,627.0,82268.3669969376,4213.44,3444.0736,0.0,19728,375.97,866.4000000000001,36.68,51.00480000000001,4229.26,6406.96,3326.4000000000005,4435.2,0.0,69329,69329.17989743591,0.0,222.0,DH,Sackgasse,60000.0,5384.0,3554.0,2640.0,8360.0,,,0.16133333333333333,0.37033333333333335,2.5,22220.0,25080.0,16720.0,20064.0,0.5078101071975498,44.0,47.0,355.74468085106383,88.0,13.861218051715095,False,11578.0,781.77,781.77,276.89,4.54,47.94,36.74,33.63,3.12,13.87,29.82,7.93,10.35,0.31,42.4,0.15,46.09,254.54,1.76,231.26,11.84,9.68,0.0,55.46,1.06,2.44,0.1,0.14,11.89,18.01,9.35,12.47,0.0,194.88,194.88,0.0
DH30LHSA,DH30LHSA,DH,Holz,30 kWh,LW Wärmepumpe,hoch,Wendehammer,Sackgasse,224086,224085.79414017487,98501.5436952381,1615.1520000000003,17054.4,13069.76,11962.156799999999,1108.8,4935.444799999999,10609.238095238095,2821.2800000000007,3681.04,110.88,15084.08,51.919999999999995,16397.392,17205.9,627.0,8921.435290838399,4213.44,3444.0736,0.0,19728,375.97,866.4000000000001,36.68,51.00480000000001,4229.26,6406.96,3326.4000000000005,4435.2,0.0,88650,88650.42675409837,0.0,222.0,DH,Sackgasse,60000.0,5384.0,3554.0,2640.0,8360.0,,,0.16133333333333333,0.37033333333333335,2.5,22220.0,25080.0,16720.0,20064.0,0.5078101071975498,44.0,47.0,355.74468085106383,88.0,11.16855034590186,False,11578.0,629.91,629.91,276.89,4.54,47.94,36.74,33.63,3.12,13.87,29.82,7.93,10.35,0.31,42.4,0.15,46.09,48.37,1.76,25.08,11.84,9.68,0.0,55.46,1.06,2.44,0.1,0.14,11.89,18.01,9.35,12.47,0.0,249.2,249.2,0.0
DH30EHSA,DH30EHSA,DH,Holz,30 kWh,Erdgas,hoch,Wendehammer,Sackgasse,296041,296041.00210959226,98501.5436952381,1615.1520000000003,17054.4,13069.76,11962.156799999999,1108.8,4935.444799999999,10609.238095238095,2821.2800000000007,3681.04,110.88,15084.08,51.919999999999995,16397.392,18901.8,627.0,10617.2918810208,4213.44,3444.0736,0.0,19728,375.97,866.4000000000001,36.68,51.00480000000001,4229.26,6406.96,3326.4000000000005,4435.2,0.0,158910,158909.77813333337,0.0,222.0,DH,Sackgasse,60000.0,5384.0,3554.0,2640.0,8360.0,,,0.16133333333333333,0.37033333333333335,2.5,22220.0,25080.0,16720.0,20064.0,0.5078101071975498,44.0,47.0,355.74468085106383,88.0,14.754834634648738,False,11578.0,832.17,832.17,276.89,4.54,47.94,36.74,33.63,3.12,13.87,29.82,7.93,10.35,0.31,42.4,0.15,46.09,53.13,1.76,29.85,11.84,9.68,0.0,55.46,1.06,2.44,0.1,0.14,11.89,18.01,9.35,12.47,0.0,446.7,446.7,0.0
DH70NHSA,DH70NHSA,DH,Holz,70 kWh,Nahwärme kalt,hoch,Wendehammer,Sackgasse,343027,343026.7809608838,95205.38929523808,1615.1520000000003,15633.2,13069.76,10738.7544,1108.8,4935.444799999999,10609.238095238095,2821.2800000000007,3681.04,110.88,15084.08,51.919999999999995,15745.84,93599.2,627.0,85314.6951630816,4213.44,3444.0736,0.0,19728,375.97,866.4000000000001,36.68,51.00480000000001,4229.26,6406.96,3326.4000000000005,4435.2,0.0,134494,134494.3081025641,0.0,222.0,DH,Sackgasse,60000.0,5384.0,3554.0,2640.0,8360.0,,,0.16133333333333333,0.37033333333333335,2.5,22220.0,25080.0,16720.0,20064.0,0.5078101071975498,44.0,47.0,355.74468085106383,88.0,17.096629832579936,False,11578.0,964.25,964.25,267.62,4.54,43.94,36.74,30.19,3.12,13.87,29.82,7.93,10.35,0.31,42.4,0.15,44.26,263.11,1.76,239.82,11.84,9.68,0.0,55.46,1.06,2.44,0.1,0.14,11.89,18.01,9.35,12.47,0.0,378.06,378.06,0.0
DH70LHSA,DH70LHSA,DH,Holz,70 kWh,LW Wärmepumpe,hoch,Wendehammer,Sackgasse,305769,305768.75214308396,95205.38929523808,1615.1520000000003,15633.2,13069.76,10738.7544,1108.8,4935.444799999999,10609.238095238095,2821.2800000000007,3681.04,110.88,15084.08,51.919999999999995,15745.84,18859.2,627.0,10574.646054403198,4213.44,3444.0736,0.0,19728,375.97,866.4000000000001,36.68,51.00480000000001,4229.26,6406.96,3326.4000000000005,4435.2,0.0,171976,171976.32839344264,0.0,222.0,DH,Sackgasse,60000.0,5384.0,3554.0,2640.0,8360.0,,,0.16133333333333333,0.37033333333333335,2.5,22220.0,25080.0,16720.0,20064.0,0.5078101071975498,44.0,47.0,355.74468085106383,88.0,15.239670661038872,False,11578.0,859.52,859.52,267.62,4.54,43.94,36.74,30.19,3.12,13.87,29.82,7.93,10.35,0.31,42.4,0.15,44.26,53.01,1.76,29.73,11.84,9.68,0.0,55.46,1.06,2.44,0.1,0.14,11.89,18.01,9.35,12.47,0.0,483.43,483.43,0.0
DH70EHSA,DH70EHSA,DH,Holz,70 kWh,Erdgas,hoch,Wendehammer,Sackgasse,442867,442867.31254142476,95205.38929523808,1615.1520000000003,15633.2,13069.76,10738.7544,1108.8,4935.444799999999,10609.238095238095,2821.2800000000007,3681.04,110.88,15084.08,51.919999999999995,15745.84,19658.9,627.0,11374.42337952,4213.44,3444.0736,0.0,19728,375.97,866.4000000000001,36.68,51.00480000000001,4229.26,6406.96,3326.4000000000005,4435.2,0.0,308275,308275.1114666667,0.0,222.0,DH,Sackgasse,60000.0,5384.0,3554.0,2640.0,8360.0,,,0.16133333333333333,0.37033333333333335,2.5,22220.0,25080.0,16720.0,20064.0,0.5078101071975498,44.0,47.0,355.74468085106383,88.0,22.07273288184932,False,11578.0,1244.9,1244.9,267.62,4.54,43.94,36.74,30.19,3.12,13.87,29.82,7.93,10.35,0.31,42.4,0.15,44.26,55.26,1.76,31.97,11.84,9.68,0.0,55.46,1.06,2.44,0.1,0.14,11.89,18.01,9.35,12.47,0.0,866.56,866.56,0.0
DM15NHSA,DM15NHSA,DH,Massiv,15 kWh,Nahwärme kalt,hoch,Wendehammer,Sackgasse,274026,274026.3555014949,120465.6308952381,1615.1520000000003,18475.6,13069.76,27866.387999999995,1108.8,4935.444799999999,10609.238095238095,4475.68,4855.84,110.88,16567.760000000002,51.919999999999995,16723.168,88940.6,627.0,80656.079385744,4213.44,3444.0736,0.0,19728,375.97,866.4000000000001,36.68,51.00480000000001,4229.26,6406.96,3326.4000000000005,4435.2,0.0,44892,44892.25682051283,0.0,222.0,DH,Sackgasse,60000.0,5384.0,3554.0,2640.0,8360.0,,,0.16133333333333333,0.37033333333333335,2.5,22220.0,25080.0,16720.0,20064.0,0.5078101071975498,44.0,47.0,355.74468085106383,88.0,13.657613412155849,False,11578.0,770.29,770.29,338.63,4.54,51.93,36.74,78.33,3.12,13.87,29.82,12.58,13.65,0.31,46.57,0.15,47.01,250.01,1.76,226.72,11.84,9.68,0.0,55.46,1.06,2.44,0.1,0.14,11.89,18.01,9.35,12.47,0.0,126.19,126.19,0.0
DM15LHSA,DM15LHSA,DH,Massiv,15 kWh,LW Wärmepumpe,hoch,Wendehammer,Sackgasse,213713,213712.79963859834,120465.6308952381,1615.1520000000003,18475.6,13069.76,27866.387999999995,1108.8,4935.444799999999,10609.238095238095,4475.68,4855.84,110.88,16567.760000000002,51.919999999999995,16723.168,16116.1,627.0,7831.566704016001,4213.44,3444.0736,0.0,19728,375.97,866.4000000000001,36.68,51.00480000000001,4229.26,6406.96,3326.4000000000005,4435.2,0.0,57403,57403.21363934427,0.0,222.0,DH,Sackgasse,60000.0,5384.0,3554.0,2640.0,8360.0,,,0.16133333333333333,0.37033333333333335,2.5,22220.0,25080.0,16720.0,20064.0,0.5078101071975498,44.0,47.0,355.74468085106383,88.0,10.651555005911003,False,11578.0,600.75,600.75,338.63,4.54,51.93,36.74,78.33,3.12,13.87,29.82,12.58,13.65,0.31,46.57,0.15,47.01,45.3,1.76,22.01,11.84,9.68,0.0,55.46,1.06,2.44,0.1,0.14,11.89,18.01,9.35,12.47,0.0,161.36,161.36,0.0
DM15EHSA,DM15EHSA,DH,Massiv,15 kWh,Erdgas,hoch,Wendehammer,Sackgasse,261296,261295.53536112502,120465.6308952381,1615.1520000000003,18475.6,13069.76,27866.387999999995,1108.8,4935.444799999999,10609.238095238095,4475.68,4855.84,110.88,16567.760000000002,51.919999999999995,16723.168,18204.3,627.0,9919.7379325536,4213.44,3444.0736,0.0,19728,375.97,866.4000000000001,36.68,51.00480000000001,4229.26,6406.96,3326.4000000000005,4435.2,0.0,102898,102897.77813333334,0.0,222.0,DH,Sackgasse,60000.0,5384.0,3554.0,2640.0,8360.0,,,0.16133333333333333,0.37033333333333335,2.5,22220.0,25080.0,16720.0,20064.0,0.5078101071975498,44.0,47.0,355.74468085106383,88.0,13.023102838971544,False,11578.0,734.5,734.5,338.63,4.54,51.93,36.74,78.33,3.12,13.87,29.82,12.58,13.65,0.31,46.57,0.15,47.01,51.17,1.76,27.88,11.84,9.68,0.0,55.46,1.06,2.44,0.1,0.14,11.89,18.01,9.35,12.47,0.0,289.25,289.25,0.0
DM30NHSA,DM30NHSA,DH,Massiv,30 kWh,Nahwärme kalt,hoch,Wendehammer,Sackgasse,296833,296833.32058961166,117223.38529523811,1615.1520000000003,17054.4,13069.76,26371.118399999996,1108.8,4935.444799999999,10609.238095238095,4475.68,4855.84,110.88,16567.760000000002,51.919999999999995,16397.392,90552.9,627.0,82268.3669969376,4213.44,3444.0736,0.0,19728,375.97,866.4000000000001,36.68,51.00480000000001,4229.26,6406.96,3326.4000000000005,4435.2,0.0,69329,69329.17989743591,0.0,222.0,DH,Sackgasse,60000.0,5384.0,3554.0,2640.0,8360.0,,,0.16133333333333333,0.37033333333333335,2.5,22220.0,25080.0,16720.0,20064.0,0.5078101071975498,44.0,47.0,355.74468085106383,88.0,14.794324192065972,False,11578.0,834.4,834.4,329.52,4.54,47.94,36.74,74.13,3.12,13.87,29.82,12.58,13.65,0.31,46.57,0.15,46.09,254.54,1.76,231.26,11.84,9.68,0.0,55.46,1.06,2.44,0.1,0.14,11.89,18.01,9.35,12.47,0.0,194.88,194.88,0.0
DM30LHSA,DM30LHSA,DH,Massiv,30 kWh,LW Wärmepumpe,hoch,Wendehammer,Sackgasse,242808,242807.63574017485,117223.38529523811,1615.1520000000003,17054.4,13069.76,26371.118399999996,1108.8,4935.444799999999,10609.238095238095,4475.68,4855.84,110.88,16567.760000000002,51.919999999999995,16397.392,17205.9,627.0,8921.435290838399,4213.44,3444.0736,0.0,19728,375.97,866.4000000000001,36.68,51.00480000000001,4229.26,6406.96,3326.4000000000005,4435.2,0.0,88650,88650.42675409837,0.0,222.0,DH,Sackgasse,60000.0,5384.0,3554.0,2640.0,8360.0,,,0.16133333333333333,0.37033333333333335,2.5,22220.0,25080.0,16720.0,20064.0,0.5078101071975498,44.0,47.0,355.74468085106383,88.0,12.101656486252736,False,11578.0,682.53,682.53,329.52,4.54,47.94,36.74,74.13,3.12,13.87,29.82,12.58,13.65,0.31,46.57,0.15,46.09,48.37,1.76,25.08,11.84,9.68,0.0,55.46,1.06,2.44,0.1,0.14,11.89,18.01,9.35,12.47,0.0,249.2,249.2,0.0
DM30EHSA,DM30EHSA,DH,Massiv,30 kWh,Erdgas,hoch,Wendehammer,Sackgasse,314763,314762.84370959224,117223.38529523811,1615.1520000000003,17054.4,13069.76,26371.118399999996,1108.8,4935.444799999999,10609.238095238095,4475.68,4855.84,110.88,16567.760000000002,51.919999999999995,16397.392,18901.8,627.0,10617.2918810208,4213.44,3444.0736,0.0,19728,375.97,866.4000000000001,36.68,51.00480000000001,4229.26,6406.96,3326.4000000000005,4435.2,0.0,158910,158909.77813333337,0.0,222.0,DH,Sackgasse,60000.0,5384.0,3554.0,2640.0,8360.0,,,0.16133333333333333,0.37033333333333335,2.5,22220.0,25080.0,16720.0,20064.0,0.5078101071975498,44.0,47.0,355.74468085106383,88.0,15.687940774999614,False,11578.0,884.8,884.8,329.52,4.54,47.94,36.74,74.13,3.12,13.87,29.82,12.58,13.65,0.31,46.57,0.15,46.09,53.13,1.76,29.85,11.84,9.68,0.0,55.46,1.06,2.44,0.1,0.14,11.89,18.01,9.35,12.47,0.0,446.7,446.7,0.0
DM70NHSA,DM70NHSA,DH,Massiv,70 kWh,Nahwärme kalt,hoch,Wendehammer,Sackgasse,359846,359845.5521608838,112024.1604952381,1615.1520000000003,15633.2,13069.76,23244.645599999996,1108.8,4935.444799999999,10609.238095238095,4475.68,4855.84,110.88,16567.760000000002,51.919999999999995,15745.84,93599.2,627.0,85314.6951630816,4213.44,3444.0736,0.0,19728,375.97,866.4000000000001,36.68,51.00480000000001,4229.26,6406.96,3326.4000000000005,4435.2,0.0,134494,134494.3081025641,0.0,222.0,DH,Sackgasse,60000.0,5384.0,3554.0,2640.0,8360.0,,,0.16133333333333333,0.37033333333333335,2.5,22220.0,25080.0,16720.0,20064.0,0.5078101071975498,44.0,47.0,355.74468085106383,88.0,17.93488597293081,False,11578.0,1011.53,1011.53,314.9,4.54,43.94,36.74,65.34,3.12,13.87,29.82,12.58,13.65,0.31,46.57,0.15,44.26,263.11,1.76,239.82,11.84,9.68,0.0,55.46,1.06,2.44,0.1,0.14,11.89,18.01,9.35,12.47,0.0,378.06,378.06,0.0
DM70LHSA,DM70LHSA,DH,Massiv,70 kWh,LW Wärmepumpe,hoch,Wendehammer,Sackgasse,322588,322587.5233430839,112024.1604952381,1615.1520000000003,15633.2,13069.76,23244.645599999996,1108.8,4935.444799999999,10609.238095238095,4475.68,4855.84,110.88,16567.760000000002,51.919999999999995,15745.84,18859.2,627.0,10574.646054403198,4213.44,3444.0736,0.0,19728,375.97,866.4000000000001,36.68,51.00480000000001,4229.26,6406.96,3326.4000000000005,4435.2,0.0,171976,171976.32839344264,0.0,222.0,DH,Sackgasse,60000.0,5384.0,3554.0,2640.0,8360.0,,,0.16133333333333333,0.37033333333333335,2.5,22220.0,25080.0,16720.0,20064.0,0.5078101071975498,44.0,47.0,355.74468085106383,88.0,16.07792680138975,False,11578.0,906.8,906.8,314.9,4.54,43.94,36.74,65.34,3.12,13.87,29.82,12.58,13.65,0.31,46.57,0.15,44.26,53.01,1.76,29.73,11.84,9.68,0.0,55.46,1.06,2.44,0.1,0.14,11.89,18.01,9.35,12.47,0.0,483.43,483.43,0.0
DM70EHSA,DM70EHSA,DH,Massiv,70 kWh,Erdgas,hoch,Wendehammer,Sackgasse,459686,459686.0837414248,112024.1604952381,1615.1520000000003,15633.2,13069.76,23244.645599999996,1108.8,4935.444799999999,10609.238095238095,4475.68,4855.84,110.88,16567.760000000002,51.919999999999995,15745.84,19658.9,627.0,11374.42337952,4213.44,3444.0736,0.0,19728,375.97,866.4000000000001,36.68,51.00480000000001,4229.26,6406.96,3326.4000000000005,4435.2,0.0,308275,308275.1114666667,0.0,222.0,DH,Sackgasse,60000.0,5384.0,3554.0,2640.0,8360.0,,,0.16133333333333333,0.37033333333333335,2.5,22220.0,25080.0,16720.0,20064.0,0.5078101071975498,44.0,47.0,355.74468085106383,88.0,22.910989022200198,False,11578.0,1292.18,1292.18,314.9,4.54,43.94,36.74,65.34,3.12,13.87,29.82,12.58,13.65,0.31,46.57,0.15,44.26,55.26,1.76,31.97,11.84,9.68,0.0,55.46,1.06,2.44,0.1,0.14,11.89,18.01,9.35,12.47,0.0,866.56,866.56,0.0
RH15NHSA,RH15NHSA,RH,Holz,15 kWh,Nahwärme kalt,hoch,Wendehammer,Sackgasse,316697,316696.85416714946,122577.47026666666,2055.648,23514.399999999998,16722.72,11219.252800000002,1411.2,4641.4368,13502.666666666668,3011.6800000000003,5641.034,205.79999999999998,19334.56,33.04,21284.032000000003,114407.8,1340.6399999999999,103108.38591073919,5541.311999999999,4417.442400000001,0.0,22576,555.6320000000001,866.4000000000001,54.208,81.144,4229.26,6406.96,3326.4000000000005,7056.0,0.0,57136,57135.59958974361,0.0,322.0,RH,Sackgasse,60000.0,5384.0,3554.0,2640.0,10640.0,,,0.21233333333333335,0.47833333333333333,2.5,28700.0,31920.0,21280.0,25536.0,0.44508422664624814,28.0,47.0,452.76595744680856,140.0,12.40197580541782,False,11578.0,699.47,699.47,270.73,4.54,51.93,36.93,24.78,3.12,10.25,29.82,6.65,12.46,0.45,42.7,0.07,47.01,252.69,2.96,227.73,12.24,9.76,0.0,49.86,1.23,1.91,0.12,0.18,9.34,14.15,7.35,15.58,0.0,126.19,126.19,0.0
RH15LHSA,RH15LHSA,RH,Holz,15 kWh,LW Wärmepumpe,hoch,Wendehammer,Sackgasse,239105,239104.9402511959,122577.47026666666,2055.648,23514.399999999998,16722.72,11219.252800000002,1411.2,4641.4368,13502.666666666668,3011.6800000000003,5641.034,205.79999999999998,19334.56,33.04,21284.032000000003,20892.8,1340.6399999999999,9593.4360435456,5541.311999999999,4417.442400000001,0.0,22576,555.6320000000001,866.4000000000001,54.208,81.144,4229.26,6406.96,3326.4000000000005,7056.0,0.0,73059,73058.63554098361,0.0,322.0,RH,Sackgasse,60000.0,5384.0,3554.0,2640.0,10640.0,,,0.21233333333333335,0.47833333333333333,2.5,28700.0,31920.0,21280.0,25536.0,0.44508422664624814,28.0,47.0,452.76595744680856,140.0,9.363445341917132,False,11578.0,528.1,528.1,270.73,4.54,51.93,36.93,24.78,3.12,10.25,29.82,6.65,12.46,0.45,42.7,0.07,47.01,46.14,2.96,21.19,12.24,9.76,0.0,49.86,1.23,1.91,0.12,0.18,9.34,14.15,7.35,15.58,0.0,161.36,161.36,0.0
RH15EHSA,RH15EHSA,RH,Holz,15 kWh,Erdgas,hoch,Wendehammer,Sackgasse,298277,298277.3034560576,122577.47026666666,2055.648,23514.399999999998,16722.72,11219.252800000002,1411.2,4641.4368,13502.666666666668,3011.6800000000003,5641.034,205.79999999999998,19334.56,33.04,21284.032000000003,22163.0,1340.6399999999999,10863.6262560576,5541.311999999999,4417.442400000001,0.0,22576,555.6320000000001,866.4000000000001,54.208,81.144,4229.26,6406.96,3326.4000000000005,7056.0,0.0,130961,130960.80853333334,0.0,322.0,RH,Sackgasse,60000.0,5384.0,3554.0,2640.0,10640.0,,,0.21233333333333335,0.47833333333333333,2.5,28700.0,31920.0,21280.0,25536.0,0.44508422664624814,28.0,47.0,452.76595744680856,140.0,11.680658813285465,False,11578.0,658.79,658.79,270.73,4.54,51.93,36.93,24.78,3.12,10.25,29.82,6.65,12.46,0.45,42.7,0.07,47.01,48.95,2.96,23.99,12.24,9.76,0.0,49.86,1.23,1.91,0.12,0.18,9.34,14.15,7.35,15.58,0.0,289.25,289.25,0.0
RH30NHSA,RH30NHSA,RH,Holz,30 kWh,Nahwärme kalt,hoch,Wendehammer,Sackgasse,346053,346053.1946728351,119313.08466666669,2055.648,21705.600000000002,16722.72,10178.291200000001,1411.2,4641.4368,13502.666666666668,3011.6800000000003,5641.034,205.79999999999998,19334.56,33.04,20869.408000000003,115927.0,1340.6399999999999,104627.5735548864,5541.311999999999,4417.442400000001,0.0,22576,555.6320000000001,866.4000000000001,54.208,81.144,4229.26,6406.96,3326.4000000000005,7056.0,0.0,88237,88237.13805128205,0.0,322.0,RH,Sackgasse,60000.0,5384.0,3554.0,2640.0,10640.0,,,0.21233333333333335,0.47833333333333333,2.5,28700.0,31920.0,21280.0,25536.0,0.44508422664624814,28.0,47.0,452.76595744680856,140.0,13.551581871586588,False,11578.0,764.31,764.31,263.52,4.54,47.94,36.93,22.48,3.12,10.25,29.82,6.65,12.46,0.45,42.7,0.07,46.09,256.04,2.96,231.09,12.24,9.76,0.0,49.86,1.23,1.91,0.12,0.18,9.34,14.15,7.35,15.58,0.0,194.88,194.88,0.0
RH30LHSA,RH30LHSA,RH,Holz,30 kWh,LW Wärmepumpe,hoch,Wendehammer,Sackgasse,276485,276484.66575519915,119313.08466666669,2055.648,21705.600000000002,16722.72,10178.291200000001,1411.2,4641.4368,13502.666666666668,3011.6800000000003,5641.034,205.79999999999998,19334.56,33.04,20869.408000000003,21767.8,1340.6399999999999,10468.366819679999,5541.311999999999,4417.442400000001,0.0,22576,555.6320000000001,866.4000000000001,54.208,81.144,4229.26,6406.96,3326.4000000000005,7056.0,0.0,112828,112827.81586885249,0.0,322.0,RH,Sackgasse,60000.0,5384.0,3554.0,2640.0,10640.0,,,0.21233333333333335,0.47833333333333333,2.5,28700.0,31920.0,21280.0,25536.0,0.44508422664624814,28.0,47.0,452.76595744680856,140.0,10.82725038201751,False,11578.0,610.66,610.66,263.52,4.54,47.94,36.93,22.48,3.12,10.25,29.82,6.65,12.46,0.45,42.7,0.07,46.09,48.08,2.96,23.12,12.24,9.76,0.0,49.86,1.23,1.91,0.12,0.18,9.34,14.15,7.35,15.58,0.0,249.2,249.2,0.0
RH30EHSA,RH30EHSA,RH,Holz,30 kWh,Erdgas,hoch,Wendehammer,Sackgasse,366740,366740.4522126145,119313.08466666669,2055.648,21705.600000000002,16722.72,10178.291200000001,1411.2,4641.4368,13502.666666666668,3011.6800000000003,5641.034,205.79999999999998,19334.56,33.04,20869.408000000003,22602.6,1340.6399999999999,11303.1606126144,5541.311999999999,4417.442400000001,0.0,22576,555.6320000000001,866.4000000000001,54.208,81.144,4229.26,6406.96,3326.4000000000005,7056.0,0.0,202249,202248.80853333336,0.0,322.0,RH,Sackgasse,60000.0,5384.0,3554.0,2640.0,10640.0,,,0.21233333333333335,0.47833333333333333,2.5,28700.0,31920.0,21280.0,25536.0,0.44508422664624814,28.0,47.0,452.76595744680856,140.0,14.361703172486468,False,11578.0,810.0,810.0,263.52,4.54,47.94,36.93,22.48,3.12,10.25,29.82,6.65,12.46,0.45,42.7,0.07,46.09,49.92,2.96,24.96,12.24,9.76,0.0,49.86,1.23,1.91,0.12,0.18,9.34,14.15,7.35,15.58,0.0,446.7,446.7,0.0
RH70NHSA,RH70NHSA,RH,Holz,70 kWh,Nahwärme kalt,hoch,Wendehammer,Sackgasse,428845,428845.00097698456,115634.07506666666,2055.648,19896.800000000003,16722.72,9137.329600000001,1411.2,4641.4368,13502.666666666668,3011.6800000000003,5641.034,205.79999999999998,19334.56,33.04,20040.16,119460.3,1340.6399999999999,108160.9535616,5541.311999999999,4417.442400000001,0.0,22576,555.6320000000001,866.4000000000001,54.208,81.144,4229.26,6406.96,3326.4000000000005,7056.0,0.0,171175,171174.5739487179,0.0,322.0,RH,Sackgasse,60000.0,5384.0,3554.0,2640.0,10640.0,,,0.21233333333333335,0.47833333333333333,2.5,28700.0,31920.0,21280.0,25536.0,0.44508422664624814,28.0,47.0,452.76595744680856,140.0,16.79374220617891,False,11578.0,947.17,947.17,255.39,4.54,43.94,36.93,20.18,3.12,10.25,29.82,6.65,12.46,0.45,42.7,0.07,44.26,263.85,2.96,238.89,12.24,9.76,0.0,49.86,1.23,1.91,0.12,0.18,9.34,14.15,7.35,15.58,0.0,378.07,378.06,0.0
RH70LHSA,RH70LHSA,RH,Holz,70 kWh,LW Wärmepumpe,hoch,Wendehammer,Sackgasse,381154,381154.2141668835,115634.07506666666,2055.648,19896.800000000003,16722.72,9137.329600000001,1411.2,4641.4368,13502.666666666668,3011.6800000000003,5641.034,205.79999999999998,19334.56,33.04,20040.16,24065.2,1340.6399999999999,12765.7772903808,5541.311999999999,4417.442400000001,0.0,22576,555.6320000000001,866.4000000000001,54.208,81.144,4229.26,6406.96,3326.4000000000005,7056.0,0.0,218879,218878.96340983603,0.0,322.0,RH,Sackgasse,60000.0,5384.0,3554.0,2640.0,10640.0,,,0.21233333333333335,0.47833333333333333,2.5,28700.0,31920.0,21280.0,25536.0,0.44508422664624814,28.0,47.0,452.76595744680856,140.0,14.926151870570312,False,11578.0,841.83,841.83,255.39,4.54,43.94,36.93,20.18,3.12,10.25,29.82,6.65,12.46,0.45,42.7,0.07,44.26,53.15,2.96,28.2,12.24,9.76,0.0,49.86,1.23,1.91,0.12,0.18,9.34,14.15,7.35,15.58,0.0,483.43,483.43,0.0
RH70EHSA,RH70EHSA,RH,Holz,70 kWh,Erdgas,hoch,Wendehammer,Sackgasse,555923,555923.4781944533,115634.07506666666,2055.648,19896.800000000003,16722.72,9137.329600000001,1411.2,4641.4368,13502.666666666668,3011.6800000000003,5641.034,205.79999999999998,19334.56,33.04,20040.16,25363.3,1340.6399999999999,14063.86286112,5541.311999999999,4417.442400000001,0.0,22576,555.6320000000001,866.4000000000001,54.208,81.144,4229.26,6406.96,3326.4000000000005,7056.0,0.0,392350,392350.1418666666,0.0,322.0,RH,Sackgasse,60000.0,5384.0,3554.0,2640.0,10640.0,,,0.21233333333333335,0.47833333333333333,2.5,28700.0,31920.0,21280.0,25536.0,0.44508422664624814,28.0,47.0,452.76595744680856,140.0,21.770186332802837,False,11578.0,1227.84,1227.84,255.39,4.54,43.94,36.93,20.18,3.12,10.25,29.82,6.65,12.46,0.45,42.7,0.07,44.26,56.02,2.96,31.06,12.24,9.76,0.0,49.86,1.23,1.91,0.12,0.18,9.34,14.15,7.35,15.58,0.0,866.56,866.56,0.0
RM15NHSA,RM15NHSA,RH,Massiv,15 kWh,Nahwärme kalt,hoch,Wendehammer,Sackgasse,334703,334703.4833671494,140584.09946666664,2055.648,23514.399999999998,16722.72,23710.792,1411.2,4641.4368,13502.666666666668,4824.68,7441.3640000000005,205.79999999999998,21236.32,33.04,21284.032000000003,114407.8,1340.6399999999999,103108.38591073919,5541.311999999999,4417.442400000001,0.0,22576,555.6320000000001,866.4000000000001,54.208,81.144,4229.26,6406.96,3326.4000000000005,7056.0,0.0,57136,57135.59958974361,0.0,322.0,RH,Sackgasse,60000.0,5384.0,3554.0,2640.0,10640.0,,,0.21233333333333335,0.47833333333333333,2.5,28700.0,31920.0,21280.0,25536.0,0.44508422664624814,28.0,47.0,452.76595744680856,140.0,13.107122625593258,False,11578.0,739.24,739.24,310.5,4.54,51.93,36.93,52.37,3.12,10.25,29.82,10.66,16.44,0.45,46.9,0.07,47.01,252.69,2.96,227.73,12.24,9.76,0.0,49.86,1.23,1.91,0.12,0.18,9.34,14.15,7.35,15.58,0.0,126.19,126.19,0.0
RM15LHSA,RM15LHSA,RH,Massiv,15 kWh,LW Wärmepumpe,hoch,Wendehammer,Sackgasse,257112,257111.56945119586,140584.09946666664,2055.648,23514.399999999998,16722.72,23710.792,1411.2,4641.4368,13502.666666666668,4824.68,7441.3640000000005,205.79999999999998,21236.32,33.04,21284.032000000003,20892.8,1340.6399999999999,9593.4360435456,5541.311999999999,4417.442400000001,0.0,22576,555.6320000000001,866.4000000000001,54.208,81.144,4229.26,6406.96,3326.4000000000005,7056.0,0.0,73059,73058.63554098361,0.0,322.0,RH,Sackgasse,60000.0,5384.0,3554.0,2640.0,10640.0,,,0.21233333333333335,0.47833333333333333,2.5,28700.0,31920.0,21280.0,25536.0,0.44508422664624814,28.0,47.0,452.76595744680856,140.0,10.068592162092571,False,11578.0,567.87,567.87,310.5,4.54,51.93,36.93,52.37,3.12,10.25,29.82,10.66,16.44,0.45,46.9,0.07,47.01,46.14,2.96,21.19,12.24,9.76,0.0,49.86,1.23,1.91,0.12,0.18,9.34,14.15,7.35,15.58,0.0,161.36,161.36,0.0
RM15EHSA,RM15EHSA,RH,Massiv,15 kWh,Erdgas,hoch,Wendehammer,Sackgasse,316284,316283.9326560576,140584.09946666664,2055.648,23514.399999999998,16722.72,23710.792,1411.2,4641.4368,13502.666666666668,4824.68,7441.3640000000005,205.79999999999998,21236.32,33.04,21284.032000000003,22163.0,1340.6399999999999,10863.6262560576,5541.311999999999,4417.442400000001,0.0,22576,555.6320000000001,866.4000000000001,54.208,81.144,4229.26,6406.96,3326.4000000000005,7056.0,0.0,130961,130960.80853333334,0.0,322.0,RH,Sackgasse,60000.0,5384.0,3554.0,2640.0,10640.0,,,0.21233333333333335,0.47833333333333333,2.5,28700.0,31920.0,21280.0,25536.0,0.44508422664624814,28.0,47.0,452.76595744680856,140.0,12.385805633460903,False,11578.0,698.56,698.56,310.5,4.54,51.93,36.93,52.37,3.12,10.25,29.82,10.66,16.44,0.45,46.9,0.07,47.01,48.95,2.96,23.99,12.24,9.76,0.0,49.86,1.23,1.91,0.12,0.18,9.34,14.15,7.35,15.58,0.0,289.25,289.25,0.0
RM30NHSA,RM30NHSA,RH,Massiv,30 kWh,Nahwärme kalt,hoch,Wendehammer,Sackgasse,363828,363828.49907283514,137088.38906666668,2055.648,21705.600000000002,16722.72,22438.505600000004,1411.2,4641.4368,13502.666666666668,4824.68,7441.3640000000005,205.79999999999998,21236.32,33.04,20869.408000000003,115927.0,1340.6399999999999,104627.5735548864,5541.311999999999,4417.442400000001,0.0,22576,555.6320000000001,866.4000000000001,54.208,81.144,4229.26,6406.96,3326.4000000000005,7056.0,0.0,88237,88237.13805128205,0.0,322.0,RH,Sackgasse,60000.0,5384.0,3554.0,2640.0,10640.0,,,0.21233333333333335,0.47833333333333333,2.5,28700.0,31920.0,21280.0,25536.0,0.44508422664624814,28.0,47.0,452.76595744680856,140.0,14.247669919832202,False,11578.0,803.57,803.57,302.78,4.54,47.94,36.93,49.56,3.12,10.25,29.82,10.66,16.44,0.45,46.9,0.07,46.09,256.04,2.96,231.09,12.24,9.76,0.0,49.86,1.23,1.91,0.12,0.18,9.34,14.15,7.35,15.58,0.0,194.88,194.88,0.0
RM30LHSA,RM30LHSA,RH,Massiv,30 kWh,LW Wärmepumpe,hoch,Wendehammer,Sackgasse,294260,294259.9701551992,137088.38906666668,2055.648,21705.600000000002,16722.72,22438.505600000004,1411.2,4641.4368,13502.666666666668,4824.68,7441.3640000000005,205.79999999999998,21236.32,33.04,20869.408000000003,21767.8,1340.6399999999999,10468.366819679999,5541.311999999999,4417.442400000001,0.0,22576,555.6320000000001,866.4000000000001,54.208,81.144,4229.26,6406.96,3326.4000000000005,7056.0,0.0,112828,112827.81586885249,0.0,322.0,RH,Sackgasse,60000.0,5384.0,3554.0,2640.0,10640.0,,,0.21233333333333335,0.47833333333333333,2.5,28700.0,31920.0,21280.0,25536.0,0.44508422664624814,28.0,47.0,452.76595744680856,140.0,11.523338430263125,False,11578.0,649.92,649.92,302.78,4.54,47.94,36.93,49.56,3.12,10.25,29.82,10.66,16.44,0.45,46.9,0.07,46.09,48.08,2.96,23.12,12.24,9.76,0.0,49.86,1.23,1.91,0.12,0.18,9.34,14.15,7.35,15.58,0.0,249.2,249.2,0.0
RM30EHSA,RM30EHSA,RH,Massiv,30 kWh,Erdgas,hoch,Wendehammer,Sackgasse,384516,384515.75661261444,137088.38906666668,2055.648,21705.600000000002,16722.72,22438.505600000004,1411.2,4641.4368,13502.666666666668,4824.68,7441.3640000000005,205.79999999999998,21236.32,33.04,20869.408000000003,22602.6,1340.6399999999999,11303.1606126144,5541.311999999999,4417.442400000001,0.0,22576,555.6320000000001,866.4000000000001,54.208,81.144,4229.26,6406.96,3326.4000000000005,7056.0,0.0,202249,202248.80853333336,0.0,322.0,RH,Sackgasse,60000.0,5384.0,3554.0,2640.0,10640.0,,,0.21233333333333335,0.47833333333333333,2.5,28700.0,31920.0,21280.0,25536.0,0.44508422664624814,28.0,47.0,452.76595744680856,140.0,15.057791220732081,False,11578.0,849.26,849.26,302.78,4.54,47.94,36.93,49.56,3.12,10.25,29.82,10.66,16.44,0.45,46.9,0.07,46.09,49.92,2.96,24.96,12.24,9.76,0.0,49.86,1.23,1.91,0.12,0.18,9.34,14.15,7.35,15.58,0.0,446.7,446.7,0.0
RM70NHSA,RM70NHSA,RH,Massiv,70 kWh,Nahwärme kalt,hoch,Wendehammer,Sackgasse,445001,445001.0317769846,131790.10586666665,2055.648,19896.800000000003,16722.72,19778.2704,1411.2,4641.4368,13502.666666666668,4824.68,7441.3640000000005,205.79999999999998,21236.32,33.04,20040.16,119460.3,1340.6399999999999,108160.9535616,5541.311999999999,4417.442400000001,0.0,22576,555.6320000000001,866.4000000000001,54.208,81.144,4229.26,6406.96,3326.4000000000005,7056.0,0.0,171175,171174.5739487179,0.0,322.0,RH,Sackgasse,60000.0,5384.0,3554.0,2640.0,10640.0,,,0.21233333333333335,0.47833333333333333,2.5,28700.0,31920.0,21280.0,25536.0,0.44508422664624814,28.0,47.0,452.76595744680856,140.0,17.42641885091575,False,11578.0,982.85,982.85,291.08,4.54,43.94,36.93,43.68,3.12,10.25,29.82,10.66,16.44,0.45,46.9,0.07,44.26,263.85,2.96,238.89,12.24,9.76,0.0,49.86,1.23,1.91,0.12,0.18,9.34,14.15,7.35,15.58,0.0,378.07,378.06,0.0
RM70LHSA,RM70LHSA,RH,Massiv,70 kWh,LW Wärmepumpe,hoch,Wendehammer,Sackgasse,397310,397310.24496688345,131790.10586666665,2055.648,19896.800000000003,16722.72,19778.2704,1411.2,4641.4368,13502.666666666668,4824.68,7441.3640000000005,205.79999999999998,21236.32,33.04,20040.16,24065.2,1340.6399999999999,12765.7772903808,5541.311999999999,4417.442400000001,0.0,22576,555.6320000000001,866.4000000000001,54.208,81.144,4229.26,6406.96,3326.4000000000005,7056.0,0.0,218879,218878.96340983603,0.0,322.0,RH,Sackgasse,60000.0,5384.0,3554.0,2640.0,10640.0,,,0.21233333333333335,0.47833333333333333,2.5,28700.0,31920.0,21280.0,25536.0,0.44508422664624814,28.0,47.0,452.76595744680856,140.0,15.558828515307155,False,11578.0,877.52,877.52,291.08,4.54,43.94,36.93,43.68,3.12,10.25,29.82,10.66,16.44,0.45,46.9,0.07,44.26,53.15,2.96,28.2,12.24,9.76,0.0,49.86,1.23,1.91,0.12,0.18,9.34,14.15,7.35,15.58,0.0,483.43,483.43,0.0
RM70EHSA,RM70EHSA,RH,Massiv,70 kWh,Erdgas,hoch,Wendehammer,Sackgasse,572080,572079.5089944532,131790.10586666665,2055.648,19896.800000000003,16722.72,19778.2704,1411.2,4641.4368,13502.666666666668,4824.68,7441.3640000000005,205.79999999999998,21236.32,33.04,20040.16,25363.3,1340.6399999999999,14063.86286112,5541.311999999999,4417.442400000001,0.0,22576,555.6320000000001,866.4000000000001,54.208,81.144,4229.26,6406.96,3326.4000000000005,7056.0,0.0,392350,392350.1418666666,0.0,322.0,RH,Sackgasse,60000.0,5384.0,3554.0,2640.0,10640.0,,,0.21233333333333335,0.47833333333333333,2.5,28700.0,31920.0,21280.0,25536.0,0.44508422664624814,28.0,47.0,452.76595744680856,140.0,22.40286297753968,False,11578.0,1263.52,1263.52,291.08,4.54,43.94,36.93,43.68,3.12,10.25,29.82,10.66,16.44,0.45,46.9,0.07,44.26,56.02,2.96,31.06,12.24,9.76,0.0,49.86,1.23,1.91,0.12,0.18,9.34,14.15,7.35,15.58,0.0,866.56,866.56,0.0
ZH15NHSA,ZH15NHSA,ZH,Holz,15 kWh,Nahwärme kalt,hoch,Wendehammer,Sackgasse,836741,836740.8232439385,297287.96945714287,3171.5712000000008,29476.98,44664.151,28759.1704,6081.6,13963.800000000001,30467.802857142862,28766.976000000002,17038.44,1149.12,68975.018,3032.4,21740.94,254057.3,307.79999999999995,206021.71050679559,25096.7808,11190.185280000002,11440.800000000001,142148,295.61,866.4000000000001,28.84,7773.7968,4229.26,6406.96,3326.4000000000005,0.0,119221.20000000001,143247,143247.1104,0.0,522.0,Zeile,Sackgasse,60000.0,5384.0,3554.0,2640.0,13338.0,20520.0,16416.0,0.2223,1.1115,5.0,66690.0,74898.0,53352.0,63663.299999999996,0.32196731144099566,20.0,41.0,1301.2682926829268,684.0,13.143221027561227,True,11578.0,643.02,643.02,228.46,2.44,22.65,34.32,22.1,4.67,10.73,23.41,22.11,13.09,0.88,53.01,2.33,16.71,195.24,0.24,158.32,19.29,8.6,8.79,109.24,0.23,0.67,0.02,5.97,3.25,4.92,2.56,0.0,91.62,110.08,110.08,0.0
ZH15LHSA,ZH15LHSA,ZH,Holz,15 kWh,LW Wärmepumpe,hoch,Wendehammer,Sackgasse,696445,696444.6393402943,297287.96945714287,3171.5712000000008,29476.98,44664.151,28759.1704,6081.6,13963.800000000001,30467.802857142862,28766.976000000002,17038.44,1149.12,68975.018,3032.4,21740.94,73839.8,307.79999999999995,25804.20075397098,25096.7808,11190.185280000002,11440.800000000001,142148,295.61,866.4000000000001,28.84,7773.7968,4229.26,6406.96,3326.4000000000005,0.0,119221.20000000001,183168,183168.43624918035,0.0,522.0,Zeile,Sackgasse,60000.0,5384.0,3554.0,2640.0,13338.0,20520.0,16416.0,0.2223,1.1115,5.0,66690.0,74898.0,53352.0,63663.299999999996,0.32196731144099566,20.0,41.0,1301.2682926829268,684.0,10.939499512910803,True,11578.0,535.2,535.2,228.46,2.44,22.65,34.32,22.1,4.67,10.73,23.41,22.11,13.09,0.88,53.01,2.33,16.71,56.74,0.24,19.83,19.29,8.6,8.79,109.24,0.23,0.67,0.02,5.97,3.25,4.92,2.56,0.0,91.62,140.76,140.76,0.0
ZH15EHSA,ZH15EHSA,ZH,Holz,15 kWh,Erdgas,hoch,Wendehammer,Sackgasse,842609,842608.8013012983,297287.96945714287,3171.5712000000008,29476.98,44664.151,28759.1704,6081.6,13963.800000000001,30467.802857142862,28766.976000000002,17038.44,1149.12,68975.018,3032.4,21740.94,74834.9,307.79999999999995,26799.34328415543,25096.7808,11190.185280000002,11440.800000000001,142148,295.61,866.4000000000001,28.84,7773.7968,4229.26,6406.96,3326.4000000000005,0.0,119221.20000000001,328337,328337.45568,0.0,522.0,Zeile,Sackgasse,60000.0,5384.0,3554.0,2640.0,13338.0,20520.0,16416.0,0.2223,1.1115,5.0,66690.0,74898.0,53352.0,63663.299999999996,0.32196731144099566,20.0,41.0,1301.2682926829268,684.0,13.235393096199827,True,11578.0,647.53,647.53,228.46,2.44,22.65,34.32,22.1,4.67,10.73,23.41,22.11,13.09,0.88,53.01,2.33,16.71,57.51,0.24,20.59,19.29,8.6,8.79,109.24,0.23,0.67,0.02,5.97,3.25,4.92,2.56,0.0,91.62,252.32,252.32,0.0
ZH30NHSA,ZH30NHSA,ZH,Holz,30 kWh,Nahwärme kalt,hoch,Wendehammer,Sackgasse,908956,908956.4239832967,286545.3918571429,3171.5712000000008,27209.52,44664.151,23218.4128,6081.6,13963.800000000001,30467.802857142862,28766.976000000002,17038.44,1149.12,68975.018,3032.4,18806.579999999998,259039.5,307.79999999999995,211003.88884615383,25096.7808,11190.185280000002,11440.800000000001,142148,295.61,866.4000000000001,28.84,7773.7968,4229.26,6406.96,3326.4000000000005,0.0,119221.20000000001,221223,221223.1104,0.0,522.0,Zeile,Sackgasse,60000.0,5384.0,3554.0,2640.0,13338.0,20520.0,16416.0,0.2223,1.1115,5.0,66690.0,74898.0,53352.0,63663.299999999996,0.32196731144099566,20.0,41.0,1301.2682926829268,684.0,14.277557462200306,True,11578.0,698.52,698.52,220.2,2.44,20.91,34.32,17.84,4.67,10.73,23.41,22.11,13.09,0.88,53.01,2.33,14.45,199.07,0.24,162.15,19.29,8.6,8.79,109.24,0.23,0.67,0.02,5.97,3.25,4.92,2.56,0.0,91.62,170.01,170.01,0.0
ZH30LHSA,ZH30LHSA,ZH,Holz,30 kWh,LW Wärmepumpe,hoch,Wendehammer,Sackgasse,789035,789034.5060595621,286545.3918571429,3171.5712000000008,27209.52,44664.151,23218.4128,6081.6,13963.800000000001,30467.802857142862,28766.976000000002,17038.44,1149.12,68975.018,3032.4,18806.579999999998,77465.2,307.79999999999995,29429.62867979618,25096.7808,11190.185280000002,11440.800000000001,142148,295.61,866.4000000000001,28.84,7773.7968,4229.26,6406.96,3326.4000000000005,0.0,119221.20000000001,282875,282875.452642623,0.0,522.0,Zeile,Sackgasse,60000.0,5384.0,3554.0,2640.0,13338.0,20520.0,16416.0,0.2223,1.1115,5.0,66690.0,74898.0,53352.0,63663.299999999996,0.32196731144099566,20.0,41.0,1301.2682926829268,684.0,12.393867519584472,True,11578.0,606.36,606.36,220.2,2.44,20.91,34.32,17.84,4.67,10.73,23.41,22.11,13.09,0.88,53.01,2.33,14.45,59.53,0.24,22.62,19.29,8.6,8.79,109.24,0.23,0.67,0.02,5.97,3.25,4.92,2.56,0.0,91.62,217.38,217.38,0.0
ZH30EHSA,ZH30EHSA,ZH,Holz,30 kWh,Erdgas,hoch,Wendehammer,Sackgasse,1019925,1019924.5785962602,286545.3918571429,3171.5712000000008,27209.52,44664.151,23218.4128,6081.6,13963.800000000001,30467.802857142862,28766.976000000002,17038.44,1149.12,68975.018,3032.4,18806.579999999998,84164.1,307.79999999999995,36128.498179117225,25096.7808,11190.185280000002,11440.800000000001,142148,295.61,866.4000000000001,28.84,7773.7968,4229.26,6406.96,3326.4000000000005,0.0,119221.20000000001,507067,507066.65568,0.0,522.0,Zeile,Sackgasse,60000.0,5384.0,3554.0,2640.0,13338.0,20520.0,16416.0,0.2223,1.1115,5.0,66690.0,74898.0,53352.0,63663.299999999996,0.32196731144099566,20.0,41.0,1301.2682926829268,684.0,16.020604941877977,True,11578.0,783.79,783.79,220.2,2.44,20.91,34.32,17.84,4.67,10.73,23.41,22.11,13.09,0.88,53.01,2.33,14.45,64.68,0.24,27.76,19.29,8.6,8.79,109.24,0.23,0.67,0.02,5.97,3.25,4.92,2.56,0.0,91.62,389.67,389.67,0.0
ZH70NHSA,ZH70NHSA,ZH,Holz,70 kWh,Nahwärme kalt,hoch,Wendehammer,Sackgasse,1119856,1119855.5074722008,278168.68145714287,3171.5712000000008,24942.06,44664.151,20843.8024,6081.6,13963.800000000001,30467.802857142862,28766.976000000002,17038.44,1149.12,68975.018,3032.4,15071.939999999999,270379.2,307.79999999999995,222343.6827350579,25096.7808,11190.185280000002,11440.800000000001,142148,295.61,866.4000000000001,28.84,7773.7968,4229.26,6406.96,3326.4000000000005,0.0,119221.20000000001,429159,429159.1104,0.0,522.0,Zeile,Sackgasse,60000.0,5384.0,3554.0,2640.0,13338.0,20520.0,16416.0,0.2223,1.1115,5.0,66690.0,74898.0,53352.0,63663.299999999996,0.32196731144099566,20.0,41.0,1301.2682926829268,684.0,17.5902836873395,True,11578.0,860.59,860.59,213.77,2.44,19.17,34.32,16.02,4.67,10.73,23.41,22.11,13.09,0.88,53.01,2.33,11.58,207.78,0.24,170.87,19.29,8.6,8.79,109.24,0.23,0.67,0.02,5.97,3.25,4.92,2.56,0.0,91.62,329.8,329.8,0.0
ZH70LHSA,ZH70LHSA,ZH,Holz,70 kWh,LW Wärmepumpe,hoch,Wendehammer,Sackgasse,1053553,1053553.1652697278,278168.68145714287,3171.5712000000008,24942.06,44664.151,20843.8024,6081.6,13963.800000000001,30467.802857142862,28766.976000000002,17038.44,1149.12,68975.018,3032.4,15071.939999999999,84475.2,307.79999999999995,36439.62124078165,25096.7808,11190.185280000002,11440.800000000001,142148,295.61,866.4000000000001,28.84,7773.7968,4229.26,6406.96,3326.4000000000005,0.0,119221.20000000001,548761,548760.8296918034,0.0,522.0,Zeile,Sackgasse,60000.0,5384.0,3554.0,2640.0,13338.0,20520.0,16416.0,0.2223,1.1115,5.0,66690.0,74898.0,53352.0,63663.299999999996,0.32196731144099566,20.0,41.0,1301.2682926829268,684.0,16.548830570669885,True,11578.0,809.64,809.64,213.77,2.44,19.17,34.32,16.02,4.67,10.73,23.41,22.11,13.09,0.88,53.01,2.33,11.58,64.92,0.24,28.0,19.29,8.6,8.79,109.24,0.23,0.67,0.02,5.97,3.25,4.92,2.56,0.0,91.62,421.71,421.71,0.0
ZH70EHSA,ZH70EHSA,ZH,Holz,70 kWh,Erdgas,hoch,Wendehammer,Sackgasse,1492536,1492536.1761009532,278168.68145714287,3171.5712000000008,24942.06,44664.151,20843.8024,6081.6,13963.800000000001,30467.802857142862,28766.976000000002,17038.44,1149.12,68975.018,3032.4,15071.939999999999,88541.2,307.79999999999995,40505.60608381056,25096.7808,11190.185280000002,11440.800000000001,142148,295.61,866.4000000000001,28.84,7773.7968,4229.26,6406.96,3326.4000000000005,0.0,119221.20000000001,983678,983677.8556799998,0.0,522.0,Zeile,Sackgasse,60000.0,5384.0,3554.0,2640.0,13338.0,20520.0,16416.0,0.2223,1.1115,5.0,66690.0,74898.0,53352.0,63663.299999999996,0.32196731144099566,20.0,41.0,1301.2682926829268,684.0,23.444216308311905,True,11578.0,1146.99,1146.99,213.77,2.44,19.17,34.32,16.02,4.67,10.73,23.41,22.11,13.09,0.88,53.01,2.33,11.58,68.04,0.24,31.13,19.29,8.6,8.79,109.24,0.23,0.67,0.02,5.97,3.25,4.92,2.56,0.0,91.62,755.94,755.94,0.0
ZM15NHSA,ZM15NHSA,ZH,Massiv,15 kWh,Nahwärme kalt,hoch,Wendehammer,Sackgasse,914825,914825.1192439386,375372.2654571429,3171.5712000000008,29476.98,44664.151,69655.2384,6081.6,13963.800000000001,30467.802857142862,46663.836,22476.24,1149.12,75759.446,3032.4,28810.08,254057.3,307.79999999999995,206021.71050679559,25096.7808,11190.185280000002,11440.800000000001,142148,295.61,866.4000000000001,28.84,7773.7968,4229.26,6406.96,3326.4000000000005,0.0,119221.20000000001,143247,143247.1104,0.0,522.0,Zeile,Sackgasse,60000.0,5384.0,3554.0,2640.0,13338.0,20520.0,16416.0,0.2223,1.1115,5.0,66690.0,74898.0,53352.0,63663.299999999996,0.32196731144099566,20.0,41.0,1301.2682926829268,684.0,14.36974079640764,True,11578.0,703.03,703.03,288.47,2.44,22.65,34.32,53.53,4.67,10.73,23.41,35.86,17.27,0.88,58.22,2.33,22.14,195.24,0.24,158.32,19.29,8.6,8.79,109.24,0.23,0.67,0.02,5.97,3.25,4.92,2.56,0.0,91.62,110.08,110.08,0.0
ZM15LHSA,ZM15LHSA,ZH,Massiv,15 kWh,LW Wärmepumpe,hoch,Wendehammer,Sackgasse,774529,774528.9353402943,375372.2654571429,3171.5712000000008,29476.98,44664.151,69655.2384,6081.6,13963.800000000001,30467.802857142862,46663.836,22476.24,1149.12,75759.446,3032.4,28810.08,73839.8,307.79999999999995,25804.20075397098,25096.7808,11190.185280000002,11440.800000000001,142148,295.61,866.4000000000001,28.84,7773.7968,4229.26,6406.96,3326.4000000000005,0.0,119221.20000000001,183168,183168.43624918035,0.0,522.0,Zeile,Sackgasse,60000.0,5384.0,3554.0,2640.0,13338.0,20520.0,16416.0,0.2223,1.1115,5.0,66690.0,74898.0,53352.0,63663.299999999996,0.32196731144099566,20.0,41.0,1301.2682926829268,684.0,12.166019281757219,True,11578.0,595.21,595.21,288.47,2.44,22.65,34.32,53.53,4.67,10.73,23.41,35.86,17.27,0.88,58.22,2.33,22.14,56.74,0.24,19.83,19.29,8.6,8.79,109.24,0.23,0.67,0.02,5.97,3.25,4.92,2.56,0.0,91.62,140.76,140.76,0.0
ZM15EHSA,ZM15EHSA,ZH,Massiv,15 kWh,Erdgas,hoch,Wendehammer,Sackgasse,920693,920693.0973012984,375372.2654571429,3171.5712000000008,29476.98,44664.151,69655.2384,6081.6,13963.800000000001,30467.802857142862,46663.836,22476.24,1149.12,75759.446,3032.4,28810.08,74834.9,307.79999999999995,26799.34328415543,25096.7808,11190.185280000002,11440.800000000001,142148,295.61,866.4000000000001,28.84,7773.7968,4229.26,6406.96,3326.4000000000005,0.0,119221.20000000001,328337,328337.45568,0.0,522.0,Zeile,Sackgasse,60000.0,5384.0,3554.0,2640.0,13338.0,20520.0,16416.0,0.2223,1.1115,5.0,66690.0,74898.0,53352.0,63663.299999999996,0.32196731144099566,20.0,41.0,1301.2682926829268,684.0,14.46191286504624,True,11578.0,707.54,707.54,288.47,2.44,22.65,34.32,53.53,4.67,10.73,23.41,35.86,17.27,0.88,58.22,2.33,22.14,57.51,0.24,20.59,19.29,8.6,8.79,109.24,0.23,0.67,0.02,5.97,3.25,4.92,2.56,0.0,91.62,252.32,252.32,0.0
ZM30NHSA,ZM30NHSA,ZH,Massiv,30 kWh,Nahwärme kalt,hoch,Wendehammer,Sackgasse,986794,986794.3607832968,364383.32865714293,3171.5712000000008,27209.52,44664.151,62267.56159999999,6081.6,13963.800000000001,30467.802857142862,46663.836,22476.24,1149.12,75759.446,3032.4,27476.280000000002,259039.5,307.79999999999995,211003.88884615383,25096.7808,11190.185280000002,11440.800000000001,142148,295.61,866.4000000000001,28.84,7773.7968,4229.26,6406.96,3326.4000000000005,0.0,119221.20000000001,221223,221223.1104,0.0,522.0,Zeile,Sackgasse,60000.0,5384.0,3554.0,2640.0,13338.0,20520.0,16416.0,0.2223,1.1115,5.0,66690.0,74898.0,53352.0,63663.299999999996,0.32196731144099566,20.0,41.0,1301.2682926829268,684.0,15.500207510187137,True,11578.0,758.33,758.33,280.02,2.44,20.91,34.32,47.85,4.67,10.73,23.41,35.86,17.27,0.88,58.22,2.33,21.12,199.07,0.24,162.15,19.29,8.6,8.79,109.24,0.23,0.67,0.02,5.97,3.25,4.92,2.56,0.0,91.62,170.01,170.01,0.0
ZM30LHSA,ZM30LHSA,ZH,Massiv,30 kWh,LW Wärmepumpe,hoch,Wendehammer,Sackgasse,866872,866872.4428595621,364383.32865714293,3171.5712000000008,27209.52,44664.151,62267.56159999999,6081.6,13963.800000000001,30467.802857142862,46663.836,22476.24,1149.12,75759.446,3032.4,27476.280000000002,77465.2,307.79999999999995,29429.62867979618,25096.7808,11190.185280000002,11440.800000000001,142148,295.61,866.4000000000001,28.84,7773.7968,4229.26,6406.96,3326.4000000000005,0.0,119221.20000000001,282875,282875.452642623,0.0,522.0,Zeile,Sackgasse,60000.0,5384.0,3554.0,2640.0,13338.0,20520.0,16416.0,0.2223,1.1115,5.0,66690.0,74898.0,53352.0,63663.299999999996,0.32196731144099566,20.0,41.0,1301.2682926829268,684.0,13.6165175675713,True,11578.0,666.17,666.18,280.02,2.44,20.91,34.32,47.85,4.67,10.73,23.41,35.86,17.27,0.88,58.22,2.33,21.12,59.53,0.24,22.62,19.29,8.6,8.79,109.24,0.23,0.67,0.02,5.97,3.25,4.92,2.56,0.0,91.62,217.38,217.38,0.0
ZM30EHSA,ZM30EHSA,ZH,Massiv,30 kWh,Erdgas,hoch,Wendehammer,Sackgasse,1097763,1097762.5153962602,364383.32865714293,3171.5712000000008,27209.52,44664.151,62267.56159999999,6081.6,13963.800000000001,30467.802857142862,46663.836,22476.24,1149.12,75759.446,3032.4,27476.280000000002,84164.1,307.79999999999995,36128.498179117225,25096.7808,11190.185280000002,11440.800000000001,142148,295.61,866.4000000000001,28.84,7773.7968,4229.26,6406.96,3326.4000000000005,0.0,119221.20000000001,507067,507066.65568,0.0,522.0,Zeile,Sackgasse,60000.0,5384.0,3554.0,2640.0,13338.0,20520.0,16416.0,0.2223,1.1115,5.0,66690.0,74898.0,53352.0,63663.299999999996,0.32196731144099566,20.0,41.0,1301.2682926829268,684.0,17.24325498986481,True,11578.0,843.61,843.61,280.02,2.44,20.91,34.32,47.85,4.67,10.73,23.41,35.86,17.27,0.88,58.22,2.33,21.12,64.68,0.24,27.76,19.29,8.6,8.79,109.24,0.23,0.67,0.02,5.97,3.25,4.92,2.56,0.0,91.62,389.67,389.67,0.0
ZM70NHSA,ZM70NHSA,ZH,Massiv,70 kWh,Nahwärme kalt,hoch,Wendehammer,Sackgasse,1194933,1194933.265872201,353246.43985714286,3171.5712000000008,24942.06,44664.151,56199.112799999995,6081.6,13963.800000000001,30467.802857142862,46663.836,22476.24,1149.12,75759.446,3032.4,24675.300000000003,270379.2,307.79999999999995,222343.6827350579,25096.7808,11190.185280000002,11440.800000000001,142148,295.61,866.4000000000001,28.84,7773.7968,4229.26,6406.96,3326.4000000000005,0.0,119221.20000000001,429159,429159.1104,0.0,522.0,Zeile,Sackgasse,60000.0,5384.0,3554.0,2640.0,13338.0,20520.0,16416.0,0.2223,1.1115,5.0,66690.0,74898.0,53352.0,63663.299999999996,0.32196731144099566,20.0,41.0,1301.2682926829268,684.0,18.769577855250997,True,11578.0,918.28,918.28,271.46,2.44,19.17,34.32,43.19,4.67,10.73,23.41,35.86,17.27,0.88,58.22,2.33,18.96,207.78,0.24,170.87,19.29,8.6,8.79,109.24,0.23,0.67,0.02,5.97,3.25,4.92,2.56,0.0,91.62,329.8,329.8,0.0
ZM70LHSA,ZM70LHSA,ZH,Massiv,70 kWh,LW Wärmepumpe,hoch,Wendehammer,Sackgasse,1128631,1128630.923669728,353246.43985714286,3171.5712000000008,24942.06,44664.151,56199.112799999995,6081.6,13963.800000000001,30467.802857142862,46663.836,22476.24,1149.12,75759.446,3032.4,24675.300000000003,84475.2,307.79999999999995,36439.62124078165,25096.7808,11190.185280000002,11440.800000000001,142148,295.61,866.4000000000001,28.84,7773.7968,4229.26,6406.96,3326.4000000000005,0.0,119221.20000000001,548761,548760.8296918034,0.0,522.0,Zeile,Sackgasse,60000.0,5384.0,3554.0,2640.0,13338.0,20520.0,16416.0,0.2223,1.1115,5.0,66690.0,74898.0,53352.0,63663.299999999996,0.32196731144099566,20.0,41.0,1301.2682926829268,684.0,17.72812473858138,True,11578.0,867.33,867.33,271.46,2.44,19.17,34.32,43.19,4.67,10.73,23.41,35.86,17.27,0.88,58.22,2.33,18.96,64.92,0.24,28.0,19.29,8.6,8.79,109.24,0.23,0.67,0.02,5.97,3.25,4.92,2.56,0.0,91.62,421.71,421.71,0.0
ZM70EHSA,ZM70EHSA,ZH,Massiv,70 kWh,Erdgas,hoch,Wendehammer,Sackgasse,1567614,1567613.9345009532,353246.43985714286,3171.5712000000008,24942.06,44664.151,56199.112799999995,6081.6,13963.800000000001,30467.802857142862,46663.836,22476.24,1149.12,75759.446,3032.4,24675.300000000003,88541.2,307.79999999999995,40505.60608381056,25096.7808,11190.185280000002,11440.800000000001,142148,295.61,866.4000000000001,28.84,7773.7968,4229.26,6406.96,3326.4000000000005,0.0,119221.20000000001,983678,983677.8556799998,0.0,522.0,Zeile,Sackgasse,60000.0,5384.0,3554.0,2640.0,13338.0,20520.0,16416.0,0.2223,1.1115,5.0,66690.0,74898.0,53352.0,63663.299999999996,0.32196731144099566,20.0,41.0,1301.2682926829268,684.0,24.6235104762234,True,11578.0,1204.68,1204.68,271.46,2.44,19.17,34.32,43.19,4.67,10.73,23.41,35.86,17.27,0.88,58.22,2.33,18.96,68.04,0.24,31.13,19.29,8.6,8.79,109.24,0.23,0.67,0.02,5.97,3.25,4.92,2.56,0.0,91.62,755.94,755.94,0.0
PH15NHSA,PH15NHSA,PH,Holz,15 kWh,Nahwärme kalt,hoch,Wendehammer,Sackgasse,712205,712204.5568252775,268938.850232967,2773.5197538461543,25777.44,39161.00492307692,31457.560984615386,5629.292307692308,14385.6,26643.908571428572,30121.366153846157,11048.499692307692,502.4492307692308,60476.48861538461,1949.4,19012.32,191753.1,430.92,152234.68352154124,21946.9824,9785.749070769232,7354.8,126244,326.60600000000005,866.4000000000001,31.864,6798.138092307693,4229.26,6406.96,3326.4000000000005,0.0,104258.21538461541,125269,125268.72812307691,0.0,422.0,Punkt,Sackgasse,60000.0,5384.0,3554.0,2640.0,11664.0,17944.615384615387,14355.69230769231,0.1944,0.972,5.0,58320.0,65497.846153846156,46656.0,55673.16923076923,0.35555555555555557,36.0,41.0,1137.9512195121952,598.1538461538462,12.792599499287338,True,11578.0,625.87,625.87,236.34,2.44,22.65,34.41,27.64,4.95,12.64,23.41,26.47,9.71,0.44,53.15,1.71,16.71,168.51,0.38,133.78,19.29,8.6,6.46,110.94,0.29,0.76,0.03,5.97,3.72,5.63,2.92,0.0,91.62,110.08,110.08,0.0
PH15LHSA,PH15LHSA,PH,Holz,15 kWh,LW Wärmepumpe,hoch,Wendehammer,Sackgasse,618047,618047.4942525162,268938.850232967,2773.5197538461543,25777.44,39161.00492307692,31457.560984615386,5629.292307692308,14385.6,26643.908571428572,30121.366153846157,11048.499692307692,502.4492307692308,60476.48861538461,1949.4,19012.32,62685.1,430.92,23166.66393087314,21946.9824,9785.749070769232,7354.8,126244,326.60600000000005,866.4000000000001,31.864,6798.138092307693,4229.26,6406.96,3326.4000000000005,0.0,104258.21538461541,160180,160179.6851409836,0.0,422.0,Punkt,Sackgasse,60000.0,5384.0,3554.0,2640.0,11664.0,17944.615384615387,14355.69230769231,0.1944,0.972,5.0,58320.0,65497.846153846156,46656.0,55673.16923076923,0.35555555555555557,36.0,41.0,1137.9512195121952,598.1538461538462,11.10135282025468,True,11578.0,543.12,543.12,236.34,2.44,22.65,34.41,27.64,4.95,12.64,23.41,26.47,9.71,0.44,53.15,1.71,16.71,55.09,0.38,20.36,19.29,8.6,6.46,110.94,0.29,0.76,0.03,5.97,3.72,5.63,2.92,0.0,91.62,140.76,140.76,0.0
PH15EHSA,PH15EHSA,PH,Holz,15 kWh,Erdgas,hoch,Wendehammer,Sackgasse,745959,745959.4932742817,268938.850232967,2773.5197538461543,25777.44,39161.00492307692,31457.560984615386,5629.292307692308,14385.6,26643.908571428572,30121.366153846157,11048.499692307692,502.4492307692308,60476.48861538461,1949.4,19012.32,63647.7,430.92,24129.237053622295,21946.9824,9785.749070769232,7354.8,126244,326.60600000000005,866.4000000000001,31.864,6798.138092307693,4229.26,6406.96,3326.4000000000005,0.0,104258.21538461541,287129,287129.11104,0.0,422.0,Punkt,Sackgasse,60000.0,5384.0,3554.0,2640.0,11664.0,17944.615384615387,14355.69230769231,0.1944,0.972,5.0,58320.0,65497.846153846156,46656.0,55673.16923076923,0.35555555555555557,36.0,41.0,1137.9512195121952,598.1538461538462,13.398904779108708,True,11578.0,655.53,655.53,236.34,2.44,22.65,34.41,27.64,4.95,12.64,23.41,26.47,9.71,0.44,53.15,1.71,16.71,55.93,0.38,21.2,19.29,8.6,6.46,110.94,0.29,0.76,0.03,5.97,3.72,5.63,2.92,0.0,91.62,252.32,252.32,0.0
PH30NHSA,PH30NHSA,PH,Holz,30 kWh,Nahwärme kalt,hoch,Wendehammer,Sackgasse,774216,774215.7118532074,258329.2592175824,2773.5197538461543,23794.56,39161.00492307692,25396.92996923077,5629.292307692308,14385.6,26643.908571428572,30121.366153846157,11048.499692307692,502.4492307692308,60476.48861538461,1949.4,16446.239999999998,196184.3,430.92,156665.89110331732,21946.9824,9785.749070769232,7354.8,126244,326.60600000000005,866.4000000000001,31.864,6798.138092307693,4229.26,6406.96,3326.4000000000005,0.0,104258.21538461541,193458,193458.26658461534,0.0,422.0,Punkt,Sackgasse,60000.0,5384.0,3554.0,2640.0,11664.0,17944.615384615387,14355.69230769231,0.1944,0.972,5.0,58320.0,65497.846153846156,46656.0,55673.16923076923,0.35555555555555557,36.0,41.0,1137.9512195121952,598.1538461538462,13.906442233314014,True,11578.0,680.36,680.36,227.01,2.44,20.91,34.41,22.32,4.95,12.64,23.41,26.47,9.71,0.44,53.15,1.71,14.45,172.4,0.38,137.67,19.29,8.6,6.46,110.94,0.29,0.76,0.03,5.97,3.72,5.63,2.92,0.0,91.62,170.01,170.01,0.0
PH30LHSA,PH30LHSA,PH,Holz,30 kWh,LW Wärmepumpe,hoch,Wendehammer,Sackgasse,697535,697535.1553084758,258329.2592175824,2773.5197538461543,23794.56,39161.00492307692,25396.92996923077,5629.292307692308,14385.6,26643.908571428572,30121.366153846157,11048.499692307692,502.4492307692308,60476.48861538461,1949.4,16446.239999999998,65589.2,430.92,26070.735674348693,21946.9824,9785.749070769232,7354.8,126244,326.60600000000005,866.4000000000001,31.864,6798.138092307693,4229.26,6406.96,3326.4000000000005,0.0,104258.21538461541,247373,247372.8654688524,0.0,422.0,Punkt,Sackgasse,60000.0,5384.0,3554.0,2640.0,11664.0,17944.615384615387,14355.69230769231,0.1944,0.972,5.0,58320.0,65497.846153846156,46656.0,55673.16923076923,0.35555555555555557,36.0,41.0,1137.9512195121952,598.1538461538462,12.529108095447974,True,11578.0,612.97,612.97,227.01,2.44,20.91,34.41,22.32,4.95,12.64,23.41,26.47,9.71,0.44,53.15,1.71,14.45,57.64,0.38,22.91,19.29,8.6,6.46,110.94,0.29,0.76,0.03,5.97,3.72,5.63,2.92,0.0,91.62,217.38,217.38,0.0
PH30EHSA,PH30EHSA,PH,Holz,30 kWh,Erdgas,hoch,Wendehammer,Sackgasse,897878,897877.998850394,258329.2592175824,2773.5197538461543,23794.56,39161.00492307692,25396.92996923077,5629.292307692308,14385.6,26643.908571428572,30121.366153846157,11048.499692307692,502.4492307692308,60476.48861538461,1949.4,16446.239999999998,69878.2,430.92,30359.73364511926,21946.9824,9785.749070769232,7354.8,126244,326.60600000000005,866.4000000000001,31.864,6798.138092307693,4229.26,6406.96,3326.4000000000005,0.0,104258.21538461541,443427,443426.71103999997,0.0,422.0,Punkt,Sackgasse,60000.0,5384.0,3554.0,2640.0,11664.0,17944.615384615387,14355.69230769231,0.1944,0.972,5.0,58320.0,65497.846153846156,46656.0,55673.16923076923,0.35555555555555557,36.0,41.0,1137.9512195121952,598.1538461538462,16.127660976665908,True,11578.0,789.03,789.03,227.01,2.44,20.91,34.41,22.32,4.95,12.64,23.41,26.47,9.71,0.44,53.15,1.71,14.45,61.41,0.38,26.68,19.29,8.6,6.46,110.94,0.29,0.76,0.03,5.97,3.72,5.63,2.92,0.0,91.62,389.67,389.67,0.0
PH70NHSA,PH70NHSA,PH,Holz,70 kWh,Nahwärme kalt,hoch,Wendehammer,Sackgasse,959294,959293.9517572203,250483.04592527475,2773.5197538461543,21811.68,39161.00492307692,22799.51667692308,5629.292307692308,14385.6,26643.908571428572,30121.366153846157,11048.499692307692,502.4492307692308,60476.48861538461,1949.4,13180.319999999998,207270.0,430.92,167751.57506886858,21946.9824,9785.749070769232,7354.8,126244,326.60600000000005,866.4000000000001,31.864,6798.138092307693,4229.26,6406.96,3326.4000000000005,0.0,104258.21538461541,375297,375297.03581538465,0.0,422.0,Punkt,Sackgasse,60000.0,5384.0,3554.0,2640.0,11664.0,17944.615384615387,14355.69230769231,0.1944,0.972,5.0,58320.0,65497.846153846156,46656.0,55673.16923076923,0.35555555555555557,36.0,41.0,1137.9512195121952,598.1538461538462,17.230812705863375,True,11578.0,843.0,843.0,220.12,2.44,19.17,34.41,20.04,4.95,12.64,23.41,26.47,9.71,0.44,53.15,1.71,11.58,182.14,0.38,147.42,19.29,8.6,6.46,110.94,0.29,0.76,0.03,5.97,3.72,5.63,2.92,0.0,91.62,329.8,329.8,0.0
PH70LHSA,PH70LHSA,PH,Holz,70 kWh,LW Wärmepumpe,hoch,Wendehammer,Sackgasse,929317,929317.4980800226,250483.04592527475,2773.5197538461543,21811.68,39161.00492307692,22799.51667692308,5629.292307692308,14385.6,26643.908571428572,30121.366153846157,11048.499692307692,502.4492307692308,60476.48861538461,1949.4,13180.319999999998,72702.6,430.92,33184.14419721943,21946.9824,9785.749070769232,7354.8,126244,326.60600000000005,866.4000000000001,31.864,6798.138092307693,4229.26,6406.96,3326.4000000000005,0.0,104258.21538461541,479888,479888.0130098361,0.0,422.0,Punkt,Sackgasse,60000.0,5384.0,3554.0,2640.0,11664.0,17944.615384615387,14355.69230769231,0.1944,0.972,5.0,58320.0,65497.846153846156,46656.0,55673.16923076923,0.35555555555555557,36.0,41.0,1137.9512195121952,598.1538461538462,16.69237643411202,True,11578.0,816.66,816.66,220.12,2.44,19.17,34.41,20.04,4.95,12.64,23.41,26.47,9.71,0.44,53.15,1.71,11.58,63.89,0.38,29.16,19.29,8.6,6.46,110.94,0.29,0.76,0.03,5.97,3.72,5.63,2.92,0.0,91.62,421.71,421.71,0.0
PH70EHSA,PH70EHSA,PH,Holz,70 kWh,Erdgas,hoch,Wendehammer,Sackgasse,1313530,1313529.756736566,250483.04592527475,2773.5197538461543,21811.68,39161.00492307692,22799.51667692308,5629.292307692308,14385.6,26643.908571428572,30121.366153846157,11048.499692307692,502.4492307692308,60476.48861538461,1949.4,13180.319999999998,76582.6,430.92,37064.10482359897,21946.9824,9785.749070769232,7354.8,126244,326.60600000000005,866.4000000000001,31.864,6798.138092307693,4229.26,6406.96,3326.4000000000005,0.0,104258.21538461541,860220,860220.3110400001,0.0,422.0,Punkt,Sackgasse,60000.0,5384.0,3554.0,2640.0,11664.0,17944.615384615387,14355.69230769231,0.1944,0.972,5.0,58320.0,65497.846153846156,46656.0,55673.16923076923,0.35555555555555557,36.0,41.0,1137.9512195121952,598.1538461538462,23.593586908837402,True,11578.0,1154.29,1154.29,220.12,2.44,19.17,34.41,20.04,4.95,12.64,23.41,26.47,9.71,0.44,53.15,1.71,11.58,67.3,0.38,32.57,19.29,8.6,6.46,110.94,0.29,0.76,0.03,5.97,3.72,5.63,2.92,0.0,91.62,755.94,755.94,0.0
PM15NHSA,PM15NHSA,PH,Massiv,15 kWh,Nahwärme kalt,hoch,Wendehammer,Sackgasse,791272,791271.6835945083,348005.9770021978,2773.5197538461543,25777.44,39161.00492307692,76190.7899076923,5629.292307692308,14385.6,26643.908571428572,48798.72000000001,14574.616615384615,502.4492307692308,66424.99569230768,1949.4,25194.24,191753.1,430.92,152234.68352154124,21946.9824,9785.749070769232,7354.8,126244,326.60600000000005,866.4000000000001,31.864,6798.138092307693,4229.26,6406.96,3326.4000000000005,0.0,104258.21538461541,125269,125268.72812307691,0.0,422.0,Punkt,Sackgasse,60000.0,5384.0,3554.0,2640.0,11664.0,17944.615384615387,14355.69230769231,0.1944,0.972,5.0,58320.0,65497.846153846156,46656.0,55673.16923076923,0.35555555555555557,36.0,41.0,1137.9512195121952,598.1538461538462,14.212801148693927,True,11578.0,695.35,695.35,305.82,2.44,22.65,34.41,66.95,4.95,12.64,23.41,42.88,12.81,0.44,58.37,1.71,22.14,168.51,0.38,133.78,19.29,8.6,6.46,110.94,0.29,0.76,0.03,5.97,3.72,5.63,2.92,0.0,91.62,110.08,110.08,0.0
PM15LHSA,PM15LHSA,PH,Massiv,15 kWh,LW Wärmepumpe,hoch,Wendehammer,Sackgasse,697115,697114.6210217469,348005.9770021978,2773.5197538461543,25777.44,39161.00492307692,76190.7899076923,5629.292307692308,14385.6,26643.908571428572,48798.72000000001,14574.616615384615,502.4492307692308,66424.99569230768,1949.4,25194.24,62685.1,430.92,23166.66393087314,21946.9824,9785.749070769232,7354.8,126244,326.60600000000005,866.4000000000001,31.864,6798.138092307693,4229.26,6406.96,3326.4000000000005,0.0,104258.21538461541,160180,160179.6851409836,0.0,422.0,Punkt,Sackgasse,60000.0,5384.0,3554.0,2640.0,11664.0,17944.615384615387,14355.69230769231,0.1944,0.972,5.0,58320.0,65497.846153846156,46656.0,55673.16923076923,0.35555555555555557,36.0,41.0,1137.9512195121952,598.1538461538462,12.521554469661274,True,11578.0,612.61,612.61,305.82,2.44,22.65,34.41,66.95,4.95,12.64,23.41,42.88,12.81,0.44,58.37,1.71,22.14,55.09,0.38,20.36,19.29,8.6,6.46,110.94,0.29,0.76,0.03,5.97,3.72,5.63,2.92,0.0,91.62,140.76,140.76,0.0
PM15EHSA,PM15EHSA,PH,Massiv,15 kWh,Erdgas,hoch,Wendehammer,Sackgasse,825027,825026.6200435124,348005.9770021978,2773.5197538461543,25777.44,39161.00492307692,76190.7899076923,5629.292307692308,14385.6,26643.908571428572,48798.72000000001,14574.616615384615,502.4492307692308,66424.99569230768,1949.4,25194.24,63647.7,430.92,24129.237053622295,21946.9824,9785.749070769232,7354.8,126244,326.60600000000005,866.4000000000001,31.864,6798.138092307693,4229.26,6406.96,3326.4000000000005,0.0,104258.21538461541,287129,287129.11104,0.0,422.0,Punkt,Sackgasse,60000.0,5384.0,3554.0,2640.0,11664.0,17944.615384615387,14355.69230769231,0.1944,0.972,5.0,58320.0,65497.846153846156,46656.0,55673.16923076923,0.35555555555555557,36.0,41.0,1137.9512195121952,598.1538461538462,14.819106428515301,True,11578.0,725.01,725.01,305.82,2.44,22.65,34.41,66.95,4.95,12.64,23.41,42.88,12.81,0.44,58.37,1.71,22.14,55.93,0.38,21.2,19.29,8.6,6.46,110.94,0.29,0.76,0.03,5.97,3.72,5.63,2.92,0.0,91.62,252.32,252.32,0.0
PM30NHSA,PM30NHSA,PH,Massiv,30 kWh,Nahwärme kalt,hoch,Wendehammer,Sackgasse,852662,852662.3082839766,336775.85564835166,2773.5197538461543,23794.56,39161.00492307692,68109.94855384614,5629.292307692308,14385.6,26643.908571428572,48798.72000000001,14574.616615384615,502.4492307692308,66424.99569230768,1949.4,24027.84,196184.3,430.92,156665.89110331732,21946.9824,9785.749070769232,7354.8,126244,326.60600000000005,866.4000000000001,31.864,6798.138092307693,4229.26,6406.96,3326.4000000000005,0.0,104258.21538461541,193458,193458.26658461534,0.0,422.0,Punkt,Sackgasse,60000.0,5384.0,3554.0,2640.0,11664.0,17944.615384615387,14355.69230769231,0.1944,0.972,5.0,58320.0,65497.846153846156,46656.0,55673.16923076923,0.35555555555555557,36.0,41.0,1137.9512195121952,598.1538461538462,15.315497933118035,True,11578.0,749.3,749.3,295.95,2.44,20.91,34.41,59.85,4.95,12.64,23.41,42.88,12.81,0.44,58.37,1.71,21.12,172.4,0.38,137.67,19.29,8.6,6.46,110.94,0.29,0.76,0.03,5.97,3.72,5.63,2.92,0.0,91.62,170.01,170.01,0.0
PM30LHSA,PM30LHSA,PH,Massiv,30 kWh,LW Wärmepumpe,hoch,Wendehammer,Sackgasse,775982,775981.7517392451,336775.85564835166,2773.5197538461543,23794.56,39161.00492307692,68109.94855384614,5629.292307692308,14385.6,26643.908571428572,48798.72000000001,14574.616615384615,502.4492307692308,66424.99569230768,1949.4,24027.84,65589.2,430.92,26070.735674348693,21946.9824,9785.749070769232,7354.8,126244,326.60600000000005,866.4000000000001,31.864,6798.138092307693,4229.26,6406.96,3326.4000000000005,0.0,104258.21538461541,247373,247372.8654688524,0.0,422.0,Punkt,Sackgasse,60000.0,5384.0,3554.0,2640.0,11664.0,17944.615384615387,14355.69230769231,0.1944,0.972,5.0,58320.0,65497.846153846156,46656.0,55673.16923076923,0.35555555555555557,36.0,41.0,1137.9512195121952,598.1538461538462,13.938163795251995,True,11578.0,681.91,681.91,295.95,2.44,20.91,34.41,59.85,4.95,12.64,23.41,42.88,12.81,0.44,58.37,1.71,21.12,57.64,0.38,22.91,19.29,8.6,6.46,110.94,0.29,0.76,0.03,5.97,3.72,5.63,2.92,0.0,91.62,217.38,217.38,0.0
PM30EHSA,PM30EHSA,PH,Massiv,30 kWh,Erdgas,hoch,Wendehammer,Sackgasse,976325,976324.5952811632,336775.85564835166,2773.5197538461543,23794.56,39161.00492307692,68109.94855384614,5629.292307692308,14385.6,26643.908571428572,48798.72000000001,14574.616615384615,502.4492307692308,66424.99569230768,1949.4,24027.84,69878.2,430.92,30359.73364511926,21946.9824,9785.749070769232,7354.8,126244,326.60600000000005,866.4000000000001,31.864,6798.138092307693,4229.26,6406.96,3326.4000000000005,0.0,104258.21538461541,443427,443426.71103999997,0.0,422.0,Punkt,Sackgasse,60000.0,5384.0,3554.0,2640.0,11664.0,17944.615384615387,14355.69230769231,0.1944,0.972,5.0,58320.0,65497.846153846156,46656.0,55673.16923076923,0.35555555555555557,36.0,41.0,1137.9512195121952,598.1538461538462,17.53671667646993,True,11578.0,857.97,857.97,295.95,2.44,20.91,34.41,59.85,4.95,12.64,23.41,42.88,12.81,0.44,58.37,1.71,21.12,61.41,0.38,26.68,19.29,8.6,6.46,110.94,0.29,0.76,0.03,5.97,3.72,5.63,2.92,0.0,91.62,389.67,389.67,0.0
PM70NHSA,PM70NHSA,PH,Massiv,70 kWh,Nahwärme kalt,hoch,Wendehammer,Sackgasse,1034517,1034516.6075110664,325705.7016791209,2773.5197538461543,21811.68,39161.00492307692,61472.11458461538,5629.292307692308,14385.6,26643.908571428572,48798.72000000001,14574.616615384615,502.4492307692308,66424.99569230768,1949.4,21578.4,207270.0,430.92,167751.57506886858,21946.9824,9785.749070769232,7354.8,126244,326.60600000000005,866.4000000000001,31.864,6798.138092307693,4229.26,6406.96,3326.4000000000005,0.0,104258.21538461541,375297,375297.03581538465,0.0,422.0,Punkt,Sackgasse,60000.0,5384.0,3554.0,2640.0,11664.0,17944.615384615387,14355.69230769231,0.1944,0.972,5.0,58320.0,65497.846153846156,46656.0,55673.16923076923,0.35555555555555557,36.0,41.0,1137.9512195121952,598.1538461538462,18.581960068106092,True,11578.0,909.1,909.1,286.22,2.44,19.17,34.41,54.02,4.95,12.64,23.41,42.88,12.81,0.44,58.37,1.71,18.96,182.14,0.38,147.42,19.29,8.6,6.46,110.94,0.29,0.76,0.03,5.97,3.72,5.63,2.92,0.0,91.62,329.8,329.8,0.0
PM70LHSA,PM70LHSA,PH,Massiv,70 kWh,LW Wärmepumpe,hoch,Wendehammer,Sackgasse,1004540,1004540.1538338687,325705.7016791209,2773.5197538461543,21811.68,39161.00492307692,61472.11458461538,5629.292307692308,14385.6,26643.908571428572,48798.72000000001,14574.616615384615,502.4492307692308,66424.99569230768,1949.4,21578.4,72702.6,430.92,33184.14419721943,21946.9824,9785.749070769232,7354.8,126244,326.60600000000005,866.4000000000001,31.864,6798.138092307693,4229.26,6406.96,3326.4000000000005,0.0,104258.21538461541,479888,479888.0130098361,0.0,422.0,Punkt,Sackgasse,60000.0,5384.0,3554.0,2640.0,11664.0,17944.615384615387,14355.69230769231,0.1944,0.972,5.0,58320.0,65497.846153846156,46656.0,55673.16923076923,0.35555555555555557,36.0,41.0,1137.9512195121952,598.1538461538462,18.043523796354734,True,11578.0,882.76,882.76,286.22,2.44,19.17,34.41,54.02,4.95,12.64,23.41,42.88,12.81,0.44,58.37,1.71,18.96,63.89,0.38,29.16,19.29,8.6,6.46,110.94,0.29,0.76,0.03,5.97,3.72,5.63,2.92,0.0,91.62,421.71,421.71,0.0
PM70EHSA,PM70EHSA,PH,Massiv,70 kWh,Erdgas,hoch,Wendehammer,Sackgasse,1388752,1388752.4124904121,325705.7016791209,2773.5197538461543,21811.68,39161.00492307692,61472.11458461538,5629.292307692308,14385.6,26643.908571428572,48798.72000000001,14574.616615384615,502.4492307692308,66424.99569230768,1949.4,21578.4,76582.6,430.92,37064.10482359897,21946.9824,9785.749070769232,7354.8,126244,326.60600000000005,866.4000000000001,31.864,6798.138092307693,4229.26,6406.96,3326.4000000000005,0.0,104258.21538461541,860220,860220.3110400001,0.0,422.0,Punkt,Sackgasse,60000.0,5384.0,3554.0,2640.0,11664.0,17944.615384615387,14355.69230769231,0.1944,0.972,5.0,58320.0,65497.846153846156,46656.0,55673.16923076923,0.35555555555555557,36.0,41.0,1137.9512195121952,598.1538461538462,24.944734271080115,True,11578.0,1220.4,1220.4,286.22,2.44,19.17,34.41,54.02,4.95,12.64,23.41,42.88,12.81,0.44,58.37,1.71,18.96,67.3,0.38,32.57,19.29,8.6,6.46,110.94,0.29,0.76,0.03,5.97,3.72,5.63,2.92,0.0,91.62,755.94,755.94,0.0
BH15NHSA,BH15NHSA,BW,Holz,15 kWh,Nahwärme kalt,hoch,Wendehammer,Sackgasse,1075568,1075567.7765149057,372114.48540219787,4391.406276923078,34011.9,61848.50446153846,32554.718092307692,8123.4461538461555,7015.200000000001,42186.188571428575,17505.41538461539,38725.97538461538,994.4307692307692,95512.8803076923,4158.72,25085.699999999997,314170.4,119.7,250732.02541732302,34749.38880000001,15494.102695384616,13075.2,190941,248.25500000000002,866.4000000000001,24.22,10763.718646153848,4229.26,6406.96,3326.4000000000005,0.0,165075.5076923077,198342,198342.1528615385,0.0,622.0,BW,Sackgasse,60000.0,5384.0,3554.0,2640.0,15390.0,28412.30769230769,22729.846153846156,0.2565,1.539,6.0,92340.0,103704.92307692308,73872.0,88149.18461538461,0.27537361923326836,10.0,41.0,1801.7560975609758,947.0769230769231,12.201675843149973,True,11578.0,596.96,596.96,206.53,2.44,18.88,34.33,18.07,4.51,3.89,23.41,9.72,21.49,0.55,53.01,2.31,13.92,174.37,0.07,139.16,19.29,8.6,7.26,105.97,0.14,0.48,0.01,5.97,2.35,3.56,1.85,0.0,91.62,110.08,110.08,0.0
BH15LHSA,BH15LHSA,BW,Holz,15 kWh,LW Wärmepumpe,hoch,Wendehammer,Sackgasse,918032,918032.154321009,372114.48540219787,4391.406276923078,34011.9,61848.50446153846,32554.718092307692,8123.4461538461555,7015.200000000001,42186.188571428575,17505.41538461539,38725.97538461538,994.4307692307692,95512.8803076923,4158.72,25085.699999999997,101359.1,119.7,37920.721278407436,34749.38880000001,15494.102695384616,13075.2,190941,248.25500000000002,866.4000000000001,24.22,10763.718646153848,4229.26,6406.96,3326.4000000000005,0.0,165075.5076923077,253618,253617.8348065574,0.0,622.0,BW,Sackgasse,60000.0,5384.0,3554.0,2640.0,15390.0,28412.30769230769,22729.846153846156,0.2565,1.539,6.0,92340.0,103704.92307692308,73872.0,88149.18461538461,0.27537361923326836,10.0,41.0,1801.7560975609758,947.0769230769231,10.4145280336579,True,11578.0,509.52,509.52,206.53,2.44,18.88,34.33,18.07,4.51,3.89,23.41,9.72,21.49,0.55,53.01,2.31,13.92,56.26,0.07,21.05,19.29,8.6,7.26,105.97,0.14,0.48,0.01,5.97,2.35,3.56,1.85,0.0,91.62,140.76,140.76,0.0
BH15EHSA,BH15EHSA,BW,Holz,15 kWh,Erdgas,hoch,Wendehammer,Sackgasse,1128165,1128164.921357621,372114.48540219787,4391.406276923078,34011.9,61848.50446153846,32554.718092307692,8123.4461538461555,7015.200000000001,42186.188571428575,17505.41538461539,38725.97538461538,994.4307692307692,95512.8803076923,4158.72,25085.699999999997,110488.6,119.7,47050.23064157714,34749.38880000001,15494.102695384616,13075.2,190941,248.25500000000002,866.4000000000001,24.22,10763.718646153848,4229.26,6406.96,3326.4000000000005,0.0,165075.5076923077,454621,454621.09248,0.0,622.0,BW,Sackgasse,60000.0,5384.0,3554.0,2640.0,15390.0,28412.30769230769,22729.846153846156,0.2565,1.539,6.0,92340.0,103704.92307692308,73872.0,88149.18461538461,0.27537361923326836,10.0,41.0,1801.7560975609758,947.0769230769231,12.798359125839529,True,11578.0,626.15,626.15,206.53,2.44,18.88,34.33,18.07,4.51,3.89,23.41,9.72,21.49,0.55,53.01,2.31,13.92,61.32,0.07,26.11,19.29,8.6,7.26,105.97,0.14,0.48,0.01,5.97,2.35,3.56,1.85,0.0,91.62,252.32,252.32,0.0
BH30NHSA,BH30NHSA,BW,Holz,30 kWh,Nahwärme kalt,hoch,Wendehammer,Sackgasse,1178101,1178100.8163186111,359840.3754945055,4391.406276923078,31395.600000000002,61848.50446153846,26282.708184615385,8123.4461538461555,7015.200000000001,42186.188571428575,17505.41538461539,38725.97538461538,994.4307692307692,95512.8803076923,4158.72,21699.899999999998,321010.8,119.7,257572.40589795168,34749.38880000001,15494.102695384616,13075.2,190941,248.25500000000002,866.4000000000001,24.22,10763.718646153848,4229.26,6406.96,3326.4000000000005,0.0,165075.5076923077,306309,306308.9220923077,0.0,622.0,BW,Sackgasse,60000.0,5384.0,3554.0,2640.0,15390.0,28412.30769230769,22729.846153846156,0.2565,1.539,6.0,92340.0,103704.92307692308,73872.0,88149.18461538461,0.27537361923326836,10.0,41.0,1801.7560975609758,947.0769230769231,13.36485211359514,True,11578.0,653.86,653.86,199.72,2.44,17.42,34.33,14.59,4.51,3.89,23.41,9.72,21.49,0.55,53.01,2.31,12.04,178.17,0.07,142.96,19.29,8.6,7.26,105.97,0.14,0.48,0.01,5.97,2.35,3.56,1.85,0.0,91.62,170.01,170.01,0.0
BH30LHSA,BH30LHSA,BW,Holz,30 kWh,LW Wärmepumpe,hoch,Wendehammer,Sackgasse,1048414,1048414.4303428263,359840.3754945055,4391.406276923078,31395.600000000002,61848.50446153846,26282.708184615385,8123.4461538461555,7015.200000000001,42186.188571428575,17505.41538461539,38725.97538461538,994.4307692307692,95512.8803076923,4158.72,21699.899999999998,105959.6,119.7,42521.23835545826,34749.38880000001,15494.102695384616,13075.2,190941,248.25500000000002,866.4000000000001,24.22,10763.718646153848,4229.26,6406.96,3326.4000000000005,0.0,165075.5076923077,391674,391673.7036590164,0.0,622.0,BW,Sackgasse,60000.0,5384.0,3554.0,2640.0,15390.0,28412.30769230769,22729.846153846156,0.2565,1.539,6.0,92340.0,103704.92307692308,73872.0,88149.18461538461,0.27537361923326836,10.0,41.0,1801.7560975609758,947.0769230769231,11.893637302685242,True,11578.0,581.88,581.88,199.72,2.44,17.42,34.33,14.59,4.51,3.89,23.41,9.72,21.49,0.55,53.01,2.31,12.04,58.81,0.07,23.6,19.29,8.6,7.26,105.97,0.14,0.48,0.01,5.97,2.35,3.56,1.85,0.0,91.62,217.38,217.38,0.0
BH30EHSA,BH30EHSA,BW,Holz,30 kWh,Erdgas,hoch,Wendehammer,Sackgasse,1367025,1367025.3690216923,359840.3754945055,4391.406276923078,31395.600000000002,61848.50446153846,26282.708184615385,8123.4461538461555,7015.200000000001,42186.188571428575,17505.41538461539,38725.97538461538,994.4307692307692,95512.8803076923,4158.72,21699.899999999998,114152.0,119.7,50713.58821334063,34749.38880000001,15494.102695384616,13075.2,190941,248.25500000000002,866.4000000000001,24.22,10763.718646153848,4229.26,6406.96,3326.4000000000005,0.0,165075.5076923077,702092,702092.2924800001,0.0,622.0,BW,Sackgasse,60000.0,5384.0,3554.0,2640.0,15390.0,28412.30769230769,22729.846153846156,0.2565,1.539,6.0,92340.0,103704.92307692308,73872.0,88149.18461538461,0.27537361923326836,10.0,41.0,1801.7560975609758,947.0769230769231,15.508088645247735,True,11578.0,758.72,758.72,199.72,2.44,17.42,34.33,14.59,4.51,3.89,23.41,9.72,21.49,0.55,53.01,2.31,12.04,63.36,0.07,28.15,19.29,8.6,7.26,105.97,0.14,0.48,0.01,5.97,2.35,3.56,1.85,0.0,91.62,389.67,389.67,0.0
BH70NHSA,BH70NHSA,BW,Holz,70 kWh,Nahwärme kalt,hoch,Wendehammer,Sackgasse,1469393,1469393.1566586383,350226.8712483517,4391.406276923078,28779.300000000003,61848.50446153846,23594.70393846154,8123.4461538461555,7015.200000000001,42186.188571428575,17505.41538461539,38725.97538461538,994.4307692307692,95512.8803076923,4158.72,17390.699999999997,334005.3,119.7,270566.86586874805,34749.38880000001,15494.102695384616,13075.2,190941,248.25500000000002,866.4000000000001,24.22,10763.718646153848,4229.26,6406.96,3326.4000000000005,0.0,165075.5076923077,594220,594220.3067076923,0.0,622.0,BW,Sackgasse,60000.0,5384.0,3554.0,2640.0,15390.0,28412.30769230769,22729.846153846156,0.2565,1.539,6.0,92340.0,103704.92307692308,73872.0,88149.18461538461,0.27537361923326836,10.0,41.0,1801.7560975609758,947.0769230769231,16.66939022828109,True,11578.0,815.53,815.53,194.38,2.44,15.97,34.33,13.1,4.51,3.89,23.41,9.72,21.49,0.55,53.01,2.31,9.65,185.38,0.07,150.17,19.29,8.6,7.26,105.97,0.14,0.48,0.01,5.97,2.35,3.56,1.85,0.0,91.62,329.8,329.8,0.0
BH70LHSA,BH70LHSA,BW,Holz,70 kWh,LW Wärmepumpe,hoch,Wendehammer,Sackgasse,1413981,1413981.4900713926,350226.8712483517,4391.406276923078,28779.300000000003,61848.50446153846,23594.70393846154,8123.4461538461555,7015.200000000001,42186.188571428575,17505.41538461539,38725.97538461538,994.4307692307692,95512.8803076923,4158.72,17390.699999999997,112991.2,119.7,49552.81872362083,34749.38880000001,15494.102695384616,13075.2,190941,248.25500000000002,866.4000000000001,24.22,10763.718646153848,4229.26,6406.96,3326.4000000000005,0.0,165075.5076923077,759823,759822.6872655738,0.0,622.0,BW,Sackgasse,60000.0,5384.0,3554.0,2640.0,15390.0,28412.30769230769,22729.846153846156,0.2565,1.539,6.0,92340.0,103704.92307692308,73872.0,88149.18461538461,0.27537361923326836,10.0,41.0,1801.7560975609758,947.0769230769231,16.040777872658975,True,11578.0,784.78,784.78,194.38,2.44,15.97,34.33,13.1,4.51,3.89,23.41,9.72,21.49,0.55,53.01,2.31,9.65,62.71,0.07,27.5,19.29,8.6,7.26,105.97,0.14,0.48,0.01,5.97,2.35,3.56,1.85,0.0,91.62,421.71,421.71,0.0
BH70EHSA,BH70EHSA,BW,Holz,70 kWh,Erdgas,hoch,Wendehammer,Sackgasse,2021169,2021168.9799745325,350226.8712483517,4391.406276923078,28779.300000000003,61848.50446153846,23594.70393846154,8123.4461538461555,7015.200000000001,42186.188571428575,17505.41538461539,38725.97538461538,994.4307692307692,95512.8803076923,4158.72,17390.699999999997,117985.9,119.7,54547.503412334845,34749.38880000001,15494.102695384616,13075.2,190941,248.25500000000002,866.4000000000001,24.22,10763.718646153848,4229.26,6406.96,3326.4000000000005,0.0,165075.5076923077,1362015,1362015.4924799998,0.0,622.0,BW,Sackgasse,60000.0,5384.0,3554.0,2640.0,15390.0,28412.30769230769,22729.846153846156,0.2565,1.539,6.0,92340.0,103704.92307692308,73872.0,88149.18461538461,0.27537361923326836,10.0,41.0,1801.7560975609758,947.0769230769231,22.92895831984564,True,11578.0,1121.78,1121.78,194.38,2.44,15.97,34.33,13.1,4.51,3.89,23.41,9.72,21.49,0.55,53.01,2.31,9.65,65.48,0.07,30.27,19.29,8.6,7.26,105.97,0.14,0.48,0.01,5.97,2.35,3.56,1.85,0.0,91.62,755.94,755.94,0.0
BM15NHSA,BM15NHSA,BW,Massiv,15 kWh,Nahwärme kalt,hoch,Wendehammer,Sackgasse,1162663,1162663.330976444,459210.0398637363,4391.406276923078,34011.9,61848.50446153846,78848.12455384615,8123.4461538461555,7015.200000000001,42186.188571428575,28396.800000000007,51085.32923076923,994.4307692307692,104907.58984615385,4158.72,33242.4,314170.4,119.7,250732.02541732302,34749.38880000001,15494.102695384616,13075.2,190941,248.25500000000002,866.4000000000001,24.22,10763.718646153848,4229.26,6406.96,3326.4000000000005,0.0,165075.5076923077,198342,198342.1528615385,0.0,622.0,BW,Sackgasse,60000.0,5384.0,3554.0,2640.0,15390.0,28412.30769230769,22729.846153846156,0.2565,1.539,6.0,92340.0,103704.92307692308,73872.0,88149.18461538461,0.27537361923326836,10.0,41.0,1801.7560975609758,947.0769230769231,13.189723036570495,True,11578.0,645.29,645.29,254.87,2.44,18.88,34.33,43.76,4.51,3.89,23.41,15.76,28.35,0.55,58.23,2.31,18.45,174.37,0.07,139.16,19.29,8.6,7.26,105.97,0.14,0.48,0.01,5.97,2.35,3.56,1.85,0.0,91.62,110.08,110.08,0.0
BM15LHSA,BM15LHSA,BW,Massiv,15 kWh,LW Wärmepumpe,hoch,Wendehammer,Sackgasse,1005128,1005127.7087825473,459210.0398637363,4391.406276923078,34011.9,61848.50446153846,78848.12455384615,8123.4461538461555,7015.200000000001,42186.188571428575,28396.800000000007,51085.32923076923,994.4307692307692,104907.58984615385,4158.72,33242.4,101359.1,119.7,37920.721278407436,34749.38880000001,15494.102695384616,13075.2,190941,248.25500000000002,866.4000000000001,24.22,10763.718646153848,4229.26,6406.96,3326.4000000000005,0.0,165075.5076923077,253618,253617.8348065574,0.0,622.0,BW,Sackgasse,60000.0,5384.0,3554.0,2640.0,15390.0,28412.30769230769,22729.846153846156,0.2565,1.539,6.0,92340.0,103704.92307692308,73872.0,88149.18461538461,0.27537361923326836,10.0,41.0,1801.7560975609758,947.0769230769231,11.402575227078424,True,11578.0,557.86,557.86,254.87,2.44,18.88,34.33,43.76,4.51,3.89,23.41,15.76,28.35,0.55,58.23,2.31,18.45,56.26,0.07,21.05,19.29,8.6,7.26,105.97,0.14,0.48,0.01,5.97,2.35,3.56,1.85,0.0,91.62,140.76,140.76,0.0
BM15EHSA,BM15EHSA,BW,Massiv,15 kWh,Erdgas,hoch,Wendehammer,Sackgasse,1215260,1215260.4758191598,459210.0398637363,4391.406276923078,34011.9,61848.50446153846,78848.12455384615,8123.4461538461555,7015.200000000001,42186.188571428575,28396.800000000007,51085.32923076923,994.4307692307692,104907.58984615385,4158.72,33242.4,110488.6,119.7,47050.23064157714,34749.38880000001,15494.102695384616,13075.2,190941,248.25500000000002,866.4000000000001,24.22,10763.718646153848,4229.26,6406.96,3326.4000000000005,0.0,165075.5076923077,454621,454621.09248,0.0,622.0,BW,Sackgasse,60000.0,5384.0,3554.0,2640.0,15390.0,28412.30769230769,22729.846153846156,0.2565,1.539,6.0,92340.0,103704.92307692308,73872.0,88149.18461538461,0.27537361923326836,10.0,41.0,1801.7560975609758,947.0769230769231,13.786406319260053,True,11578.0,674.49,674.49,254.87,2.44,18.88,34.33,43.76,4.51,3.89,23.41,15.76,28.35,0.55,58.23,2.31,18.45,61.32,0.07,26.11,19.29,8.6,7.26,105.97,0.14,0.48,0.01,5.97,2.35,3.56,1.85,0.0,91.62,252.32,252.32,0.0
BM30NHSA,BM30NHSA,BW,Massiv,30 kWh,Nahwärme kalt,hoch,Wendehammer,Sackgasse,1264953,1264952.5008109189,446692.0599868132,4391.406276923078,31395.600000000002,61848.50446153846,70485.44467692307,8123.4461538461555,7015.200000000001,42186.188571428575,28396.800000000007,51085.32923076923,994.4307692307692,104907.58984615385,4158.72,31703.4,321010.8,119.7,257572.40589795168,34749.38880000001,15494.102695384616,13075.2,190941,248.25500000000002,866.4000000000001,24.22,10763.718646153848,4229.26,6406.96,3326.4000000000005,0.0,165075.5076923077,306309,306308.9220923077,0.0,622.0,BW,Sackgasse,60000.0,5384.0,3554.0,2640.0,15390.0,28412.30769230769,22729.846153846156,0.2565,1.539,6.0,92340.0,103704.92307692308,73872.0,88149.18461538461,0.27537361923326836,10.0,41.0,1801.7560975609758,947.0769230769231,14.350132747457627,True,11578.0,702.07,702.07,247.92,2.44,17.42,34.33,39.12,4.51,3.89,23.41,15.76,28.35,0.55,58.23,2.31,17.6,178.17,0.07,142.96,19.29,8.6,7.26,105.97,0.14,0.48,0.01,5.97,2.35,3.56,1.85,0.0,91.62,170.01,170.01,0.0
BM30LHSA,BM30LHSA,BW,Massiv,30 kWh,LW Wärmepumpe,hoch,Wendehammer,Sackgasse,1135266,1135266.114835134,446692.0599868132,4391.406276923078,31395.600000000002,61848.50446153846,70485.44467692307,8123.4461538461555,7015.200000000001,42186.188571428575,28396.800000000007,51085.32923076923,994.4307692307692,104907.58984615385,4158.72,31703.4,105959.6,119.7,42521.23835545826,34749.38880000001,15494.102695384616,13075.2,190941,248.25500000000002,866.4000000000001,24.22,10763.718646153848,4229.26,6406.96,3326.4000000000005,0.0,165075.5076923077,391674,391673.7036590164,0.0,622.0,BW,Sackgasse,60000.0,5384.0,3554.0,2640.0,15390.0,28412.30769230769,22729.846153846156,0.2565,1.539,6.0,92340.0,103704.92307692308,73872.0,88149.18461538461,0.27537361923326836,10.0,41.0,1801.7560975609758,947.0769230769231,12.87891793654773,True,11578.0,630.09,630.09,247.92,2.44,17.42,34.33,39.12,4.51,3.89,23.41,15.76,28.35,0.55,58.23,2.31,17.6,58.81,0.07,23.6,19.29,8.6,7.26,105.97,0.14,0.48,0.01,5.97,2.35,3.56,1.85,0.0,91.62,217.38,217.38,0.0
BM30EHSA,BM30EHSA,BW,Massiv,30 kWh,Erdgas,hoch,Wendehammer,Sackgasse,1453877,1453877.053514,446692.0599868132,4391.406276923078,31395.600000000002,61848.50446153846,70485.44467692307,8123.4461538461555,7015.200000000001,42186.188571428575,28396.800000000007,51085.32923076923,994.4307692307692,104907.58984615385,4158.72,31703.4,114152.0,119.7,50713.58821334063,34749.38880000001,15494.102695384616,13075.2,190941,248.25500000000002,866.4000000000001,24.22,10763.718646153848,4229.26,6406.96,3326.4000000000005,0.0,165075.5076923077,702092,702092.2924800001,0.0,622.0,BW,Sackgasse,60000.0,5384.0,3554.0,2640.0,15390.0,28412.30769230769,22729.846153846156,0.2565,1.539,6.0,92340.0,103704.92307692308,73872.0,88149.18461538461,0.27537361923326836,10.0,41.0,1801.7560975609758,947.0769230769231,16.493369279110222,True,11578.0,806.92,806.92,247.92,2.44,17.42,34.33,39.12,4.51,3.89,23.41,15.76,28.35,0.55,58.23,2.31,17.6,63.36,0.07,28.15,19.29,8.6,7.26,105.97,0.14,0.48,0.01,5.97,2.35,3.56,1.85,0.0,91.62,389.67,389.67,0.0
BM70NHSA,BM70NHSA,BW,Massiv,70 kWh,Nahwärme kalt,hoch,Wendehammer,Sackgasse,1553141,1553140.8012124845,433974.5158021978,4391.406276923078,28779.300000000003,61848.50446153846,63616.10049230769,8123.4461538461555,7015.200000000001,42186.188571428575,28396.800000000007,51085.32923076923,994.4307692307692,104907.58984615385,4158.72,28471.5,334005.3,119.7,270566.86586874805,34749.38880000001,15494.102695384616,13075.2,190941,248.25500000000002,866.4000000000001,24.22,10763.718646153848,4229.26,6406.96,3326.4000000000005,0.0,165075.5076923077,594220,594220.3067076923,0.0,622.0,BW,Sackgasse,60000.0,5384.0,3554.0,2640.0,15390.0,28412.30769230769,22729.846153846156,0.2565,1.539,6.0,92340.0,103704.92307692308,73872.0,88149.18461538461,0.27537361923326836,10.0,41.0,1801.7560975609758,947.0769230769231,17.619457377730704,True,11578.0,862.02,862.02,240.86,2.44,15.97,34.33,35.31,4.51,3.89,23.41,15.76,28.35,0.55,58.23,2.31,15.8,185.38,0.07,150.17,19.29,8.6,7.26,105.97,0.14,0.48,0.01,5.97,2.35,3.56,1.85,0.0,91.62,329.8,329.8,0.0
BM70LHSA,BM70LHSA,BW,Massiv,70 kWh,LW Wärmepumpe,hoch,Wendehammer,Sackgasse,1497729,1497729.1346252386,433974.5158021978,4391.406276923078,28779.300000000003,61848.50446153846,63616.10049230769,8123.4461538461555,7015.200000000001,42186.188571428575,28396.800000000007,51085.32923076923,994.4307692307692,104907.58984615385,4158.72,28471.5,112991.2,119.7,49552.81872362083,34749.38880000001,15494.102695384616,13075.2,190941,248.25500000000002,866.4000000000001,24.22,10763.718646153848,4229.26,6406.96,3326.4000000000005,0.0,165075.5076923077,759823,759822.6872655738,0.0,622.0,BW,Sackgasse,60000.0,5384.0,3554.0,2640.0,15390.0,28412.30769230769,22729.846153846156,0.2565,1.539,6.0,92340.0,103704.92307692308,73872.0,88149.18461538461,0.27537361923326836,10.0,41.0,1801.7560975609758,947.0769230769231,16.990845022108587,True,11578.0,831.26,831.26,240.86,2.44,15.97,34.33,35.31,4.51,3.89,23.41,15.76,28.35,0.55,58.23,2.31,15.8,62.71,0.07,27.5,19.29,8.6,7.26,105.97,0.14,0.48,0.01,5.97,2.35,3.56,1.85,0.0,91.62,421.71,421.71,0.0
BM70EHSA,BM70EHSA,BW,Massiv,70 kWh,Erdgas,hoch,Wendehammer,Sackgasse,2104917,2104916.6245283787,433974.5158021978,4391.406276923078,28779.300000000003,61848.50446153846,63616.10049230769,8123.4461538461555,7015.200000000001,42186.188571428575,28396.800000000007,51085.32923076923,994.4307692307692,104907.58984615385,4158.72,28471.5,117985.9,119.7,54547.503412334845,34749.38880000001,15494.102695384616,13075.2,190941,248.25500000000002,866.4000000000001,24.22,10763.718646153848,4229.26,6406.96,3326.4000000000005,0.0,165075.5076923077,1362015,1362015.4924799998,0.0,622.0,BW,Sackgasse,60000.0,5384.0,3554.0,2640.0,15390.0,28412.30769230769,22729.846153846156,0.2565,1.539,6.0,92340.0,103704.92307692308,73872.0,88149.18461538461,0.27537361923326836,10.0,41.0,1801.7560975609758,947.0769230769231,23.879025469295257,True,11578.0,1168.26,1168.26,240.86,2.44,15.97,34.33,35.31,4.51,3.89,23.41,15.76,28.35,0.55,58.23,2.31,15.8,65.48,0.07,30.27,19.29,8.6,7.26,105.97,0.14,0.48,0.01,5.97,2.35,3.56,1.85,0.0,91.62,755.94,755.94,0.0
,,,,,,,,,604371,,,2326.0014567521453,22926.970666666675,26269.167935327507,27299.870477074997,3400.00649572649,8476.706244444424,18613.283114638376,15367.104562393168,13401.23392329059,442.5045213675223,39779.5273663818,1203.278518518518,19809.888888888927,,697.2472222222235,61625.55299252101,13439.897706666696,6654.547353424476,3662.266666666666,,439.57504629629733,1048.8000000000072,42.88537037037039,,5252.659999999903,6781.41333333333,3964.7999999999756,2298.800000000004,55234.32923076938,,240284.29252276215,0.0,,,,,,,,,,,,,,,,,,,,,,,,False,,,,,,,,,,,,,,,,,,,,,,,,,,,,,,,,,,,,
,,,,,,,,,604371,,,2326.0014567521453,22926.970666666675,26269.167935327507,27299.870477074997,3400.00649572649,8476.706244444424,18613.283114638376,15367.104562393168,13401.23392329059,442.5045213675223,39779.5273663818,1203.278518518518,19809.888888888927,,697.2472222222235,61625.55299252101,13439.897706666696,6654.547353424476,3662.266666666666,,439.57504629629733,1048.8000000000072,42.88537037037039,,5252.659999999903,6781.41333333333,3964.7999999999756,2298.800000000004,55234.32923076938,,240284.29252276215,0.0,,,,,,,,,,,,,,,,,0.0,,,,,,,False,,,,,,,,,,,,,,,,,,,,,,,,,,,,,,,,,,,,
,,,,,,,,,604371,,,2326.0014567521453,22926.970666666675,26269.167935327507,27299.870477074997,3400.00649572649,8476.706244444424,18613.283114638376,15367.104562393168,13401.23392329059,442.5045213675223,39779.5273663818,1203.278518518518,19809.888888888927,,697.2472222222235,61625.55299252101,13439.897706666696,6654.547353424476,3662.266666666666,,439.57504629629733,1048.8000000000072,42.88537037037039,,5252.659999999903,6781.41333333333,3964.7999999999756,2298.800000000004,55234.32923076938,,240284.29252276215,0.0,,,,,,,,,,,,,,,,,,,,,,,,False,,,,,,,,,,,,,,,,,,,,,,,,,,,,,,,,,,,,
,,,,,,,,,604371,,,2326.0014567521453,22926.970666666675,26269.167935327507,27299.870477074997,3400.00649572649,8476.706244444424,18613.283114638376,15367.104562393168,13401.23392329059,442.5045213675223,39779.5273663818,1203.278518518518,19809.888888888927,,697.2472222222235,61625.55299252101,13439.897706666696,6654.547353424476,3662.266666666666,,439.57504629629733,1048.8000000000072,42.88537037037039,,5252.659999999903,6781.41333333333,3964.7999999999756,2298.800000000004,55234.32923076938,,240284.29252276215,0.0,,,,,,,,,,,,,,,,,0.0,,,,,,,False,,,,,,,,,,,,,,,,,,,,,,,,,,,,,,,,,,,,
,,,,,,,,,604371,,,2326.0014567521453,22926.970666666675,26269.167935327507,27299.870477074997,3400.00649572649,8476.706244444424,18613.283114638376,15367.104562393168,13401.23392329059,442.5045213675223,39779.5273663818,1203.278518518518,19809.888888888927,,697.2472222222235,61625.55299252101,13439.897706666696,6654.547353424476,3662.266666666666,,439.57504629629733,1048.8000000000072,42.88537037037039,,5252.659999999903,6781.41333333333,3964.7999999999756,2298.800000000004,55234.32923076938,,240284.29252276215,0.0,,,,,,,,,,,,,,,,,,,,,,,,False,,,,,,,,,,,,,,,,,,,,,,,,,,,,,,,,,,,,
,,,,,,,,,604371,,,2326.0014567521453,22926.970666666675,26269.167935327507,27299.870477074997,3400.00649572649,8476.706244444424,18613.283114638376,15367.104562393168,13401.23392329059,442.5045213675223,39779.5273663818,1203.278518518518,19809.888888888927,,697.2472222222235,61625.55299252101,13439.897706666696,6654.547353424476,3662.266666666666,,439.57504629629733,1048.8000000000072,42.88537037037039,,5252.659999999903,6781.41333333333,3964.7999999999756,2298.800000000004,55234.32923076938,,240284.29252276215,0.0,,,,,,,,,,,,,,,,0.0,0.0,,,,,,,False,,,,,,,,,,,,,,,,,,,,,,,,,,,,,,,,,,,,
,,,,,,,,,604371,,,2326.0014567521453,22926.970666666675,26269.167935327507,27299.870477074997,3400.00649572649,8476.706244444424,18613.283114638376,15367.104562393168,13401.23392329059,442.5045213675223,39779.5273663818,1203.278518518518,19809.888888888927,,697.2472222222235,61625.55299252101,13439.897706666696,6654.547353424476,3662.266666666666,,439.57504629629733,1048.8000000000072,42.88537037037039,,5252.659999999903,6781.41333333333,3964.7999999999756,2298.800000000004,55234.32923076938,,240284.29252276215,0.0,,,,,,,,,,,,,,,,,,,,,,,,False,,,,,,,,,,,,,,,,,,,,,,,,,,,,,,,,,,,,
,,,,,,,,,604371,,,2326.0014567521453,22926.970666666675,26269.167935327507,27299.870477074997,3400.00649572649,8476.706244444424,18613.283114638376,15367.104562393168,13401.23392329059,442.5045213675223,39779.5273663818,1203.278518518518,19809.888888888927,,697.2472222222235,61625.55299252101,13439.897706666696,6654.547353424476,3662.266666666666,,439.57504629629733,1048.8000000000072,42.88537037037039,,5252.659999999903,6781.41333333333,3964.7999999999756,2298.800000000004,55234.32923076938,,240284.29252276215,0.0,,,,,,,,,,,,,,,,,0.0,,,,,,,False,,,,,,,,,,,,,,,,,,,,,,,,,,,,,,,,,,,,
,,,,,,,,,604371,,,2326.0014567521453,22926.970666666675,26269.167935327507,27299.870477074997,3400.00649572649,8476.706244444424,18613.283114638376,15367.104562393168,13401.23392329059,442.5045213675223,39779.5273663818,1203.278518518518,19809.888888888927,,697.2472222222235,61625.55299252101,13439.897706666696,6654.547353424476,3662.266666666666,,439.57504629629733,1048.8000000000072,42.88537037037039,,5252.659999999903,6781.41333333333,3964.7999999999756,2298.800000000004,55234.32923076938,,240284.29252276215,0.0,,,,,,,,,,,,,,,,,,,,,,,,False,,,,,,,,,,,,,,,,,,,,,,,,,,,,,,,,,,,,
,,,,,,,,,604371,,,2326.0014567521453,22926.970666666675,26269.167935327507,27299.870477074997,3400.00649572649,8476.706244444424,18613.283114638376,15367.104562393168,13401.23392329059,442.5045213675223,39779.5273663818,1203.278518518518,19809.888888888927,,697.2472222222235,61625.55299252101,13439.897706666696,6654.547353424476,3662.266666666666,,439.57504629629733,1048.8000000000072,42.88537037037039,,5252.659999999903,6781.41333333333,3964.7999999999756,2298.800000000004,55234.32923076938,,240284.29252276215,0.0,,,,,,,,,,,,,,,,,0.0,,,,,,,False,,,,,,,,,,,,,,,,,,,,,,,,,,,,,,,,,,,,
,,,,,,,,,604371,,,2326.0014567521453,22926.970666666675,26269.167935327507,27299.870477074997,3400.00649572649,8476.706244444424,18613.283114638376,15367.104562393168,13401.23392329059,442.5045213675223,39779.5273663818,1203.278518518518,19809.888888888927,,697.2472222222235,61625.55299252101,13439.897706666696,6654.547353424476,3662.266666666666,,439.57504629629733,1048.8000000000072,42.88537037037039,,5252.659999999903,6781.41333333333,3964.7999999999756,2298.800000000004,55234.32923076938,,240284.29252276215,0.0,,,,,,,,,,,,,,,,,,,,,,,,False,,,,,,,,,,,,,,,,,,,,,,,,,,,,,,,,,,,,
,,,,,,,,,604371,,,2326.0014567521453,22926.970666666675,26269.167935327507,27299.870477074997,3400.00649572649,8476.706244444424,18613.283114638376,15367.104562393168,13401.23392329059,442.5045213675223,39779.5273663818,1203.278518518518,19809.888888888927,,697.2472222222235,61625.55299252101,13439.897706666696,6654.547353424476,3662.266666666666,,439.57504629629733,1048.8000000000072,42.88537037037039,,5252.659999999903,6781.41333333333,3964.7999999999756,2298.800000000004,55234.32923076938,,240284.29252276215,0.0,,,,,,,,,,,,,,,,,0.0,,,,,,,False,,,,,,,,,,,,,,,,,,,,,,,,,,,,,,,,,,,,
